Date,AAPL,CAT,JNJ,JPM,KO,MSFT,NVDA,SPY,V,WMT,XOM
2018-01-03,-0.00017393327555770277,0.0015283149274196717,0.009552570833235574,0.0010189355535976663,-0.002195963791974842,0.004653838864489002,0.06581400559453487,0.006325476121188389,0.009955429298143859,0.008723133429847874,0.019640101708676472
2018-01-04,0.004644523142835144,0.013733495937416906,-7.102195237096431e-05,0.014325620709904952,0.014084683843694323,0.00880158473684367,0.005271339614091319,0.004214489856062542,0.0037182704356959473,0.0009046481543051321,0.001384210662357166
2018-01-05,0.011385412027629327,0.015805177205305387,0.00825319978336414,-0.006419432254688218,-0.00021732435719512555,0.012397921484134988,0.008474505015729106,0.006664022934303571,0.02394905397016389,0.005927210125997506,-0.0008062758659037605
2018-01-08,-0.003713932716896573,0.025129891001182125,0.0012699264895110751,0.0014765843280255542,-0.0015192325953609087,0.0010204843261505392,0.03064062657028299,0.0018286145825752165,0.004038267859346023,0.01478108667771405,0.0044957056564600695
2018-01-09,-0.00011493988213606698,0.00240897512282201,0.015857210669107058,0.0050693400559544965,0.005000145027065139,-0.0006796607944263844,-0.0002704367645081085,0.002263607262553702,-0.0019273154281992388,-0.012006887736791483,-0.004246175841220778
2018-01-10,-0.00022943813960207837,-0.003364504216836539,-0.001179192886566871,0.011004081107654606,-0.0034612938808130655,-0.004534090683702696,0.007839915204841397,-0.0015298685224723885,-0.0010914262195469426,-0.0071720886320382204,-0.007952212073379927
2018-01-11,0.005680248258290277,0.020075930445595302,0.005695642742189033,0.00535142889147644,-0.0006508228360113666,0.0029605919817712323,0.001788363747747379,0.007295716081923365,0.007227930857529374,0.003511687665103569,0.009874605328583863
2018-01-12,0.010326014751369739,0.006501160956335017,0.006698991187697789,0.01651011467321517,0.0023890895657570077,0.017257043523273286,-0.004909113111602137,0.00651917212317743,0.0020861064016297615,0.00849840955108827,0.006787375728678935
2018-01-16,-0.005081948586508123,-0.005813133868821985,0.007547143092716091,-0.003550063695870742,0.008233870245743624,-0.013950920879810091,-0.012870742473952479,-0.003418274453704795,0.002498345607150121,-0.0017847970863783535,-0.006284155233074129
2018-01-17,0.01651622571746003,-0.004784226523946278,0.0008170165903624849,0.00641335868341808,0.006232501835628401,0.020260120535013693,0.020943915897973175,0.009531680050072433,0.013207136618604842,0.019962724143749222,0.011843098368468308
2018-01-18,0.0008934010781311841,0.001958591667439835,-0.000407912317751169,0.0023891748400963753,0.0012817482711653394,-0.0004435111217022669,-0.001246017898660412,-0.0016805938098127804,0.00926377652010446,0.015579348127660486,-0.006477551366108614
2018-01-19,-0.004462745018784409,0.014043016267995645,0.002994612848061129,-0.002207020185225561,0.005972459543672759,-0.001109639688461228,0.025262910825589957,0.004549525891283102,-0.0033305564992552883,0.002780431198146971,-0.0032026022769414686
2018-01-22,-0.00818091430294765,0.0028167230018387723,0.005292785009105794,0.011680266316718813,0.004665229771269486,0.01788857225359508,0.01555731898244006,0.008130996446396255,0.013284448207659283,0.008222339142179846,0.012622057013287336
2018-01-23,0.00022551608470888773,-0.008543481194340674,-0.042594387554625635,-0.0010496058384398266,0.0014775412474159477,0.003165541618768364,0.022337586443286428,0.002122429505459378,0.0025738215166344336,0.004267174299172449,0.0005664349128573498
2018-01-24,-0.01592839091284759,-0.006433338851194237,0.0016920519800869283,0.012783747965483983,0.00800828309710866,-0.0008703972193709886,-0.01301756820458233,-0.00038800164428276496,-0.0008022300032202168,-0.0010383384316174915,0.0026049336348317187
2018-01-25,-0.017850617799362034,0.006118750509499504,0.016400407562721986,0.0002590923567340475,0.0002092692159278986,0.005554160597692537,0.0023329263726570293,0.00042350577342720186,0.005379496979128318,0.007656362744124401,-0.0018077781877762211
2018-01-26,0.002337175472036712,-0.013638813703353625,0.0064399486957587015,0.005358708974454673,0.014422765385819325,0.018737298702569127,0.02953241480273716,0.011577856858711266,0.008784488920981381,0.01679201381419726,0.00712952363253061
2018-01-29,-0.0206979915530362,-0.02681669259011954,-0.011353048399883159,-0.001031649184914607,-0.01710266175862163,-0.001488393419178613,0.014465682622388343,-0.006630382511990884,-0.011716216627696618,0.010702118514783754,-0.011123492957683001
2018-01-30,-0.005894709432701206,0.007257972250128031,-0.008700136468911879,-0.009380428966139442,-0.006079835522402766,-0.012563831410554394,-0.016730726671463136,-0.010256815093303784,-0.010333332965769104,-0.016613635569857732,-0.013975894029348845
2018-01-31,0.0027548939023280816,-0.0059844634677213016,-0.029768876628379237,0.00486521993244482,0.003797077817287997,0.024476961997839775,0.01268943433697478,0.0004971355333096561,0.005503916106832651,-0.010489253011265354,0.005992010224774358
2018-02-01,0.002090782108067124,-0.0033171634473364575,0.01324295537730924,0.010374213684102074,-0.0029419376140797926,-0.00789383423939094,-0.02156238664880994,-0.0011355866262448,0.01199376122610385,-0.01013138726547802,0.020275063372543922
2018-02-02,-0.04339035494523624,-0.02927805084025137,-0.016712366040445792,-0.022161453504224604,-0.015174040163195235,-0.02631028563861848,-0.029022664745606108,-0.02176962061445964,-0.038259369534387355,-0.009855712366011238,-0.05097109193047
2018-02-05,-0.024984186805252495,-0.040700590422194094,-0.05294870621888381,-0.04795238162707338,-0.039375424304141204,-0.04118548392807442,-0.08487479757544525,-0.04182281577550695,-0.03837575946073135,-0.04201752250775781,-0.05690277910774477
2018-02-06,0.04179127450696152,0.0352794276071664,0.01104393347424093,0.030422693471611417,-0.004900699863209512,0.03784105608866106,0.05559167588751723,0.019702625585510836,0.03182245803802597,0.00809251375449449,-0.017185262199073348
2018-02-07,-0.021406738542639747,-0.01323443251788059,-0.0031101451135222558,0.006779393917329735,-0.0024623619820903775,-0.018832702006378987,0.014274322749314061,-0.0054251370928216636,-0.0026672250046877455,0.019325966068580502,-0.017995980559946778
2018-02-08,-0.027516707471066604,-0.05410149761894412,-0.03850237300465564,-0.044210477350649646,-0.03276504815161407,-0.05133359505045931,-0.04930035839583424,-0.037509026660864864,-0.048391290618049254,-0.027515579234154708,-0.011307538470076817
2018-02-09,0.012231334164904517,0.022056463079382693,0.02508683864583472,0.020022309375621772,0.000696246117133148,0.037289730078026606,0.06693599132971784,0.015021758041084077,0.02160529606372541,-0.006498818334353618,0.006374388067392767
2018-02-12,0.04027904347545985,0.02064209720233645,0.00571306663966098,0.015448894272394487,0.019476037392188505,0.010773324856838684,-0.017451023888257478,0.014684457735333556,0.01848378174555898,0.0018116077728229651,0.008445762791471578
2018-02-13,0.010017561297979816,0.011031229914671536,-0.0023795891534448277,0.006175058774867681,0.00500346311165667,0.00785369362732835,0.020172882597212283,0.002487200774418774,-0.0010131809905018496,0.014364467890616517,-0.001570620365799802
2018-02-14,0.018437508869844965,0.02656397149364942,-0.002231487161842405,0.023125435831945484,-0.0020364308191013203,0.01565817173446371,0.03778540938267927,0.013496554655057835,0.020954905110980304,0.007130119705859306,0.0020972137172734495
2018-02-15,0.033578275573226346,0.012146994174532244,0.012030356949062737,0.004173041197683247,0.015419400495238378,0.020372194008179356,0.021042121998330554,0.012759787916468701,0.013762264100364519,0.015044301364714574,-0.0032697948854334413
2018-02-16,-0.0032373064880950597,-0.02306522351737661,0.014630989114662762,-0.007185589107824408,0.004466133601649158,-0.007122681409721832,-0.01079111836152491,0.0002931516340674012,-0.0035165041477284165,0.015014933340754766,0.004329932155779703
2018-02-20,-0.0033634742755107583,-0.004670904989879654,-0.017123436022469463,0.00026174679602464224,-0.022009622772837134,0.00782579206690004,0.021489968396779302,-0.00626142391501594,0.001312877390055478,-0.10183223088738869,-0.010321325803826498
2018-02-21,-0.004539047497991389,-0.002121657532369814,-0.0073356160032170825,0.00418418009748156,-0.01477602506017095,-0.013265675217430384,-0.030392326208399156,-0.004973803078768935,-0.012949504063026418,-0.02752110836229571,-0.01135289544946616
2018-02-22,0.008359151363486639,0.023384922681636278,0.0,-0.0018229512363662215,0.00415296811674537,0.002623229893163659,0.00327324874555579,0.0012953472088537143,-0.00041501944845712124,0.01365803210388794,0.012952161246703842
2018-02-23,0.017391595197659537,0.02234680650739662,0.016242067772977764,0.020264321952654152,0.011948528259480895,0.025400698089525386,0.015610236069863337,0.01593994011675437,0.021182972182084647,0.0012936147163524758,0.022014184434308026
2018-02-26,0.01977206861686276,0.00788124962318415,0.006784413077255191,0.012445682956300885,-0.0002271659120937075,0.014458930796149794,0.002642870499973249,0.011611960705474322,0.013503387732618277,0.0024761312043772854,0.016897161991100917
2018-02-27,-0.0032411087007379047,-0.014845249820264805,-0.0030285739621883634,-0.011871765763014297,-0.0093117505595387,-0.012785663869704922,-0.0021086293987173654,-0.012486252082319016,-0.009792106779335508,-0.017182125524195402,-0.016996872099023896
2018-02-28,-0.0015133053339957403,-0.04111375374410109,-0.013594903381533352,-0.01584841194637765,-0.009170034758893775,-0.004564914785645469,-0.016499977490333828,-0.010129870870145274,-0.003485500429602273,-0.016499121376216452,-0.022709654873312668
2018-03-01,-0.01751634492658516,-0.028455182161188586,-0.020018370853035927,-0.01792218459613726,0.004858927118044143,-0.009811050753798178,-0.040454549876863144,-0.014541048574261861,-0.02066028159590194,-0.010332056585080074,-0.007129973867496919
2018-03-02,0.0069143923006083075,-0.025627020401764455,0.012099514969751146,-0.0009699203893261954,0.006677256749121785,0.002154020312422178,0.018646632338282343,0.00515487077015897,0.003073103775730779,-0.0034801451780530623,0.004654900424683417
2018-03-05,0.003461864335649212,0.03238139205768498,0.007529626589801053,0.015354805141485128,0.003888838529701788,0.0063405058411709625,-0.003762408032518816,0.011558307026920955,0.009190865425805272,0.013630630844663427,0.00952975781405141
2018-03-06,-0.0008483020951837172,0.01740323645050168,-0.012096278740605704,0.0008693303258722196,0.0009108646603157577,-0.0034171267280810325,0.027625526967700376,0.0025348220346887995,-0.006727984192045899,-0.01022447950960692,-0.0011800472033351994
2018-03-07,-0.009283220562733896,-0.014569156051967624,0.006395241151268882,-0.003733958396909598,-0.002503727364131181,0.005786545581677016,-0.0013213272660662634,-0.00036649758563178647,0.006525693855354842,-0.014821434213953877,-0.025203526997238934
2018-03-08,0.010912747789073585,0.013728523505009083,0.02340381475161868,8.684902791311622e-05,0.01437639649469924,0.006072756623646702,-0.002729062629748924,0.004838853658988729,0.0030364021295017363,0.008025746326912664,-0.0018850087447404018
2018-03-09,0.017180957937722452,0.030340271482488745,0.013175708357702431,0.028760731081728386,0.008324266902338007,0.022344700537241025,0.01720728066504451,0.01740255565021398,0.01873682457478343,0.009099327042394911,0.005936182354423725
2018-03-12,0.009667768275174238,-0.02369645516957264,-0.008744477264617023,-0.003219245801048154,-0.006470398215892903,0.0023824929463296396,0.01805722400270038,-0.0012553136270928578,-0.002168433669594294,-0.0073265138067321045,0.009120238100612577
2018-03-13,-0.009630291607108044,-0.005242171229574266,0.012968351043746607,-0.011983683227590913,0.0008984422730788921,-0.024387833824485505,-0.008207744810787898,-0.006462310262657867,-0.008371036440339874,0.002611498493828357,-0.009436496008603856
2018-03-14,-0.008501433778212664,-0.0074830516834395455,-0.015109593794174203,-0.011182723987443466,-0.009054147158631065,-0.005931615956657477,0.004157584488988286,-0.00513155663310505,-0.005032424553491954,-0.007134743620625716,-0.012478229383134254
2018-03-15,0.001176877459285297,0.01330788418953266,0.005592148220610049,0.0025228869748468163,-0.0025123342573638574,0.003516139602141699,0.002412377803207022,-0.0010897645657756971,0.006771072694416569,-0.0018248031976995094,0.011141559632408482
2018-03-16,-0.00352648214051432,0.012227920583513185,0.004659705846614903,0.001735362859027978,-0.004808774324351561,0.004459422879775188,0.0045721234832472035,0.0010842538904836108,0.00907560904931648,0.018969020873035758,0.009406037208910645
2018-03-19,-0.01527908117537402,-0.027547410627737245,-0.025733053454219834,-0.007882625018622136,-0.0046019038654838695,-0.01807611586752489,-0.037847439130639815,-0.013530065953894499,-0.010600183741970914,-0.01928904953614019,-0.012912871175995044
2018-03-20,-0.0003424855662823578,0.012553215680816576,0.0074478265079989114,0.0009601864759434253,-0.0023114759930067397,0.0025843191485048767,0.035601633647723396,0.0017005027459247035,0.013797861173074466,0.005717375843834471,-0.0021579483973713787
2018-03-21,-0.02265464013618035,0.011294471894480962,-0.00015229338498901068,0.0008722645934455819,-0.0037071806847035482,-0.006979783295449793,-0.004086844656369215,-0.0019193857965449368,-0.01352982438156336,0.0026154313697968057,0.01419135590835019
2018-03-22,-0.01412967066670634,-0.05712420954651476,-0.02904213325034455,-0.04174637225955613,-0.0055816340274778,-0.029087465513785715,-0.026995365856347653,-0.024997055306465676,-0.02621345593194091,-0.011794385691045073,-0.02052250289276425
2018-03-23,-0.023156610179671744,-0.017767324798789508,-0.017899264384624525,-0.02673935235552438,-0.010055869775934534,-0.02906777465436572,-0.03671709572541437,-0.021314395607909375,-0.024918514043232753,-0.01973811128780567,-0.008299255498025793
2018-03-26,0.047471996886216505,0.03395917593018649,0.01830554450883848,0.03083784215237184,0.008504621726049821,0.07570554492180115,0.0494057551687439,0.027358956815074942,0.031111015919822016,0.024350340848087404,0.015228444073517755
2018-03-27,-0.02564168414283463,-0.014745831938530407,-0.0014130204014506376,-0.01939963170082748,0.0046847925922299805,-0.045958732215718334,-0.07755279989087649,-0.01701180258736834,-0.026856875676172676,-0.01657159596021618,-0.004054252169891526
2018-03-28,-0.011048875634014022,-0.01245000292834908,0.001886567572584985,-0.0015716411595317892,0.010025847565849011,-0.0008942136120315691,-0.018490378839942978,-0.002954795351192807,-0.0034921222921023842,0.01998843381883786,-0.012075922355539559
2018-03-29,0.007809297410227067,0.015293378340187846,0.00549233427628204,0.018240803948417206,0.0025390107176193055,0.021031111360164223,0.04626171316564309,0.01277725335225166,0.022480707087897178,0.013672058719999214,0.024722332474665265
2018-04-02,-0.006556708808450162,-0.02368002120121515,-0.028013837302803046,-0.01927804033844971,-0.017499495940524024,-0.03012996750925845,-0.045511415311268455,-0.02158427292265719,-0.010282813178305816,-0.03843998372277724,-0.01863044458242258
2018-04-03,0.010259392026566339,0.008131082920197263,0.030427086404600345,0.013722572023492807,0.016639694516635828,0.013443229620468955,0.019452449316124776,0.012817114749636538,0.006841788447309982,0.014611494393798496,0.024583441010993745
2018-04-04,0.0191223639801803,0.0008271456855428738,0.01604978934478818,0.015183705804307612,0.019824402172656352,0.02920509200680499,0.003949405610901513,0.010698772388578082,0.0051172746929917245,0.004838568566764678,-0.0019995643974265453
2018-04-05,0.006934394260265986,0.02031943370580014,0.002300472264475051,0.013130453218126004,0.003616903212914746,0.0005417176482465091,-0.02148132945448389,0.007892225650327989,0.01151848469853789,0.0067646846298712315,0.015359848558831768
2018-04-06,-0.025578637995582354,-0.03469904124117684,-0.019967725211018306,-0.02493739004970197,-0.010811051434825747,-0.02327343671237725,-0.03220733736039105,-0.022286101242838585,-0.02879794003700875,-0.012754734721090899,-0.015127492563974165
2018-04-09,0.009917681161434544,0.0006294195002052305,0.01077248778427986,0.012008520890740337,-0.00204915647069992,0.005984526867043094,0.005413997162076356,0.004928459681713848,0.009261095801673225,-0.004729480428001254,0.0
2018-04-10,0.018818138226642578,0.03501498876057618,0.005947077186172489,0.01911219277839149,0.0036505123763284075,0.023245678712530138,0.05802909257971156,0.01590053565794247,0.016247191177918507,0.001970276812194305,0.02938440099656714
2018-04-11,-0.004675544071411797,-0.008778052214810095,-0.00476001198483178,-0.01679852697387585,0.0,-0.010981812817906889,-0.007327429773646865,-0.005242380270724323,-0.007786608426304076,-0.006246148900159287,0.004670761906848453
2018-04-12,0.009858733584407364,0.022821659337058264,0.006171233524382647,0.024859761943232694,0.0009092248263196101,0.018723983057366,0.03695211422542788,0.008227273887799536,0.010769358890536873,-0.005587541844989552,-0.0027116473195106794
2018-04-13,0.003387937932977092,0.0005990814972671732,0.0014567253020951743,-0.027079363688641056,0.010901568308525622,-0.005342866265898527,-0.013214101447024618,-0.002933134531776016,-0.002642805612373289,0.00690604292811714,0.008028788500606954
2018-04-16,0.006238429911424204,0.012714318718980433,0.008727417924433434,-0.0008159327880875589,0.0038196414337701157,0.011710384145184882,-4.334914854764449e-05,0.00822161974233393,0.00935821171195017,0.00953278934556212,0.008992772222023104
2018-04-17,0.013764287728152969,0.007690104680074139,-0.009259194603691068,0.0,0.004476247267819922,0.020176178283087376,0.026135417606286238,0.010698570480337954,0.015753103984998074,0.012206289521778713,-0.002673744753948215
2018-04-18,-0.002244694189253882,0.01722010663780127,-0.02160245296006802,-0.008075776519468114,-0.008244450357743016,0.0038512354244943925,-0.004925662132627795,0.0007400948008196018,0.005492723142489719,-0.0037541413626468456,0.011362336270936524
2018-04-19,-0.028339721332211965,-0.0016033107234387778,-0.0013309545188295857,0.021954137069085666,-0.00449334492735165,-0.003421710170571246,-0.031010687402835968,-0.005547470323185033,-0.00417718918968768,0.00365436702566746,0.0025242966776859443
2018-04-20,-0.04097220889771258,-0.010779468138404913,-0.006977419207712887,-0.0022377576074884553,-0.012863357561794353,-0.011549156787815318,-0.0014408307678540622,-0.008479262494797246,0.0019359252877737543,-0.010354101773215385,-0.0052881686805537065
2018-04-23,-0.0028964093076607744,0.004828913594292716,0.0013417143313734226,-0.004844468852978845,0.005486751964684844,0.0036840500823391853,-0.02111854533095081,-0.0001499935522251139,0.0020935309658849377,-0.010117155555436352,0.007215108917109969
2018-04-24,-0.013919307634540967,-0.06201749623181518,-0.00504584521591156,-0.004687505505120648,-0.0206914361413727,-0.023387404491349573,-0.01197049231878966,-0.013467415214303502,-0.025630723692359192,0.004994074022477646,-0.015332500063629073
2018-04-25,0.004357645090170781,0.005192595174853931,0.00451686180900035,-0.0038039792459989563,-0.014859483871232926,-0.008698772377031538,-0.02052459149693131,0.0024717964138709636,-0.0004948002974534127,0.007396203147866265,0.014678047843935227
2018-04-26,0.0034831467815850115,0.007714076457383312,0.009861293638052215,0.0010001485489266049,0.007541809329711269,0.021124830232942315,0.039508908171959956,0.010165462511963375,0.04842833638187738,0.008833691122221543,0.017106482701004344
2018-04-27,-0.01157002365765758,-0.010867356818480167,0.0020310273720769434,-0.0063578446982665016,0.013099402103076363,0.016549785598531486,0.004928616971878297,0.0009388734428763534,-0.008419953447519557,-0.007391718727200347,-0.03796661345669694
2018-04-30,0.018112242011618207,-0.0024873827391680425,-0.013877180182330973,-0.005667372521368619,-0.0023088076163179094,-0.024003176754851085,-0.006318273554922649,-0.0076906576035379315,0.0069041152694209185,0.013403563863825019,-0.0005145090414694353
2018-05-01,0.023236069147139826,0.0004152212065888783,-0.003794461419843853,0.0,-0.014348802952208861,0.01582551758961337,0.009960244147102726,0.0017768421361270548,0.004965275247056589,-0.011869757564097916,-0.010289090292392111
2018-05-02,0.04417504510840198,-0.0038773840309884733,-0.019919221813274213,-0.007905723361638195,-0.012443848050541884,-0.01568425331137624,-0.0036543827826411857,-0.0067174716524083244,-0.008861956709238727,-0.012240971549288271,-0.0019494129351264045
2018-05-03,0.0018122246926659535,-0.0005562659061807418,-0.0038055427339191983,-0.0063007800099248445,-0.0040419005407474895,0.005988616626366516,0.0295172756306723,-0.0022036109410862315,0.006330051096461453,-0.001274065482966602,-0.0033855871089741862
2018-05-04,0.03923350211504695,0.018013952424822177,0.009428327827834204,0.011096280238076961,0.011219988774729517,0.011587143905500197,0.026052213763928744,0.012946650135110316,0.007705718891103608,0.015076003637389812,0.004703610737333719
2018-05-07,0.007234838411244393,0.02357024724881307,-0.004831304476131448,0.008669375558973957,-0.0051934518748831815,0.011139195011341751,0.04024103287255176,0.003382860287343137,0.00858325677708116,-0.023534884252072286,0.010923423803225862
2018-05-08,0.004806750816039873,0.0007341211623252963,-0.007929375562643726,0.014812021844206713,-0.007831721991778728,-0.00426110200313512,0.006916586552863091,0.0,0.00495127181327204,0.0031589599778498734,0.0045016728570967945
2018-05-09,0.007041148639676864,0.017875210874053415,0.007340226034813879,0.021803732482249538,-0.0007174450630054174,0.011794100526066442,0.021485534986537935,0.009666009774580209,0.007236081024990515,-0.03125741870312604,0.023562723208402137
2018-05-10,0.0143039285100246,0.008911475475197994,0.014897598361791164,0.00775965144315105,0.009574135829448105,0.010006177613973044,0.01700697825880937,0.009350894848859426,0.0012228551397015508,0.0018176206049098642,0.02239495424700877
2018-05-11,-0.003803288457762344,0.00578065547498019,0.015078100139503503,-0.0037624155793981595,-0.0009478911636308096,-0.00214485232477446,-0.021527853924233287,0.0030511980649099435,0.006259840683059181,0.008344169089273823,0.0046970377242512296
2018-05-14,-0.0023329574560418953,0.0027116968868050595,-0.009273868816077724,0.0003509634709149001,-0.0023734930425139966,0.0033777512030563894,0.003261286992572776,0.0004762353122711449,-0.004627791930756242,0.012113233632320641,0.006766796516895379
2018-05-15,-0.00908853097762441,-0.017323716937614253,-0.0073776810721549735,-0.007638142337231035,-0.007611657189129706,-0.007242895361252666,-0.03837755776196117,-0.006887095143760957,-0.0008382382014706646,0.0015406105302646633,-0.0004887391391394935
2018-05-16,0.009332716542062247,0.007929988146377243,0.0017581578947569731,0.0027425551296256234,-0.004074840742750663,0.002580274716298847,0.0018324971685770297,0.004205294219893352,-0.001601794838925641,0.01904863510041377,0.0028117076898004356
2018-05-17,-0.006323506308449911,-0.0007148294435316283,-0.011966297108836788,-0.003352815165382661,0.018050368078791124,-0.009984635883355075,0.0069106970442167626,-0.0008446587748333068,-0.005739287709749852,-0.01904093917247296,-0.0017068580098875685
2018-05-18,-0.0036367858512120765,0.0131426637683838,0.003148949091538178,-0.016200294923663816,-0.0028367689705873778,0.0018713716792961854,-0.007145841036531375,-0.002499969133040736,0.0,-0.010060477374365218,-0.007083492622015131
2018-05-21,0.00708495629929784,0.02061580265360874,-0.004185239123295825,0.009178259331138916,0.005452822016066117,0.012868696024980864,-0.006912036128465693,0.007518257307820075,0.00561843396930084,0.010401778477784562,0.012054086390586916
2018-05-22,-0.0025047003579511395,-0.017115622094594052,-0.00654713295874676,0.007668420418272204,-0.003772741015814818,-0.0010246563052657143,-0.0063054238260158435,-0.0027801650152246005,0.0003827148292732119,-0.013489534992080277,-0.007778122728514858
2018-05-23,0.0064116005696892575,0.009859061527806245,0.0043934942755525785,-0.004601482637165533,0.003550564679544399,0.01189739166638848,0.0205729641075032,0.0027512745561175667,0.008950964805928718,-0.004318086060614235,0.006246880139823219
2018-05-24,-0.001114997960306563,-0.0002534870251494903,-0.00972068216190558,-0.011200588176423443,-0.0018869889255214156,-0.0035474734556751875,0.0006060135744547779,-0.002048310852830415,7.563905824725659e-05,-0.0019274550848417116,-0.02288485448502675
2018-05-25,0.0022854920304651305,-0.011730881480041422,0.000988806875504622,-0.00512470981374602,0.0018905563844819895,0.0005084181291843404,0.006419323877937977,-0.002382755218416688,-0.004624709337902377,-0.004707196115162016,-0.019434460639034312
2018-05-29,-0.0036059510512385096,-0.014308968444741943,-0.017041302779755463,-0.042743417772954095,0.006603591552300836,-0.003558545580076289,-0.002767987469781241,-0.011500838386125811,-0.012112005202372988,-0.0007277534211216352,-0.003684352623465892
2018-05-30,-0.0021289558939585618,0.011977372145407061,0.013149121968320854,0.022845059038202553,0.010543686367752159,0.009591447458215496,0.017700175139718333,0.013344248047233886,0.007325473925479775,0.020873962035643068,0.03927539568565841
2018-05-31,-0.0033599053482603614,-0.022835135009202534,-0.011159710194346806,-0.012367410025686532,-0.0030141581417892915,-0.001111902691323552,-0.003162165199212863,-0.006125769158253691,0.0006124622539402935,-0.0187830530422064,-0.003190171103875983
2018-06-01,0.018033940185772757,0.010598410134171177,0.013710195708946049,0.01298959982176573,0.002790702673481027,0.019728750977778375,0.02153115079239143,0.009817464084704408,0.0009945030676601352,0.005452237091825518,0.007262687226550657
2018-06-04,0.008357801671611487,-0.006644077393327619,0.005690113803845209,0.00046097740929296194,0.008580729839218648,0.008731196675833441,0.028064727876875972,0.004751831036783782,0.016965989689105232,0.029280498116031284,-0.010509794109374915
2018-06-05,0.007715202653517217,0.003344198832700984,-0.003853935057804736,-0.0056244622796775,-0.008737788124295709,0.0051145754069108484,0.0008306021625368309,0.0007275402414204102,0.0036820240203094823,-0.009365298281076795,-0.0035813822099158843
2018-06-06,0.0034658761701791274,0.02287393340428201,0.010783634023817434,0.023367982162417977,0.008118771952914328,0.0029355742894472403,0.0003019584662313779,0.008360283975539229,0.020365553675876447,-0.0007091006046296977,0.01710444849862358
2018-06-07,-0.0026807787520803927,-0.0014054829222890364,0.004397797064943365,0.00398709521382723,-0.00046021301255683156,-0.015708971515000947,-0.00848596302438176,-0.00010815067279645874,-0.017904409535215993,0.004612005080344872,0.009992836249416825
2018-06-08,-0.009097420801782441,-0.0062062927542230195,0.005918894666554042,0.0027978383687397024,0.011740382376772773,0.007434525531880842,-0.0023584305271350248,0.002956521348368657,0.006724647979430731,-0.0069453191833291905,0.008687236546677246
2018-06-11,-0.0024518607698476025,0.006309876877010234,-0.01128456972085512,-0.0025201232796194795,0.004095626748578773,-0.005706712699970584,-0.006329017583782792,0.001329655327600765,-0.006160595977104277,-0.0007112862230900241,-0.0059810367221802
2018-06-12,0.005490813762068392,0.00761314750683284,-0.000978401410759444,-0.005774785929098414,0.006345161546930322,0.002573019131962395,0.007520526892743851,0.0012929010695146292,0.007094682432547295,-0.0023724886800277067,-0.008182969617673397
2018-06-13,-0.008217094027745175,-0.017651754993475155,0.0007343450354968528,-0.001996320700321297,-0.005179233909135883,-0.0045405189169134275,-0.0006855187631840121,-0.0031912115810642794,-0.003410950913653288,-0.00011872247256883295,-0.011040567139682933
2018-06-14,0.0005245092171159982,-0.010148203474885875,-0.0017940587223361781,-0.017641354523577957,-0.004795662681279955,0.005651774664286124,0.017187505282916682,0.0025179428097785728,0.004464419216566817,-0.00356761970916597,0.0046616176922582575
2018-06-15,-0.010272717213551497,-0.020373171419013292,0.0016339220369561147,-0.0012030698842064869,0.012390951985047138,-0.012719483616142613,-0.006181871496182656,-0.0012758394442202725,0.0007405834468001693,-0.0010743027039543662,-0.015019871796111861
2018-06-18,-0.0005295897218612344,-0.008932240739861097,-0.010521233221989057,0.0025948311345458386,-0.01291925018534179,0.007290722926798665,-0.0006408568257214586,-0.002056873564619477,0.008142300895951804,-0.008362773060468842,0.001983313724146285
2018-06-19,-0.01615945828843046,-0.036185202151419515,0.01030329211488512,-0.005823634178949488,0.0011478665381909892,0.0,-0.01855980596956719,-0.0038324550364223775,-0.008003062329788313,0.00734923735692905,-0.0014846761682336673
2018-06-20,0.004362209045469578,-0.001186194722965772,-0.004323884391025046,-9.306594040958682e-05,-0.007798063159080715,0.010013946693094633,0.008225478240563966,0.0017059670060437515,0.0028865693645174773,0.0,-0.0030977815749215765
2018-06-21,-0.005577026916752881,-0.025151977246193447,-0.004834698387347847,-0.00027886923754083526,-0.0039294501372018065,-0.007166191160522195,-0.019823818345608868,-0.006269185281940426,-0.007158605264399265,0.007176047605595315,-0.009446894069259693
2018-06-22,-0.002911398250734276,0.002938375363954915,0.011445144543593688,-0.016370714747227066,0.0037132216271833496,-0.007217752838931113,-0.023958708245673366,0.0018234677585688974,0.005946626083830786,0.00724394578744203,0.021207019128476334
2018-06-25,-0.01487152399566194,-0.024010110282937314,-0.0020350982028977116,-0.00907793178994254,0.007629841960919537,-0.02011757200962827,-0.047140902937962026,-0.013612913772396484,-0.032513308939202346,0.01945272722350655,-0.02015240267106433
2018-06-26,0.012406136990002592,-0.007614785287478054,-0.0019577652576753257,0.0006679832872273916,-0.005736835543041385,0.007012951480625196,0.012002294862394125,0.0022139276162111976,0.012373505598515688,-0.005666757370588638,0.011286946779264007
2018-06-27,-0.0014641797411213409,-0.006861749721795651,-0.006048413589942903,-0.015449085933779139,-0.006000158354694696,-0.015542802985065052,-0.02591015255917084,-0.00828409485768311,-0.011543075390777813,0.010584018977537246,0.013268885615213666
2018-06-28,0.007276774858409052,0.010549356644089514,0.0032072020060855966,0.01636970206711963,0.009287196022847555,0.011174871358733851,0.02180563289887072,0.005717456051019809,0.013127652385811261,-0.011854024689686438,0.003181971192176114
2018-06-29,-0.0021025615378915674,-0.002646683348719314,-0.005409969024734118,-0.0069571794738085835,0.008971809147433785,-0.0002028581482375058,-0.016441006964332483,0.0014394813744431634,-0.0021849149667040324,-0.0024461217679145886,0.009271582938181533
2018-07-02,0.011182536581756608,0.004569939244781995,0.001977855265401729,0.008445235555691433,-0.002508279544672032,0.014197424794948565,0.02254110672728382,0.0021379490110626787,0.00037803022852545,-0.019264074838682865,-0.011724757131634456
2018-07-03,-0.01741667853825435,-0.018049709265379965,0.009294479353286977,-0.013989299488143647,0.005485753570713348,-0.009599280943584754,-0.022292058240277357,-0.003531155464155944,-0.007924671038806452,0.0052379916875213706,0.005870692426870994
2018-07-05,0.008047282981241244,0.014795176138493904,0.018662062597611495,0.006501699695758756,0.015231087375054964,0.007168136967163452,0.024869231565402883,0.008157970442665308,0.013997801747918537,0.0015395452692765765,0.0008511126173509354
2018-07-06,0.013862037196731292,-0.0029455226322546713,0.0059997174920232155,0.003278252152189909,-0.0004479310930304292,0.014033846115643067,0.018951149773485776,0.008458335665535,0.006001704462027302,-0.0007095961670213757,0.00024304409073327982
2018-07-09,0.013885169637622319,0.04106064277716892,0.0023857104004036955,0.030943460245305587,-0.005376381062047297,0.0068206742556238265,0.007762746971239576,0.009004124269992975,0.01066459876604875,0.016802673773976373,0.006923414660331639
2018-07-10,-0.00120701167763404,0.001986073272172151,0.010551388622638047,-0.006151926332427671,0.012837775691411313,0.0026510725862358697,0.016048304469449493,0.003598470812696153,0.008633507910773552,0.014895889926045625,0.0091676376020422
2018-07-11,-0.01297583093391419,-0.031787583879904324,-0.008949691193718357,-0.0021575655070519284,-0.004002398361415915,-0.0013708309048179323,-0.02258643580107378,-0.00731449743649637,0.010680911976295837,-0.007797286958013627,-0.012789769072797719
2018-07-12,0.01676571627017376,0.019450406092392347,0.012040807575642853,0.0043239266244265995,-0.0026796770286865446,0.021670609042154787,0.014947507359254653,0.009065919016767454,0.012667154895506627,-0.00011561203790422248,0.0012105050486876934
2018-07-13,0.0015703857238216212,0.009539133365762398,-0.014323764647713788,-0.004585883585177419,0.001567026720620257,0.011901441720715944,-0.007602553013318913,0.0007874671503127484,-0.003431079129651793,0.013638653983108817,0.007498158129230159
2018-07-16,-0.002195211338805736,-0.01896959660167774,-0.00984694053307933,0.0396768799050109,-0.0002235107128292224,-0.004932095187275443,-0.004492152386928794,-0.0008941028967269782,-0.006884973509714509,-0.0006841972570919008,-0.009843031099359467
2018-07-17,0.0028285391998152942,0.006300764813240267,0.03544807292546448,-0.0007237280956716718,0.011625482256995445,0.009913161351980726,0.022119264416790907,0.004045726737765376,0.008521879772726448,0.006275844695180277,-0.002181961756332229
2018-07-18,-0.005484335158400855,0.015617085589620938,-0.01014650213038748,0.009321412272167429,-0.0028729978160392244,-0.007834057062194089,-0.007844182822167922,0.002103166178516913,0.009023090372619169,-0.0013607912921645982,-0.0010931010853026946
2018-07-19,0.0077731481875154,-0.005988908392799974,-0.014553842360879754,-0.01470465471855209,-0.00022152027931210405,-0.006848880874734897,0.0013111485557135705,-0.003771585224716545,-0.005464648642406811,-0.003974199815574675,-0.002554423349526269
2018-07-20,-0.0022932093142875587,-0.018648749449559632,-0.0007145954766406559,0.012649130434295053,0.0037684076228070573,0.017911713985221844,-0.004523129556293859,-0.0011425051428732846,0.006136960726584428,0.003876160509927118,-0.007438229522187423
2018-07-23,0.0008879146269114013,-0.003946990471563772,0.006197841542531446,0.018601522529085424,-0.0072878901732299495,0.01599709266681626,-0.005899267357733162,0.0018589871256144974,-0.006808876795209584,-0.00488318416216138,0.0
2018-07-24,0.007254516624398688,0.01240099365907743,0.02155875207698066,0.0070578284566014116,0.006896243677539937,-0.002871269492996764,-0.0028064466613129113,0.005032118860696988,0.0,0.0037659805758869513,0.019778876671370682
2018-07-25,0.009430158824698998,0.01819227470487439,-0.005720503968559942,0.009023272564660179,0.01833868247462811,0.029444790701049106,0.012705497317136327,0.008522675462329765,0.018639124871762336,-0.0006824680720507459,0.006987066185063506
2018-07-26,-0.0031309460967012814,0.014949084617287056,0.012906318484357193,-0.002865234696866281,0.0032546708576377537,-0.01091772275682279,0.011791682571795192,-0.0023589399540130396,-0.0009815548262984697,0.0037544134445348654,0.0077762796708016335
2018-07-27,-0.0166316686131025,-0.00014056438969412,0.00974824856182721,0.010274331647127433,-0.0006488857018979166,-0.017697710471088257,-0.011065680934853384,-0.006776471509915671,-0.012561611340587087,-0.0011333326412812372,-0.027540442534954468
2018-07-30,-0.00560278231677469,-0.019710945855469286,0.004712988332260304,0.006032826321524354,0.00043290650474459014,-0.021452378434541286,-0.03130715263861239,-0.0052234797481534034,-0.03006196323043908,0.008510114777025013,-0.0021971435533362227
2018-07-31,0.002001051165681389,0.02898040312698913,0.002648215722190317,-0.015248692827047106,0.008652275301738843,0.0067381192667956835,0.0029903873409569126,0.0049291861576235,0.0019052991798698127,0.00393805413129944,-0.002813628333464546
2018-08-01,0.05891005824998863,-0.036578636677830456,0.0009053174749029669,0.0061765231086587935,-0.005146833361864389,0.0018853360708848133,0.00657488052689148,-0.001670431385781157,0.011043177250714908,-0.011095210062506244,-0.01374076405894431
2018-08-02,0.029230750070606826,-0.0038255591287997825,-0.010479445948515353,0.004236487849023973,-0.004526987860730913,0.012137922804103862,0.016838042581169166,0.005447926473763465,0.0048458691373651774,0.005893130273177505,-0.005970876263772351
2018-08-03,0.0028930889687115435,0.003622976006130596,0.005333194746666603,0.008093169525564381,0.009528126075054821,0.0043692465471607544,0.005905161872111986,0.004284535015900426,0.006478683864766799,0.009463788187988209,0.0036289563701468186
2018-08-06,0.005192677785656352,0.007003175033440057,0.0005309300648883575,0.0002562784578399313,0.0006433875698776959,0.0008329334773680142,0.00765572795247671,0.0036673127265862693,-0.0007869742542706559,0.0007810514190265128,-0.00024930214132146133
2018-08-07,-0.0093749378061726,0.020791280360001885,-0.004242160110522475,0.0036714929386054695,-0.0032152872970296897,0.0069358956579324005,0.011494703176939902,0.0033018902767827374,0.004080076954768641,0.0011155643051359299,0.013594238349083021
2018-08-08,0.0006761934110148804,-0.018752490748872752,-0.0022061738420989796,0.002041559182753616,-0.007526886340673111,0.005602702948671379,0.005720882026295726,-0.00041984178174647724,0.0028514096936422817,0.003118719863427488,-0.006644485444766368
2018-08-09,0.00786486957739041,-0.008517709682221541,0.00022896708502062602,-0.007725730840276834,0.004333425623747056,0.0016437302381879793,-0.007584403185565747,-0.0013663720220717934,-0.004762970178657233,-0.005808128414439562,-0.005078766076516694
2018-08-10,-0.0029786401220008862,-0.01876985308530077,-0.0034296594957715643,-0.009839064019824817,-0.005824956493141076,-0.006109280211907264,-0.006511901649002394,-0.006699801020969787,-0.0019994101953203502,0.013144544602252894,-0.0010061929769852318
2018-08-13,0.006456688187664872,-0.0066215014664753324,-0.004053808440798057,-0.015898949436705667,-0.005425274928186452,-0.007247352317942712,0.005220125867097192,-0.0037434302054313306,0.003435483321329258,-0.005987986906598741,-0.010828524298259201
2018-08-14,0.004213453745975038,-0.0007405079511290102,-0.005528869457971375,0.006672807576545425,0.0013089559167891451,0.01247582407980774,0.020732460904960615,0.006380565048486497,0.003922083289443101,0.013498564826469828,-0.003181890137723742
2018-08-15,0.002335797842223375,-0.021494313173500368,0.007181502902742665,-0.008286133932206341,0.004140493452519545,-0.013560568569954468,-0.0089887184541656,-0.007467407075822163,-0.005967760652914933,-0.006934498696913982,-0.017494944026977932
2018-08-16,0.01464999327760208,0.032116393748815586,0.015717315881448757,0.009410962425778324,0.0030382597156310975,-0.00018581860238275905,-0.006330138697579923,0.008091171381017226,0.006728629072541237,0.09332736555874743,0.0137771598749159
2018-08-17,0.01997002110653856,0.02260378655231743,0.015020698754685258,0.0,0.008221333588346758,-0.0005574065723078503,-0.04902140439553293,0.0035203145379774092,0.004834756896822112,-0.008008758860814869,0.00333318660278481
2018-08-20,-0.009743503120121844,-0.004808616693901535,0.017922317193673543,-0.0013068817817210032,0.0027897673879675455,-0.006599554514204353,0.012335756693809818,0.0021403407435522936,-0.002759493356198739,-0.018906764060600434,0.00702782123999679
2018-08-21,-0.0019491395144344281,0.009519369264070932,-0.011177684857634596,0.006107038189875125,-0.010913615353562611,-0.008327896652677413,0.02211084699181831,0.0023451716449303106,-0.006386193033736776,0.0008337215483589233,0.0002539907141763109
2018-08-22,4.644155293043184e-05,-0.00257157029460231,-0.005467269691132426,-0.0030352309761609853,-0.006274677839175236,0.010190549372079527,0.03750210135473431,-0.0005933324313170951,0.007855373205322591,-0.004267519881420712,0.014334484895368371
2018-08-23,0.0020457341775950155,-0.020339436616631956,0.00371416623597165,-0.002087208881366598,-0.005007448838769468,0.004670039622459932,0.015295644638334771,-0.0013280518000429176,0.006801708123544303,-0.00512173659379922,-0.01100525891868831
2018-08-24,0.003109354958211963,0.010380793344797468,0.006217503629552645,-0.0004359168368188726,-0.0015316017762869727,0.007809650047101879,0.02016199911762473,0.006018252009531544,0.014778191030372145,-0.002416327648207872,0.006828384423540612
2018-08-27,0.008234663119071728,0.027711272890412753,-0.0009626698641365117,0.017701560155021,0.0013149068378039974,0.01107012358180226,0.013518315034794837,0.007895029773977269,0.00832182863846409,-0.00431810528542409,0.009796442030915786
2018-08-28,0.008075241891556617,-0.0002812472399565946,-0.004447033587855143,-0.0048840884016589925,-0.007003627350794517,0.006021897234993467,-0.005509350313716022,0.00048316217870225664,-0.0013753767654437477,0.016183555119810178,-0.001492461428830083
2018-08-29,0.014929785835176235,-0.000986131605346885,0.004020412265511197,-0.0032716861147099596,-0.0008819502453746297,0.015962194876212976,0.015534442736889975,0.005380935391087416,0.01260322872822206,-0.004475892863996744,0.007224592589958334
2018-08-30,0.009193591590130445,-0.019738040344048025,0.0006672570744878925,-0.004924170138670081,-0.00838285938757477,-0.0006247582256160289,-0.0024416983605473064,-0.004048277069881756,-0.00197255976982158,0.004809612600593649,-0.0043284719771728986
2018-08-31,0.011554171790542078,-0.0015098241142275093,-0.001926696323303445,-0.005295631538156931,-0.008453942611023502,0.0033943051795941592,0.010330733771647171,3.4788997605561534e-05,0.0010225522751019511,-0.0024971603159307243,-0.004222840977937903
2018-09-04,0.003206975780092769,-0.004393277222254688,-0.0072016789346839305,0.004974634486126783,0.0042631198908713586,-0.005519357955675153,0.010759682141225468,-0.00172264848804915,0.006194879316706814,-0.0052160766369643286,0.0014965405356845984
2018-09-05,-0.006524999191051539,0.01699926398107232,0.016003626924330216,-0.0048631446029666625,0.013851687023686887,-0.028824663573577713,-0.01861104692115967,-0.0026915479293676547,-0.03470869824225431,0.013213002342636004,0.013326777583294813
2018-09-06,-0.01661747673950087,0.006970618117462024,0.007434034792420885,-0.004276212038823779,0.008593979875645585,0.0023043560609219416,-0.02047281121247857,-0.00300988991940887,0.012826382758077237,-0.0017594847410991044,-0.011062115548934326
2018-09-07,-0.008067962814982343,-0.0017656810992788818,0.0032879814679918073,0.0019282094508268344,-0.001092297719962887,-0.004874076030805252,-0.0031533101168436106,-0.0019430946993270748,-0.008996634501810541,-0.0064282860543412035,0.017027396275256956
2018-09-10,-0.01342061453342791,0.005165677657842371,-0.0008011330516761728,-0.005335849681273652,0.007436684524160464,0.010812173781103773,0.010556833303116075,0.001738221566891296,0.0061457339737367445,0.01116589667751322,-0.0014666444119435518
2018-09-11,0.025282763716977685,-0.0001410888307188385,0.00947446278948827,0.006331843285127592,-0.0008685266121568613,0.017005252337591426,-0.007024918988309481,0.0032976499682682014,0.009786199205112478,-0.0026833521976030728,0.014074288281837877
2018-09-12,-0.012419061858113922,0.01584187964191197,0.006136898564870652,-0.011797713336528015,0.004780466419510798,0.004225020498034304,-0.016862181225839823,0.0002422507341008906,0.007422415688733253,-0.006933098341542765,0.0032586687492772715
2018-09-13,0.024155309655752744,0.008733001525557338,0.0038027916388494454,0.003891288413802041,-0.0004361034650728346,0.010741964292026118,0.011707544330843422,0.005914421974038575,0.007232587041426042,-0.008856675345266352,-0.009744187911600255
2018-09-14,-0.011350990318537035,-0.004397860202299264,-0.0028592924776186246,-0.00017614178336167186,0.003491404233209039,0.004074160310481911,0.018758631468273057,0.00017173168470918654,0.001422505854872469,-0.00557196678245131,0.007289114513773676
2018-09-17,-0.026626239069408975,0.009110145543212766,0.0033697174472477887,0.0029953555199144777,0.0071748506706033055,-0.0108493666498648,-0.009043716468111862,-0.005294328850590668,-0.011228374121136087,0.0024313992735358614,0.005909116755315358
2018-09-18,0.0016521027489284634,0.01949119948536837,0.004143679423655122,0.004040956577372912,-0.008419713375055315,0.00954171889724531,-0.010623286026232415,0.005426506468457104,0.009919266146081629,0.006433288079480626,0.0026374823148467286
2018-09-19,0.0005957749876375207,0.02475321971518385,-0.0005692808623051215,0.029046139471703647,0.0006533316177679271,-0.013338188956296348,0.0035419427789786795,0.001065296603527166,-0.0014226150264653459,-0.0019908150756833276,0.011957319312039472
2018-09-20,0.007601711654056542,0.021209518727377086,0.010821824609525077,0.008587069250007184,0.014795606548269946,0.016741158221181163,-0.020957083324208314,0.00810366421924602,0.012346093375640077,0.005354869430576281,0.002244867682760443
2018-09-21,-0.010771259171247216,0.002436301211101055,0.00633842153621611,-0.0065750632878515125,-0.0012863571238604932,0.006075544567815561,-0.010627989877732613,-0.0009134284668690373,0.005427121503524646,0.00156651371000871,0.0041266442606215925
2018-09-24,0.014380285479843158,-0.015219340190252395,-0.01686692353111474,-0.00958833004585824,-0.010949156125737991,0.0035883824928919505,0.008540590983286966,-0.003322255232073301,-0.0062649549524099735,-0.010219039113960271,0.016789816279924263
2018-09-25,0.006340969299612809,0.0005842600187326852,-0.013027392110381175,-0.002827268331288546,-0.008465297357349133,-0.0019184769255875533,0.010199718336262764,-0.0009274510659318391,0.0031528205145943122,0.001896456873222263,-0.0011547175400058451
2018-09-26,-0.007966380452738231,-0.00597012937908481,-0.0034624943142117504,-0.011771081776768666,0.0037216271154312253,-0.004106808353711022,-0.0055514767850369795,-0.0029922897938547965,-0.0020729704117656844,-0.005362820100278554,-0.00832377769987691
2018-09-27,0.02055161751477952,-0.004570029882456028,0.000434213002271866,-0.004347107512952975,0.003489354670153766,0.003772785326227268,0.0017983546304489728,0.002794241395894348,0.005024700792926051,-0.004863069727004565,-0.00011661341530799785
2018-09-28,0.003511987822259144,0.00013091540798804147,-0.0003616871193097282,-0.014669695891421974,0.003912543612300423,-0.0003493517472407115,0.05093467389426931,0.00010328511590662615,0.0004663638435127293,-0.002337344745303782,-0.008744126253724893
2018-10-01,0.006733523525915164,-0.0013772056181680092,0.011000908238376628,0.005849136409214806,0.000865891259666185,0.010841600462148548,0.029677807905713616,0.0034742704987977824,0.004664041671194719,0.005217929990980252,0.009291883720442318
2018-10-02,0.008888614700116815,0.016680101553561366,0.00565546643560233,0.0041409382518042825,0.006056726649994459,-0.0039788685444330785,-0.00995314840955741,-0.000582921254113411,-0.007427566476891023,0.007944784788467718,0.007574826713204974
2018-10-03,0.01216842882115099,0.021960702341623062,-0.010321797166197966,0.0093884153197481,-0.01376060242115451,0.00017373194432557248,0.0008729078354530184,0.0005486610058784702,-0.002004314666095852,-0.01135022532836838,-0.0035850829629697767
2018-10-04,-0.017580764356273204,-0.009291079930771384,0.0023017190569110113,0.009015852472154195,-0.00043591336174531037,-0.020664867796313935,-0.0259477206877623,-0.007815602316333492,-0.017473302608489782,0.0014880769783467418,-0.006616782214322381
2018-10-05,-0.016229071378419113,-0.02194580537536972,-0.0017940419009899733,-0.00563872174380442,0.000654682147180452,-0.0058517264113514544,-0.033764500052350654,-0.005596859660382925,-0.009539405878356222,-0.009553064689451052,-0.0028040620200568966
2018-10-08,-0.002318242767953671,0.00026098337314017783,0.002084853333655712,0.006107119540449624,0.013076966663598366,-0.011415299172655491,-0.015155841026816552,0.0,-0.02387214260307735,0.014789338722837053,0.009256976566264452
2018-10-09,0.013853310685371989,-0.025366821881719126,-0.0013632134276828634,-0.0069374321540492945,-0.001936178266461308,0.012719952958762715,-0.0008655702148686606,-0.0014596947683341854,0.0029603314226311905,0.025240031997945334,0.00441185758056406
2018-10-10,-0.04632586019080598,-0.038404690625703175,-0.010560231740153636,-0.02663268155092624,-0.015305002695221281,-0.05433835451660307,-0.07475309986730794,-0.031662426480253636,-0.047712713053944755,-0.013596861171356056,-0.023003057303104257
2018-10-11,-0.008828001798008023,-0.019134315223463205,-0.02824375621524089,-0.02996320512633177,-0.022766854479323362,-0.002354777303851918,-0.04298084686601733,-0.02202694309461828,-0.013208163346856261,-0.019214677914119682,-0.03454817750982642
2018-10-12,0.035719130193186066,0.007802801937875303,0.00022425534832404281,-0.010913065534119637,0.0008958486141408262,0.03455759323149943,0.048525962286697366,0.013888306680296614,0.047334054759708755,0.009476115935450391,-0.002696052202175725
2018-10-15,-0.02138559844169896,-0.0019005993627886353,0.0005977860596544371,-0.005703499877325657,0.005147708675897533,-0.017979346900068083,-0.04526616439298692,-0.0056172985189728575,-0.02020574202927139,-0.010441836335769783,-0.00688143585673906
2018-10-16,0.022037091153253696,0.0134697883648085,0.01948445157358103,0.021440423538673814,0.012915048156657782,0.03159859699058298,0.04439609781201104,0.02186609464836975,0.03286444912163344,0.021210939147375374,0.004701858585242302
2018-10-17,-0.00432128967775991,-0.01649168727608341,0.021236318138550647,0.011140174848763174,0.008133353515879183,-0.0026127028223950077,-0.011268164242650536,0.00017878538277171785,0.005009301900894325,0.007827863440317717,0.0036945939918682225
2018-10-18,-0.02337369968623826,-0.0391958730328521,0.0002867091569049851,-0.015842888363833962,-0.005451369311857968,-0.01996208284592038,-0.014522924576499285,-0.014441343550378183,-0.022183193447118166,-0.004038902461993121,0.004294283157177503
2018-10-19,0.015230123710539445,-0.026826703176762834,-0.0032257898432840326,-0.001665182545974142,0.015786151488318634,0.0014745093876871174,-0.04325141865779847,-0.0005428766403769991,0.00567190211731039,0.010190147992163556,0.0014663528599760944
2018-10-22,0.006110021885141315,-0.019875209379207837,-0.0026608482458796434,-0.0143637208534525,-0.007770410861178245,0.008927144571156065,0.008945192809460156,-0.004488524461473853,0.003997378571989119,-0.00010297329447006565,-0.010003328550054147
2018-10-23,0.009426675175793209,-0.07559648442539812,0.0018027775653923772,-0.01043643003399497,0.008483920798939781,-0.01395615674420525,-0.04394076937717539,-0.005090878011760336,-0.010808154625117528,0.006794362740583537,-0.016143142912237063
2018-10-24,-0.03430174011015252,-0.05580748422432169,-0.01050878533501709,-0.01862233291605475,0.007980722357102232,-0.05346907306474846,-0.09793707816337038,-0.030298502287235962,-0.03493366157410749,-0.002453884749247681,-0.027805619840621243
2018-10-25,0.02189799856357144,0.029286277919861936,0.007274030675192167,0.015200161668356138,-0.004707731725781206,0.0584439550997331,0.042274895278942015,0.017940587746703596,0.04662623290404255,0.0166050590870106,0.008889775904363795
2018-10-26,-0.015923457009785702,-0.0050161172958334,-0.010832729619231873,-0.013732785196350794,-0.01268539951543668,-0.012372859354968457,-0.04594873157042034,-0.017587678899257275,-0.019783698202401667,-0.0024199997969757137,-0.00996066387394201
2018-10-29,-0.018770348536031656,-0.009300651393034043,0.004234687928420966,0.01382731806837234,0.01175926367304192,-0.029076283860242524,-0.06389658243317164,-0.0055398454067908665,-0.024756808684037512,0.00869237820530322,-0.006191255205960977
2018-10-30,0.004994287735891723,0.030531777069808586,0.023264229502894196,0.01764401102700175,0.02518333695621644,-0.0011555774453524403,0.09363200939116711,0.014818306221804134,-0.011687735469532945,0.026252022370523154,0.02245302876096056
2018-10-31,0.026066641257074474,0.03286234035877911,-0.005399561436285172,0.021743456090111524,0.0052486861291576314,0.029692390359982834,0.03857146560459346,0.010680984096256063,0.03833985643411775,-0.02089390531398838,0.011423775594828545
2018-11-01,0.015352203618204108,0.02786012539868432,0.005928902050725382,-0.000367123713091444,-0.0029239013596060737,-0.008332346915757682,0.03453009110748617,0.010641707704245329,0.02161771217125441,0.0029914337523306855,0.01242509024186722
2018-11-02,-0.06633055524235587,0.008741119079523907,-0.000994361192895088,-0.005505508791742719,0.005446011708646781,0.0022657547421254254,-0.014625583972096456,-0.005923338216025642,-0.0074557303137785524,0.0075562830427191585,0.015867133443659975
2018-11-05,-0.028388422515839062,0.004928883335969525,0.01080517018203464,0.0065509095208451384,0.014374674334716397,0.012716727264020955,-0.014656469598265498,0.005517178191213112,0.00014297526216644485,0.015492300265260717,-0.003782844047102718
2018-11-06,0.010814314072093767,0.023099378551568517,0.002601771575899914,0.004675300464716425,0.008626080418582038,0.0019535115962396876,-0.0033526101743235337,0.006328008962394049,0.007081451623223156,0.004081563726202164,0.004287183473252298
2018-11-07,0.03032807879940247,0.04461449754922042,0.015290791507260648,0.017152935973677508,0.005294679187368034,0.03936105767178533,0.012934693611014847,0.021409197445850348,0.028340240403118555,0.009580860397618851,0.012684510225407175
2018-11-08,-0.0034892558185641853,-0.027461215347324264,0.0037992061570748525,0.008073321351836915,-0.0008101177709810559,-0.0018757197881825727,-0.036484546734879,-0.001815353393759489,0.00310818362562415,0.005367954191293656,-0.01589797103321766
2018-11-09,-0.01928123788334135,-0.03409680402142479,0.0002755108332472833,-0.009699170715458005,0.0070947919609400945,-0.01950770854703021,-0.0015534967245184328,-0.009768098564318373,-0.008951189665142967,0.0064838378832030585,-0.0002472261503857487
2018-11-12,-0.05037423970826049,-0.015050182424211855,0.0019266141424272298,-0.021026197131003954,0.0038245591339909346,-0.02464162024854233,-0.07842664223841644,-0.018684916740185575,-0.029250569016436412,-0.016010128657299894,-0.012860064122599435
2018-11-13,-0.00999138114412279,0.007680173525735912,-0.0064552777212090184,0.005874211421143416,-0.00020066845559707502,0.0006547877631735144,0.0515460856038219,-0.0018714390839087436,0.0,-0.008953371371363206,-0.022923705103614855
2018-11-14,-0.028247349544923583,-0.006827711479582721,-0.002971950765385367,-0.020622280169292462,-0.0020054397784160516,-0.014180989766319207,-0.010636793648079457,-0.006836824981379497,-0.0016463060488943748,-0.013697471264826233,-0.007820670228851467
2018-11-15,0.02467868784281224,0.034532438691754264,0.0017331659500992025,0.0255286475445895,-0.00040202988189064204,0.022006152709126203,0.026370385431823795,0.010436792165541942,0.018672688427379347,-0.01959997155231985,0.010337597511324015
2018-11-16,0.01107595415166629,0.004172434748271003,0.010311352284491093,-0.0007266445990247172,0.008644495872290436,0.009414897966335545,-0.1875585744632865,0.0026006911632430185,-0.011703020334053127,-0.018585378310987832,0.009847495770427095
2018-11-19,-0.03963196433590077,-0.030624735128508718,0.011918428253996805,0.007637071253623118,0.006777406589977275,-0.033890494229283474,-0.11999036833047039,-0.01691435731634683,-0.03866439013719658,-0.009315422860882272,0.003292768707877647
2018-11-20,-0.04777829343836104,-0.029449268671419393,-0.008664417336741281,-0.021474169059108705,-0.02237176636800786,-0.027815199259211276,0.030269486316935934,-0.018506237367693412,-0.01031514844735848,-0.027071547178412758,-0.02840195777153076
2018-11-21,-0.0011299238968366376,0.013085675222406667,-0.03045396501089559,-0.007468835575795585,-0.01316348669026779,0.013764727776360841,-0.029313121127062525,0.0034074037890412523,0.007873192249932659,0.00010631125155780019,0.007665648725004415
2018-11-23,-0.025398660510506987,-0.01251295484163839,0.0016902022645315373,-0.009197357178994281,0.0059514613496129964,-0.0003880356649655914,0.0020042171681060594,-0.006678764677124027,-0.011530914450640917,0.009875680811687548,-0.026688988928657675
2018-11-26,0.01352346442717356,0.020274683840894925,0.00028311870972808073,0.024472340807957238,-0.0030600516530961963,0.032987332332922614,0.0555171471068403,0.016144421272158427,0.02310485614201374,0.0005256278471228448,0.01973755817880618
2018-11-27,-0.0021758517651268017,-0.0016027555242507097,0.013086067042479277,0.004210193601002166,0.010231415119329457,0.006292886022474242,0.004442854149809383,0.0033643497959172652,-0.00022048088739590188,-0.0011559759447552498,0.0009093112091016486
2018-11-28,0.03845257378105926,0.049518656237868885,0.02248331294078909,0.011119358478746788,0.006886637245861804,0.03714753019340522,0.04124128036449437,0.023025309866112398,0.040247286616983846,0.02546299466948776,0.018169910684040502
2018-11-29,-0.007681981225022505,-0.004129634555720685,-0.004029204599371172,-0.007932187797299983,-0.006893485366653573,-0.008369121726481299,-0.01594639696556166,-0.002184838308094017,-0.016126921573098918,-0.0017443197093914842,0.00777587902702237
2018-11-30,-0.005402646961220392,0.04177253869003872,0.007199019287180475,0.01026676215843314,0.02899100844733371,0.006352412697065102,0.03857371183093705,0.006095023733170946,0.01876365278296155,0.0037002537407246905,0.005565073101546414
2018-12-03,0.03494239259286136,0.024176349886079418,-0.00469687737400859,0.009443271066047032,-0.01408729509475426,0.010821606104410186,0.04044541185561523,0.013241628443329212,0.02321645654062432,0.01126486042056718,0.021635346962212143
2018-12-04,-0.04398851163451023,-0.0693054001422162,-0.0012310935647166232,-0.04463619059858159,-0.002213599041117842,-0.031849382183087194,-0.07604080113258704,-0.03240245941138875,-0.043862089105315416,-0.029772130335697033,-0.022038749594683327
2018-12-06,-0.011149896613110277,-0.007346371975539778,-0.000821890729367114,-0.019024620417234628,-0.004033891769050668,0.006174010286972953,0.007510781561308688,-0.0015172032976874528,0.017382802980897116,-0.0054570755946061755,-0.0130933392115693
2018-12-07,-0.03565666502841147,-0.03754754815072059,-0.0032898166476037494,-0.01806270821938072,-0.00587267324400631,-0.040022050236974804,-0.06747115910720147,-0.023235658957115768,-0.027932769095108334,-0.016671769049357077,-0.009567603902263633
2018-12-10,0.006587648976412952,-0.0012951478711593634,-0.0011686057657630533,-0.01868492782578024,0.0030554462014991124,0.02642628314947526,0.028791782163137603,0.00189680730358055,0.005615644625759142,0.008047719634826311,-0.014168278923375133
2018-12-11,-0.0057194183224632544,-0.0012156579703470616,0.008536187158961317,-0.00976729444894131,0.006092667233132065,0.009294667961223801,-0.024166575735186546,0.00022706900305391464,-0.007760288437977714,-0.0009579784875101138,0.001829427351963453
2018-12-12,0.002787347283449426,0.017283368337951188,0.004095821637601693,0.006476074087158112,-0.006459321785728722,0.004512328707815927,0.004791045556776119,0.0050354355084658575,0.007236536359308987,-0.007885042714074308,-0.008607437720280942
2018-12-13,0.01094022249346871,0.004227692078564216,0.005030682092031835,0.0009897936615739233,0.005079025186389474,0.0033919644966273754,-6.705666443351799e-05,-0.00033904627820124933,-0.0018872594517665986,-0.0016107493803427797,0.012628551769183094
2018-12-14,-0.03199731245899473,0.006909877045754298,-0.1003790839369113,-0.008208188188428611,-0.0026278552462276616,-0.031246969270649405,-0.0163880147154305,-0.01846482911857883,-0.017812850728696872,-0.011940696851106658,-0.018186571857802036
2018-12-17,-0.009307024849434797,-0.018142865738716263,-0.029022542492803338,-0.012762894983201267,-0.020470258896484683,-0.029614316503654536,-0.01959713558377074,-0.019618215353193635,-0.027315264717371335,-0.011758361657859928,-0.02037583031331469
2018-12-18,0.012993153213939124,-0.0016067891926346833,0.009911932072688368,-0.004746851994033463,-0.0002069260920708471,0.010496498659588793,0.023401546378132965,-0.0010964034888460983,0.009589511720637045,0.0034152136755258855,-0.02755254674496832
2018-12-19,-0.0311918308050263,-0.0156111905144658,-0.02154578828321918,-0.012685236072563444,-0.00869200008572446,-0.002692994386030323,-0.05737046858751427,-0.01497598837756764,-0.010553746528779828,-0.005818979446884032,-0.016944636418894765
2018-12-20,-0.02523429720332282,-0.006375918748246612,0.005171980512444385,-0.008633995265228456,-0.007515311219279619,-0.021024240151729878,-0.02461891853020004,-0.016277823223267207,-0.01904596439556483,-0.036112494579117804,-0.030375837634947223
2018-12-21,-0.03889606617804586,-0.01217631768854266,-0.0014033489444830183,-0.023639412302919882,0.0006307913299925527,-0.032311983694295,-0.04093273838672107,-0.02048956360661225,-0.034948673520609486,-0.001718852772097823,-0.007430923855844096
2018-12-24,-0.025873906054119433,-0.02598483089255965,-0.04098678482047935,-0.021556783493148712,-0.033844934844705965,-0.04173895047824461,-0.019217358943498963,-0.02642294498815556,-0.020360607627406213,-0.01503478431266625,-0.03831483107198064
2018-12-26,0.07042118575863254,0.06678066362255097,0.031504307661659015,0.04145909004239168,0.021323001634894867,0.06830992576211092,0.047371559804372465,0.05052475155567948,0.06982669821292764,0.053483874678818655,0.04777897337539638
2018-12-27,-0.006489270561879312,0.015309329259599602,0.005524576491131583,0.01125462233956398,0.012569039429523032,0.006165237152104375,-0.014500381847897814,0.007677493182905781,0.013668043086207948,0.013051638105340269,0.0043706089203001675
2018-12-28,0.0005123432930700389,-0.008368183704703047,-0.0010992131641425207,-0.0021642050039454297,-0.0069428908094453234,-0.0078078871527413884,0.018906682169723243,-0.001289979320175716,-0.00810517712377079,0.0058958356182508,-0.011169171131035216
2018-12-31,0.009665115947842695,0.011623071723331213,0.013986377749000134,0.008158603239191153,0.003178200449884372,0.01175439048794491,-0.0011220625375341076,0.008758831310379467,0.007636693677594897,0.011071196115621351,0.00029359222215386005
2019-01-02,0.0011410507982156926,-0.005429770379039023,-0.010073763710175654,0.017312045035351664,-0.008870565679041209,-0.004430440225707044,0.020374446281108627,0.0010403284060773732,0.007427738960070318,0.0020397030701742036,0.02199733261951997
2019-01-03,-0.09960745554490291,-0.03853466153877816,-0.015890440603491984,-0.014211947303943151,-0.006179260249953189,-0.03678794318813494,-0.06041707265405394,-0.023862734003634034,-0.03603650109816037,-0.005142448607458161,-0.015353955614872405
2019-01-04,0.04268940914410413,0.05464585956961021,0.016783493413015105,0.03686581432162783,0.019940101060957005,0.04650898393325997,0.06406760025126279,0.03349573775694714,0.0430811909875668,0.0062460515736766364,0.03686984853758557
2019-01-07,-0.002225886849342107,0.0006239800225908976,-0.0064148599842557275,0.0006950917838370874,-0.013033880712583712,0.001275534802156253,0.05294075269304499,0.007884684603830294,0.01803211110802816,0.01177226392641706,0.005200244235885609
2019-01-08,0.019063213681779212,0.012009948164964035,0.02322649076112171,-0.001885751191698315,0.011289135431230335,0.007250869723975484,-0.0248953372423365,0.009395260682828477,0.005438577945777068,0.006981174131458268,0.007270684721944587
2019-01-09,0.01698163051851531,0.0038528789023735133,-0.007925613142849786,-0.0016903997127165615,-0.019165961788234598,0.014299427258042785,0.01966667394271382,0.004673336123345084,0.011768906392428446,-0.0032563583267064544,0.005274946715176698
2019-01-10,0.0031963402800436747,0.020649372740628502,0.0060501474608272154,-9.962553449893718e-05,0.010736389422580483,-0.006425581294694727,0.018585985133724225,0.003527692415213224,0.001878477904027287,0.000737873746024631,-0.005108975487102763
2019-01-11,-0.009818136430501667,-0.006467914555572163,0.00030811967003097074,-0.0047813857515709435,0.005735949541244345,-0.0077218724985423925,0.02478815909255294,0.0003864297214466461,-0.004398796529179627,-0.0012639649692500754,-0.004580241936861906
2019-01-14,-0.01503702802035145,-0.0022713452330349604,-0.011329463386270389,0.010309420011929582,-0.004013309576263779,-0.007295715581662976,0.010817893986385663,-0.006101057683954636,-0.006953223030784383,0.001160050445045746,-0.0012550607136366798
2019-01-15,0.020466642185755335,-0.008421677550674356,0.008419072435764008,0.007331091368057319,0.008907787832246106,0.029005351040865435,-0.0037891193144089508,0.011460816592542056,0.0017504478797307765,0.013691273490755052,0.0005584475978794856
2019-01-16,0.01221689743133525,0.007422154177750162,-0.010204100891870627,0.008064341317673307,-0.013664274395706388,0.0035234304144720063,-0.006872414436445373,0.00241974592340255,0.0,0.001039154220439098,-0.0004183965419324309
2019-01-17,0.005937649132575773,0.021874405907941874,0.008200456282531743,0.004097543979281859,0.00298392046666196,0.00702211888170301,0.01934986257545357,0.00758693168598179,-0.00043693514711007353,0.0040475809537703356,0.006839559730147604
2019-01-18,0.006159043551814403,0.02184337603412012,0.012394460785233763,0.016226376536944143,0.011687356713411923,0.014983232419123693,0.03433913058212523,0.013310064914426212,0.008886903396059909,0.010233553690555564,0.011923060140044406
2019-01-22,-0.022445877328951314,-0.03191814798078774,-0.014461560791453998,-0.015776195122055747,0.0023106090548363767,-0.018847160842849098,-0.051997565667493695,-0.01351073499852773,-0.0032492190002878507,-0.0024556278143249566,-0.015070755223762555
2019-01-23,0.0040443747501304195,-0.0031760205709969735,0.0,-0.0025251714218784693,0.011525307120666461,0.009746312978829108,0.0034954951223318265,0.002092501994388707,-0.007533621897836462,0.012514048406922829,-0.008206511375648762
2019-01-24,-0.007926225788071006,0.0069034939151666475,-0.013742365980052629,0.000584025178661518,-0.012015935036222336,-0.004779184351820898,0.05727105878288974,0.0005315682168955949,0.005036271369660339,-0.0035457530856619623,0.0014023173258146393
2019-01-25,0.03313671282789521,0.031115579880896194,0.009446666721370622,0.0063267159418261,-0.006710095774784985,0.00913374244976417,0.014635123258794902,0.00846141728593941,0.00704418951921526,-0.014436697620819339,0.004481746223453653
2019-01-28,-0.009254539217522506,-0.09126093971506422,0.005927116734818716,0.004739120298084654,-0.00422178660090311,-0.01950178941161118,-0.13824564901112202,-0.007600340727944244,-0.01932616446869928,0.0012376880891797892,-0.006692811277036803
2019-01-29,-0.010364483496227206,0.017367566943897517,0.010388069663228583,0.0027919045735755876,0.0048761365175933324,-0.020365293557727315,-0.04644584289222653,-0.0013269953998139572,-0.00728017136996717,-0.003605702097986052,0.0037901007605372072
2019-01-30,0.06833450336697378,0.028293618427220224,0.010051636902638883,0.0023039419210830747,0.009704242365640381,0.03341742323978103,0.04399698005067254,0.015830812501598457,0.019259863060306026,-0.019749794997720116,0.010907588655503009
2019-01-31,0.007201233596533241,0.023441600085335468,0.010938956462673621,-0.008715945302279815,0.005641771124060835,-0.0183305829079633,0.04629164237177896,0.008782683748675524,-0.018823323083398624,0.010865005693371899,0.013694515995915646
2019-02-01,0.00048066822156123123,-0.016896990805072787,0.008415865862104521,0.0036715687088393345,0.011842900699350123,-0.01580013068019026,0.00681723449715288,0.00048125658520903336,0.03807144646281779,-0.02055736768790173,0.03602640645505417
2019-02-04,0.028404985849982634,-0.00022907129947702387,-0.009835803800894327,0.0035620293425988603,0.011293383232565901,0.02879966747301488,0.030746821329160845,0.007035434041140043,0.009632437870477295,0.009695380456756109,-0.014488986149586824
2019-02-05,0.017109442977974343,0.008557281183899867,0.0,-0.004412455174663932,0.0002029633426787747,0.013996422661352703,0.005161741205680359,0.004191982749888856,0.007278993008773993,0.008757949941823329,0.010291688460329684
2019-02-06,0.00034466627554019524,-0.011060456198466406,0.0009027313666076786,-0.00048212766773036986,0.0,-0.011098513679629107,0.020340213295809928,-0.0013183992613118312,-0.007296487737053714,0.00041836772408099243,-0.004365670857026105
2019-02-07,-0.018939594563346485,-0.013482588849275556,-0.007142966581688004,-0.01310943104269846,0.003248019732792873,-0.007168015790429694,-0.03647074423079211,-0.00953278598201579,-0.009329153083184605,0.011396969899656995,-0.00770695875238292
2019-02-08,0.0011748333779464382,-0.0013975056714373713,0.002650619442645219,-0.009962906381647652,0.0016189946517590759,0.0037996481536393123,0.005087709214790737,0.0012216539874077004,0.001498167834739439,-0.01188859833394651,0.0016249828334264915
2019-02-11,-0.005750595346745935,0.002565805951251887,-0.003020936759203563,-0.004735536481137559,0.0022223862264354466,-0.003974389232967557,-0.011608310166468239,0.0005543330588155815,0.0029921971831470273,0.006486422427009364,0.0016219887459771876
2019-02-12,0.008617249011284134,0.02900818238522973,0.01636347028273266,0.01704979941957019,0.0010076456210756923,0.015582013503311787,0.03222941628183418,0.012859641781573394,0.008451400419844823,0.008003962533610798,0.017543709239544958
2019-02-13,-0.004154900444268583,0.0032410036080803284,0.002161732051058296,0.004775884690607413,0.002617897840680783,-0.0007487799568494102,0.011311700444807116,0.0032469160924495366,0.0105638386864646,0.01000328531857253,0.011273360310947167
2019-02-14,0.0036431805319752097,-0.0036058368695769394,-0.0010415869278429524,-0.006499107424749351,-0.08435425097550142,0.0008425869259003349,0.010792744551873401,-0.002218288715210459,-0.0005580220121015333,0.00592214361789245,0.00026237614894575323
2019-02-15,-0.0022243884150342508,0.026993948223031028,0.01541244452169499,0.0305606706067707,-0.00767705715192768,0.01234820172790263,0.018184146242302024,0.010897404495949337,0.012223545230853006,0.0149206618020441,0.018880366272372662
2019-02-19,0.0029921275819453363,-0.002936764928071156,-0.005059387450422004,-0.003505581598364338,-0.009062596004883017,-0.000462046879026623,-0.004448966920641895,0.0017305375711014204,-0.003243161050769605,0.02210279995887099,0.006691636969582637
2019-02-20,0.006435630582029894,0.03321055591377897,0.0048639327916073505,0.004848841314457841,0.006022232628880575,-0.005199124090244256,0.012193765138247104,0.00201552380598069,0.0020077333927526197,-0.0227011514516976,0.0038343384429648797
2019-02-21,-0.005638464171324631,-0.010191917251845095,-0.00682077418407534,-0.0020817059420253914,0.016851412391662546,0.021092045044913466,-0.017534040830960662,-0.003556095999152964,-0.005043953021050984,-0.0049056628593033835,-0.009041264610778699
2019-02-22,0.011165491401038619,-0.0014398230421973635,0.008714107312118413,-0.00445616367201207,-0.012646868683151902,0.014258062462621846,0.021955440832140294,0.006200186297023791,0.012986255462939855,0.0016097852560843506,0.007710513390215112
2019-02-25,0.007284338542558277,0.019685943415278073,0.003684176588044874,0.010476217752911632,-0.007508963746062358,0.0055872302211805724,-0.0031407039734991926,0.0013608761815933068,0.0013023567162642191,-0.004319496818758872,0.0010198556243041779
2019-02-26,0.0005741848899236679,-0.02425589111854709,-0.0006609531999929308,-0.0076343813432060426,-0.005562743444701979,0.006900449958801902,-0.010019652564025594,-0.0007153029117441534,0.006709700290084442,-0.00433810712362237,0.0020383749973360565
2019-02-27,0.003097386538210234,0.011595643484480833,-0.001762999370274021,-0.0012345384437915108,0.005593860656398997,-0.0016911516743629562,-0.010757424550475125,-0.0004292935507468343,0.001224166675404481,-0.005877201502860641,0.01029773903497011
2019-02-28,-0.009835916695717928,-0.016047879780851537,0.005666968742964462,-0.007607684274441806,0.008900560200183705,-0.001248027531203899,-0.006376941502924338,-0.0018627612155899254,0.006113349618144692,0.008969723161965426,-0.0055365923313756005
2019-03-01,0.010511111900080916,0.0009466212859494672,0.012514669094783493,0.0006710953530830732,0.0008827114595149066,0.0044628420931098756,0.014196839015508722,0.006243887032981732,0.00911441391741219,-0.010708196161932637,0.0122734240668676
2019-03-04,0.005029425925007658,0.006401295887700886,0.0009394766778438868,-0.002298473729735795,0.005949349917786284,-0.002399143286319738,0.0021091998295770242,-0.0036374178129096046,-0.010102692350051123,-0.0008168273999157316,0.0038749078753972377
2019-03-05,-0.0018195727103967885,-0.008746335276078598,0.0020943067917946756,-0.0007676540486893924,-0.0010951611897055402,-0.004988398254409332,-0.0016582496493651178,-0.001360037224898969,-6.75140292416554e-05,0.005007500006355192,-0.001493881099404848
2019-03-06,-0.005753954139100292,-0.016843949517715395,0.0023061897457847813,-0.0037460407052593014,-0.00328929592077265,0.00044764649726292127,-0.02855858847659354,-0.006057284207339753,-0.0009460200831976628,-0.0008132922302963586,-0.011348287012402314
2019-03-07,-0.011574782658071325,-0.015055898731721529,-0.006111432485408241,-0.0072311229216160955,-0.0037404384646185784,-0.012170157126523917,-0.018349423009150545,-0.008365115593942374,-0.006630258303224501,-0.008243655570925879,0.011100326704094998
2019-03-08,0.002376663427744896,-0.010918688780503949,-0.001302129375623018,0.00038846532795022704,-0.009717501179495991,0.0010870715176918289,0.009245712176444654,-0.001999992433198705,0.003542013101171859,0.001436783489889848,-0.014346279867141765
2019-03-11,0.03464243710118109,0.013399513289826137,0.003621606880444883,0.013008399125272518,0.029884101596793222,0.020993623544869777,0.06970296979127633,0.014501254286995557,0.022530867830621748,0.009119599017620716,0.009745227441015691
2019-03-12,0.011235560916745824,-0.004733125786120507,0.004474821629900205,-0.0029706801069236954,-0.002815071616871223,0.007001633365087079,0.00856371277431034,0.0037709156346987793,0.0070351216732507105,-0.0011169785532604282,0.002757506881988725
2019-03-13,0.004422096607572534,0.007699544912570078,0.0016525274084624453,0.0033641810099400704,0.0036915996872983747,0.007745256897788488,0.037533967129962376,0.006619304663594283,0.004877088933495033,0.006709560045164764,0.008874932029463656
2019-03-14,0.011116520567298727,0.0014229709170168192,-0.009970740538854272,0.009100080125366228,-0.0026188752362360512,0.0007859311906346367,-0.018147619424102035,-0.0006401049194894037,0.01134655210533353,-0.002842661170863625,-0.003345131616085295
2019-03-15,0.013008126397617836,-0.007629591972980965,-0.003043009631285676,0.011486984892545626,-0.008753025833620032,0.011519361932740502,0.02567059562525764,0.0049409070693420265,0.0081713767577829,0.002036380612318256,-0.0036053975266349125
2019-03-18,0.010208445546269429,0.010778766426864594,-0.003124839197084728,0.006006522704825823,0.002428612810733144,0.014321414793105225,-0.005064122861226039,0.0036258251329892577,-0.003216149259408607,0.012599012104310026,0.011603629910026392
2019-03-19,-0.007924632885881189,0.0003725709095601104,0.009258637739782527,-0.003638489256741817,0.0033031503953890873,0.0006805022508946657,0.040011190444444455,0.00024793807490963715,-0.0023878698697978873,0.0019065736880992112,-0.0025902144869972554
2019-03-20,0.008738820071761966,-0.008497652544845025,-0.008306869825010277,-0.021348112300163424,-0.000658350784862427,-0.0011050468287941984,-0.007455639661125835,-0.0030098788032478785,-0.005433979168534497,-0.012118253785671773,0.005564406234648711
2019-03-21,0.03682987229050605,0.00789405089756312,0.005899719446345264,-0.015786491131943747,-0.00043957241535363956,0.022974953246745367,0.054702115380542704,0.0112948830006101,0.013333582634671659,0.004257810917308813,0.005779698065135674
2019-03-22,-0.02070822327094335,-0.03200075345014275,-0.008616843367954874,-0.030232513168047426,0.009228918684905052,-0.0263683933671236,-0.03501120615454767,-0.019246293595024278,-0.017522501901594545,-0.007874340989832196,-0.01601662817121441
2019-03-25,-0.012090920045175757,0.012406624233546992,-0.002191502112088184,-0.008319908539142773,0.0021773761696204375,0.005211515221782648,-0.02095786220853424,-0.0007522003639437447,-0.0002612505065007209,-0.0011188773272425845,-0.00695842835375049
2019-03-26,-0.010331968234435163,0.0035012813549515354,0.014347716946488731,0.010007120836238892,0.01325198113736481,0.0021247173674658892,0.017781128736979346,0.007453904685349899,0.014833461229109224,0.0015279501797127448,0.013013329037333543
2019-03-27,0.008994231309177758,-0.004854336870720233,0.0009381870329976394,-0.00340297906478082,-0.000643004115226331,-0.009668329539112341,-0.0020920813822377093,-0.005229050422420944,-0.006954132261916213,-0.011289968543017892,-0.007658049943678913
2019-03-28,0.0013266223581480663,0.008917825852193362,0.0012977433524365978,0.011347857758435165,-0.0006435198035036338,0.00137004929481499,0.004249392749263725,0.0037902376861300713,0.0029180371162740304,-0.0008227153757849326,0.004978730924749097
2019-03-29,0.0065173540063585556,0.023570110441031078,0.0065523141295480425,0.005163375836432227,0.006010902700636089,0.008637649819363435,0.013032418466528917,0.006305793443567076,0.009827106187093815,0.004118139590779002,0.000743290209256342
2019-04-01,0.006791371946301528,0.035132122948167144,-0.005794543715468392,0.03368545883026752,-0.0029873416797148167,0.009157130222339882,0.015148125792664446,0.011858936958641264,0.006850446837342927,0.0029735087461744136,0.011509885866910485
2019-04-02,0.014536761633791695,-0.00042820244301566834,-0.009137590977873145,0.004778187275202406,-0.0032107349757094505,0.0014285016328718925,0.003950221093125483,0.0004899230679380473,0.0033069940749435034,-0.008996156112968445,-0.004282712253582233
2019-04-03,0.0068548569421877925,-0.006633674806125089,-0.003921421190022034,0.0019975510280219044,-0.008374677734113933,0.006544135055280842,0.03071046329022975,0.0015738034355021746,0.004309900821998003,0.002579004676957375,-0.005898062561422557
2019-04-04,0.0017406250663283274,0.006247365720493336,-0.011664224151796465,0.009660581796202994,0.006496663519451218,-0.005084670062383667,-0.001908925381180815,0.002653391487541512,-0.005174882214901033,0.009465879668801858,0.014214991206263905
2019-04-05,0.006693934342423491,0.0016412317176461855,0.00449899002896581,-0.00236854991379154,-0.0002154473610561647,0.004440564025220306,0.014288990010091762,0.004840245065938609,6.347014188268219e-05,0.007338582385940873,0.005362499577379998
2019-04-08,0.01573635955986763,-0.003847257758230249,-0.00029353382321395394,0.003228579920334651,0.0017215979800244696,0.0003334627638691412,0.004399406333517097,0.0007623333638957508,0.00063404990616589,0.004047431493747533,0.006182714596583372
2019-04-09,-0.0029986663971032224,-0.0248175050747671,-0.004186534839847211,-0.00738260656349643,0.002577703512944174,-0.005419717686145464,-0.013191764192212463,-0.0051249241422784975,-0.0016481570958716274,-0.0054419903860555285,-0.012891692080190809
2019-04-10,0.00561414287023454,0.008653718204850058,7.362759369522465e-05,0.004481563573234704,-0.0006427944695234222,0.007629074596854579,0.015005495889416132,0.003411085513685519,0.006794205804698805,0.009220832339404295,-0.004515863645433438
2019-04-11,-0.00832424704573309,0.0097438665551568,-0.002728768001739379,0.008448895689581626,0.0015010222848310661,0.001164885162082685,-0.002915313507358852,-0.0002775670564190147,-0.004414700691983464,0.01204829560020615,0.004781513385595737
2019-04-12,-0.000402015323092475,0.016778193486262083,0.0056943539280998046,0.04687932288301688,0.0006420403982807521,0.0051524165050294,-0.00798772454301988,0.006766220232360842,0.011275938550077136,0.007539731438722441,-0.012568489046759113
2019-04-15,0.0018099575194501227,-0.006727870851258477,0.003971381411500996,-0.011419766770865647,0.005562745771150013,0.0008266205951048544,-0.027946150171819117,-0.0006553827832265213,0.005011080291166037,0.008566300678709116,-0.0033367115667934932
2019-04-16,0.00010052330778731466,0.012691175380545205,0.010987241114771118,0.0105513319203967,-0.0010641053981076398,-0.0023127472752101363,0.0190040531328588,0.0006558125915081536,-0.0013089111362851735,0.004881490740223482,0.006819566122254539
2019-04-17,0.01947296692962941,0.004999025643865007,0.0036227914405604356,0.028802839214354004,0.0070293823932394695,0.008280010378037828,-0.0048880395376912356,-0.0024473554619933724,0.001310626630076861,0.0022342239022574706,0.0028326384468584376
2019-04-18,0.003593572095148767,0.010431237839891638,-0.007218956979816782,-0.007349274912572645,0.004230006609385217,0.013139344252413476,-0.005286131036886799,0.0019693292487810155,-0.0017452482151371074,0.00019401568310861705,-0.003684179456753256
2019-04-22,0.0032869261288168694,-0.006835772898647008,0.0022539572969824118,0.0012339886178316384,-0.001684775509243952,0.0031614359158236294,0.011648127723906887,0.0008618131405484508,0.0014986139951393973,-0.007850423803608897,0.0218169583685921
2019-04-23,0.014423202610030383,-0.0024582793136519454,0.015018353818023966,0.0012323861786724954,0.017088255512961448,0.013574601593034918,0.011673240317584765,0.008992043722143572,0.007855524904998745,0.006838056193941844,0.005789854293179797
2019-04-24,-0.0015424902000059637,-0.030275389433824906,-0.0050032843785009495,-0.0016704130562593678,-0.004770669805313599,-0.0034280397082024905,0.0026218882417992084,-0.0022194823210269776,-0.001051664274112185,0.004463178942978319,-0.01942903329443335
2019-04-25,-0.009074883651523313,-0.011616599630969726,0.0032325370620913674,0.0005282697793445035,-0.0029180039695868576,0.03311733318650045,-0.022283670435336855,-0.0006161057075144694,-0.002910585832596402,-9.6875575792299e-05,0.0056262143645300355
2019-04-26,-0.0047740780282607975,0.02130297172689466,0.0052990821412841616,0.007569718125325808,0.008779630906597724,0.0057298379149746115,-0.04718837319620284,0.004657192877748795,0.011862043624752516,-0.01922305491949483,-0.021040886395928826
2019-04-29,0.0015174461643561177,-7.178192726720045e-05,-0.003917530130016833,0.014414469414220088,0.0033151887406290825,-0.0009238098891798385,0.006962377130867559,0.001567117979975885,0.007487806587404888,0.0002953519586890163,-0.006460518519999625
2019-04-30,-0.019256254900853143,0.0028773278231348787,0.009725141327851405,-0.0006026210583893743,0.013217527255052097,0.006395850003431347,0.009312739478757326,0.0005107297159168134,0.0017055097690625853,0.012603188846825208,0.0038764270062161543
2019-05-01,0.049085567608642355,-0.009109299046020092,0.005311670340553354,-0.007669323019397933,-0.00958004916253763,-0.020826873936873103,-0.002928190306968448,-0.007516682078541059,-0.009973703958119362,-0.014391100435318105,-0.020055038772521017
2019-05-02,-0.006507705186209911,-0.021570678927975928,-0.0047198098012400935,0.002170780340482459,-0.004116160993716145,-0.013058943562562764,0.01507152715627158,-0.002158950379291591,-0.010258567517877348,-0.002071870317341018,-0.017541335522641144
2019-05-03,0.012431448915065868,0.028778250860091115,0.005166895525849258,0.006152105561862964,0.006819805526128597,0.02131336695870778,-0.0009822820636492535,0.009788144954360867,0.005709843501864542,0.00919438585664345,0.0023287889105838566
2019-05-06,-0.015442878767557566,-0.0165393732997543,0.0005634918627714924,-0.008870502162132476,-0.00513142283872392,-0.005818457863491333,-0.017266858880381708,-0.0041154939661254275,0.0014815245033825697,0.0037223145976976735,-0.0043885122513630526
2019-05-07,-0.026957132312897758,-0.022594240126490694,-0.01492025119237983,-0.01633456997835614,-0.009696857022837846,-0.020522703178739055,-0.03747557385986677,-0.01669969876167654,-0.012756029335284969,-0.011321119897439225,-0.0053159353689223865
2019-05-08,0.00019729123864320464,-0.012867600298984705,-0.0012860351946830662,-0.005300117875001509,-0.0031249183124966162,-7.959398103152271e-05,0.0046789883917082165,-0.0013890989235191276,0.0034332562022707513,-0.009871822305820954,0.001564129697107397
2019-05-09,-0.010743939501292488,-0.005683958114032439,-0.0075828035298596275,-0.0007989369455456696,-0.009404142113393243,-7.992521598987334e-05,-0.021446889090566246,-0.0030255164923899125,-0.005909643543248633,-0.0023053946487771038,-0.0009108864887030776
2019-05-10,-0.013853458682885345,0.0010671433998934443,0.0023066529821709203,-8.9125473180518e-05,0.01666642602231727,0.01298810591730426,-0.008049782597318589,0.0050229566202755205,0.005631833966367461,0.02380962644789375,0.00869541171423549
2019-05-13,-0.05811970277553247,-0.045987462781751476,-0.013304499493278943,-0.027197472367404996,-0.002905189457171331,-0.029733284261457382,-0.06142627890485708,-0.025130319178095273,-0.02103170685202338,-0.019821705088436614,-0.011102250209454212
2019-05-14,0.0158304589412821,0.017318198981173927,-0.002769504876550477,0.007948968888266572,0.013319604331757162,0.011187913467229471,0.022657273955538182,0.009044019751909271,0.01830531333347496,0.004004800074593806,0.0013208517246807716
2019-05-15,0.011979029260084095,-0.0013337993882855947,0.000657617073907435,-0.0038074164261214793,0.010063598097972415,0.014082028813342529,-0.01518147716848428,0.005857337623488945,0.01610389527069933,-0.004088428290705659,0.007386694918501302
2019-05-16,-0.004399618801610661,-0.005420164376825354,0.009495282679788275,0.01282993561123269,0.008133367041163853,0.023091517472144663,0.0038223533897590034,0.00926135758419755,0.014335199759123451,0.014317320680955481,-0.00013083403993308096
2019-05-17,-0.005681997421270513,-0.03040814942813208,0.0028941135655076167,-0.004851188637388981,-0.00766446706862578,-0.006669967386900955,-0.02284787263208976,-0.006465015509992789,-0.0047312610646538245,-0.004441852486622655,-0.005893168836038187
2019-05-20,-0.03126975517672115,-0.0026882203917698577,-0.0013706662086563348,0.0052358837767008115,-0.007114214508936567,-0.014445344674112293,-0.030537379019730637,-0.006612004294249907,-0.003778375562361269,0.006543758475550554,-0.00013183371107960973
2019-05-21,0.0191708092582219,0.020583174680304017,-0.0021674605013497494,0.003412699687671328,-0.005117478027748534,0.005387244056176854,0.021812194649970085,0.009015749392452976,0.0023861361809363046,-0.0039403739429976214,0.004611547162936214
2019-05-22,-0.020471537448921495,-0.011124712686453098,0.004633815574437206,-0.008144455857921895,0.021605256399900297,0.006067713510846895,-0.018444383088608518,-0.0030716130016561483,0.002318510406972285,0.010977196790399546,-0.009049305055985446
2019-05-23,-0.01706953410246681,-0.010520868476277978,0.00742274606107407,-0.019671703925341677,0.004028091342331841,-0.011670884308393581,-0.032063018447748504,-0.012218774889348305,-0.016621719176569516,-0.0036191296854803934,-0.02342485225905977
2019-05-24,-0.003840787639745491,0.005234522318686041,7.213900284952501e-05,0.009849117327235923,-0.0048143171017612785,0.0004758255015424595,-0.014730018648221321,0.0022682771464501705,0.00699637224774996,0.007951890317079435,0.004200926055047738
2019-05-28,-0.004134681127164641,-0.010658857003118416,-0.012819597438683106,-0.010846747129024559,-0.010280489420656957,-0.0006336817048657739,-0.0125387343828256,-0.009300538758520549,0.0065791179629963725,-0.002434987858557336,-0.02010784960727352
2019-05-29,-0.004769153295440143,-0.0009048169864732669,-0.041876378310691686,-0.002764546301474491,-0.009979373547864934,-0.009670272709367711,-0.020860952417765866,-0.0067102926413311614,-0.005986027997681331,-0.0029288959944955284,-0.0061973811173855475
2019-05-30,0.00518660597150622,0.0029632929716738587,0.005939013048092745,-0.010718773153316485,0.013165766718652216,0.006322887797649779,-0.007632899270786808,0.0027310427303128826,0.00018417129960779377,0.0006855278060498016,-0.002633270132142207
2019-05-31,-0.01811531042289538,-0.016661172212151465,-0.007266566521194284,-0.010274703127532203,-0.0024362917335344347,-0.01630460071410178,-0.026238131559602085,-0.013475302480706941,-0.008786180927544018,-0.0073398296740601054,-0.016673822845023056
2019-06-03,-0.010110366874506616,0.007011269085112515,0.002211165257739678,0.0047187800571077965,0.017301163252339213,-0.031048076832110305,-0.012402361827756891,-0.002542847078144228,-0.016921532474890255,0.005126845508243605,0.015684761984707807
2019-06-04,0.03658410334327766,0.011852582561921343,0.01742239807915813,0.030809610467240844,0.0004000543929434386,0.027703742246101726,0.06891937640912871,0.02170628813201647,0.023518177098367676,0.005884341418304739,0.02378957210139543
2019-06-05,0.016142974262732812,0.008518902717062238,0.004860657592460127,0.003553812798235745,0.01559996946848452,0.021679025309459865,-0.012028315419073565,0.008662082121429826,0.018850535017831183,0.018135374933027304,-0.008288912568583662
2019-06-06,0.01468201889073506,0.002192865576048808,0.01711555080761351,0.0021792884032147963,0.012209584578178667,0.015815075181145666,0.017695594482862065,0.00650267764552015,0.009250689496901332,0.006608379158632216,0.018223988897913435
2019-06-07,0.026616843029713344,0.008671604002309818,0.01368162365742931,-0.010963272913973365,0.0017508341543499562,0.028008016711845052,0.011962796428788725,0.01000729731060912,0.018751415780309033,0.009038072385386009,0.0036334750209685573
2019-06-10,0.012779453841996524,0.010284773635919509,0.003392346756579956,0.010809701518833092,-0.0021362811502541046,0.009132395243080849,0.020137271847491034,0.00458886588394769,0.004528203958906296,0.01376573640097467,0.004425148294471493
2019-06-11,0.011579677754148365,0.012247386675149574,0.005466734131375439,0.0030817370957718637,-0.0009731157352814712,-0.003770596127620096,0.01563036839400289,-0.00024235845096987063,-0.0029855437127194184,0.003906356374262732,-0.0009348055081906947
2019-06-12,-0.0031826399670259464,-0.0014143376492963267,0.013592826870111763,-0.012739516492762948,0.006039194393838043,-0.004617658707836703,-0.030182470542895468,-0.0017649900417316955,0.007515397526114187,0.008152603473418063,-0.010823160081319338
2019-06-13,-0.00020604812426816554,0.0005508880011619866,-0.0068462307114812715,0.0024710058440831073,-0.0021465504070742325,0.006312513510129847,0.01409018911800164,0.004126023556280334,-0.013054214675288889,-0.0015620841164146748,0.008780231692290474
2019-06-14,-0.0072622085058487995,0.000471899971373535,-0.004406460851406835,0.0025563805313679744,0.003520285939415224,0.000981979560504831,-0.024416446203469833,-0.0011045015387018964,0.001830604375933298,0.0038657282053891073,-0.004418592247513509
2019-06-17,0.005966317955730771,0.0007071342957494231,-0.004639722124613499,-0.005463809394241292,-0.00857540644533239,0.0030201631317527955,0.002696293300808561,0.00038008120845378635,-0.0005893013126438973,0.0008251308163853555,0.009952781660975685
2019-06-18,0.023518677566965573,0.02364128738323923,0.005665354947823387,0.013642154163868936,-0.0045212323635319684,0.01738811428289022,0.05412665927100391,0.010470504251372192,-0.001651205763218755,0.0044886366066905214,0.008656076268044988
2019-06-19,-0.002922879520098731,0.0021483308506762278,0.0015688159767097698,-0.0072260145901633654,0.009478668130859402,0.003921494599843811,0.001569845492764843,0.00225716092783812,0.00832936189585487,-0.00027347370652752723,-0.005545090686395415
2019-06-20,0.00803585180311206,0.02312218464032867,0.012531528871986053,0.002547690563029281,0.010563386453466661,0.009285717622060208,0.006400301580423262,0.009554756882355964,0.017868374280536337,0.0063859071857717,0.017127046599200835
2019-06-21,-0.0034093891003490473,0.0019459127076104643,-0.0008440461389301879,-0.006806493004547609,-0.0021291899027614525,0.0001458385174832877,-0.01518506515651652,-0.0014538074049583738,-0.0017265723049569859,0.007341804067856117,0.014097557249634463
2019-06-24,-0.0010061306498475586,0.0035850611327130633,0.006826671201609402,-0.007127277950289779,0.0071771518945480395,0.0059137260187571705,0.005930556687184119,-0.0012242684050688402,0.0023638933049063837,0.0009900642655962244,-0.009525570149737095
2019-06-25,-0.015157512706950982,-0.004911833344046768,0.008248219090356779,-0.008282612782499976,-0.00308160265864188,-0.031572263974397496,-0.007729634235747018,-0.009807879200797176,-0.014782934252556057,-0.004674952607761518,-0.008836459387058127
2019-06-26,0.021629249742789458,0.010769661931692376,-0.01656947875676551,0.006681481528627575,-0.012364604262325773,0.0037473852159271015,0.05135983948932288,-0.000997744815400381,-0.001284481589970965,-0.005057220442582833,0.004326613735583296
2019-06-27,-0.00030059351655065125,0.0025892645405243275,-0.008177948416148384,0.0033185250954008705,-0.0007825721559111543,0.0016428854064525211,0.02492759155744495,0.0035461541710744005,0.000993660073763225,-0.0005449879099066468,-0.010182951757064296
2019-06-28,-0.009111776086144774,0.005830499795860256,-0.01002178058111014,0.027195799555093325,-0.0031321862745133933,-0.0014163218938721966,0.006126431473445493,0.005145697756986589,0.013548965783848788,0.0035420031712964928,0.010683336458205961
2019-07-01,0.018340768072087732,0.002274577339193451,0.0005744905188442839,0.016815749901285093,0.013353849220087088,0.012839644499590408,0.011813324965361582,0.009078901377028048,0.0022477316869740083,0.0011767290017781207,-0.0009136869443651108
2019-07-02,0.005854673725750104,-0.005490406368302447,0.004807565092041832,0.0010556575638624999,0.007364503822723911,0.006633145605810631,-0.023711004862369656,0.002603982087420187,0.007703435657998803,0.008859361107869113,-0.010971672498795937
2019-07-03,0.008286952953807214,-0.0019139180261887878,0.015067691267555361,-0.0015928115065545478,0.002308783666208125,0.006443322275580865,0.00320486398338371,0.007995188223690608,0.009071340530550476,0.006451399861490792,0.009508793882055278
2019-07-05,-0.0008806628501488722,-0.0007375940222317245,-0.011044825211925513,0.005938379271200223,0.00019189511085659916,-0.0029100863130536725,-0.015483391087209308,-0.0011378613026368223,-0.0011873120799393844,-0.003026928755542224,-0.004055769292789613
2019-07-08,-0.02061394638432712,-0.004797248211444893,0.002845301057938121,-0.005462907316683974,-0.0021108032328484017,-0.00072991168851122,-0.01884812371412936,-0.005495226047851687,-0.0026604676831692986,0.006608368165281098,0.00459775283154551
2019-07-09,0.00609918036832191,-0.004079134648908078,0.0031212928895976155,0.004252797357634508,-0.007884642975494072,-0.003650563063103185,0.0006362494880243208,0.001246799304825963,0.008740438041237475,0.0014191383372692545,-0.0006539819534926439
2019-07-10,0.009888706877074771,-0.012286605697178987,-0.001414265532956649,-0.002911421593463026,0.004458132586344199,0.010186525504720434,0.017481368815162046,0.004778203576061069,0.00888981237660813,0.0008862775237135079,0.014130419597564003
2019-07-11,-0.007282308963471373,0.009951861681886776,-0.007789968921485091,0.009555666553912934,0.004245413860962222,0.003989384747040026,0.03886019693008036,0.0023439530358198013,0.00797496574217571,0.008320079427368787,0.0007741339325983976
2019-07-12,0.007682743094914013,0.03284553199288509,-0.04146731896890299,0.01051742202856798,0.001537293504345838,0.00361281492507759,0.007998788937731982,0.004476951575972832,-0.0022683287296028087,0.005968718980431165,0.0007738050134169505
2019-07-15,0.009394875891638899,0.009250706438414857,0.003052992423090206,-0.012142523552659656,0.00019182149164365114,0.0,-0.0020283675682220004,0.00033288360507199855,0.0013309944301511667,0.003315809580530127,-0.007084873864082963
2019-07-16,-0.0034596490971752214,-0.0039386037240592975,-0.016405703417764372,0.01071147008676987,0.00019205609666372858,-0.013103011669780229,-0.0011358878172930131,-0.0032252329241235778,-0.006978077285638262,-0.0019129479177208975,-0.014919542505842265
2019-07-17,-0.005623530551238098,-0.024156968801593015,-0.0048301179397967076,-0.009816091191332088,0.0007671724016919956,-0.005908743983195852,0.015740758950027134,-0.006804961493986461,-0.000892228188991373,-0.00139457114710273,-0.005926679383795652
2019-07-18,0.011359603750218827,-0.006188450676310131,0.0015925813604249495,0.005965432030188511,-0.002874736311540116,0.0011006185239976762,0.0027697936134081225,0.0036604987064798866,0.007702910991090439,0.0010476368042640072,-0.00847904422484902
2019-07-19,-0.014927345283966664,0.017704945080846635,-0.013326105561158985,-0.009854213721531724,-0.012300619449591488,0.0014661956606421,-0.010224434425721407,-0.005554817843914983,-0.007145282042472556,-0.007148224137646486,0.0020043795623501115
2019-07-22,0.02285379124829734,-0.007267089704212082,-0.012815831945839129,0.006429458136583799,-0.003307929744553295,0.013247931263443036,0.017097582744922013,0.002456425656699013,0.007420094643334041,-0.009481912023448724,0.0010667011740972399
2019-07-23,0.007817872146421712,0.02114787707921595,0.0015549467206210643,0.018289850788702156,0.06071861407052559,0.006213053352265296,0.025332629418632235,0.007150507622276425,0.0018276847032976384,-0.0064706810826992145,0.003996128465124205
2019-07-24,-0.0008137971490906892,-0.04482277722265038,0.007295659193885529,0.004039110753400577,-0.010123542476883962,0.010266104110793428,0.017078742883583686,0.004699401644447043,0.013432788985926702,-0.0008027873497377103,-0.0001325699323753149
2019-07-25,-0.007907300288030106,0.021226353354019567,0.010325179692580733,-0.00958624028068955,-0.013202012672283603,-0.0037660909994109426,-0.029553302894735567,-0.004777326636898116,-0.009491188303143216,0.0019644089617074645,-0.005705846866080111
2019-07-26,0.0034777774978875797,-0.013287603703782569,-0.0029745452556623198,0.00440738794439044,0.020727446703161734,0.008202979192024618,0.009747356274399932,0.00670003766433358,0.011564419323253805,0.00712865635056259,-0.0016015775482969286
2019-07-29,0.00933870958455607,0.011585966760353728,0.01751744621836071,-0.0031835976815637324,-0.0033229032470935005,-0.002193218717198686,-0.0014282714776062688,-0.0018211040577650328,-0.0026131220208562844,-0.006635887683698161,0.007084608174501517
2019-07-30,-0.0042924914863963215,-0.011230284281786629,-0.007066888730806742,-0.0022443663045401685,-0.005000666901166628,-0.004821513431144897,0.0036036491536601822,-0.0024544322229245186,-0.009169801587332826,-0.0018705416555799825,0.00013276165004327822
2019-07-31,0.020404400152555402,-0.009627590893242721,-0.014082357121236178,0.0035470561384731703,-0.02029053421217375,-0.029070280417204164,-0.03835836257689096,-0.010940897886002054,-0.0194457677494958,-0.014992377110541466,-0.013138671731732221
2019-08-01,-0.021639127691753468,-0.0370623159838922,0.0005374750455473531,-0.026379253809485692,-0.011400446716867574,0.013135152830225705,-0.022522522522522515,-0.008707422292537514,0.00657308225343467,-0.009059394637058849,-0.02555123952434102
2019-08-02,-0.021158034940685688,-0.017745956292931298,0.005986846970877924,-8.849579156045007e-05,0.005766139130392256,-0.008401578872963111,-0.022616787280211215,-0.007529538486899967,-0.009767404479285924,0.00018276589177701474,-0.009798341170195513
2019-08-05,-0.052348039339450314,-0.023205287618514814,-0.006942922653959904,-0.029753109117633514,-0.012994575935639241,-0.03425892907593653,-0.0645202474909905,-0.03007347446066555,-0.048247089071444815,-0.032723190610872144,-0.02048820249996952
2019-08-06,0.018930312503041558,0.003534746064629557,0.004686388530972474,0.007849000045608845,0.012003708450895934,0.018758267056548927,0.010345361475030623,0.014023104008528797,0.021438240680465626,0.013701897647288463,0.009675464527231448
2019-08-07,0.010355568828120498,-0.010648800784075485,-0.004282141532719996,-0.021733488679094304,0.017409450772527757,0.004380699464048288,0.010108386528314695,0.0005909693494545731,0.01646559018254523,0.008669898647448493,-0.006482223048012381
2019-08-08,0.02205588079502996,0.010266645129670904,0.01128919371705095,0.016939990845320496,0.009590206790773603,0.026685090488856922,0.02839684295696232,0.019619932543460727,0.026123229445173646,0.007894482994878382,0.026666683494804166
2019-08-09,-0.008240485424852562,-0.02163581882520149,0.0027339927629685956,-0.0010923083947071976,-0.00502896039634404,-0.00849575452138096,-0.02578026582336357,-0.006811430623752779,-0.004724523569983541,-0.011426787907109492,-0.021276706522692534
2019-08-12,-0.0025373389985289263,-0.022281812342657803,-0.0008327815021462737,-0.018771784725109653,-0.00411790525163136,-0.013942761858625863,-0.0177066440341469,-0.012173609073135805,-0.015135539842045964,-0.019201975774126634,-0.0048593730581976136
2019-08-13,0.04234829699367193,0.019619687912937556,0.011293636587921707,0.01541644907835149,0.005638882797010636,0.020694084088606957,0.03037316331076112,0.015551909393284546,0.012872806098225942,0.02081384958553656,0.012351087072813849
2019-08-14,-0.029765139500689597,-0.03193037357805073,-0.023684614583866503,-0.04152195603490261,-0.009532666288806002,-0.0301144024969926,-0.03832113384134295,-0.029567581144534727,-0.02855348816497494,-0.011265310646658588,-0.0402894130316831
2019-08-15,-0.004981495990895923,0.00034749795765098845,0.0021494534111894392,0.003816795904209025,0.016606881939150497,-0.002239227875301175,-0.008662657512030325,0.0026414856228509365,0.01737279747499687,0.06111115775626619,-0.0059127147821995685
2019-08-16,0.023594736159044283,0.010238503223847673,0.006281858753357961,0.02395421897908312,0.010023962122827745,0.01832757361841364,0.07252808724638027,0.014755106109543892,0.011118869830619493,0.002662193420922998,0.015613461716749821
2019-08-19,0.018644211496839258,0.007987516377039539,0.006775101201553335,0.009005023504478071,0.0051462479150654605,0.01674875499207862,0.07031838348012198,0.012047898118030753,0.008472343956465345,0.007256800645552897,0.016837388773403905
2019-08-20,4.7355769394075153e-05,-0.00587929726834624,-0.012476299948233516,-0.012696721365611174,-0.01481058699530835,-0.008308864805822047,-0.017039406256993517,-0.007662753737520456,-0.002781888601873561,-0.015464186570434246,-0.006047695687551702
2019-08-21,0.010838595465691991,0.008657159246237223,0.007120935439519416,0.002795533116124016,0.004082922324870841,0.01114648723220446,0.02001531768164333,0.008135437208529828,0.009484378116937364,-0.0002675382413244165,0.009995781356381128
2019-08-22,-0.0008462874006057719,0.001784209880338672,-0.0019766844082913515,0.01031496260976783,0.007208808941719713,-0.007276875095987956,0.0014600777967515022,-0.00030742922366699954,-0.004697413674702999,-0.0009819834788202808,-0.00215139985212931
2019-08-23,-0.04622069144467422,-0.032487908689707634,-0.02696737766899382,-0.024834433582333726,-0.013763992821495652,-0.03186247021960087,-0.052717560605007985,-0.025687945692690395,-0.026986831205248474,-0.009650718223649268,-0.029897996513213232
2019-08-26,0.01899927910086352,0.0031561707883736023,0.008045416967427776,0.00801737173889272,0.01488636702686863,0.01544339447832388,0.01852995113748168,0.011058856530443473,0.013468242684411935,0.010466352995247785,0.0053339976126696165
2019-08-27,-0.011283934995732547,-0.009089361125854123,0.014397442168952113,-0.010573689662587316,0.0033007937590148195,0.002140846357174153,-0.022061083117721147,-0.00392383621944703,0.004448627677841488,0.0038399468180485563,-0.009727085837101801
2019-08-28,0.006710592573299534,0.013053508112912837,-0.007405128464142319,0.010024861971019483,0.0071271282037626005,-0.0013256395051669534,-0.002598210158837877,0.007041690128166689,0.0016255579468007486,0.0026684755148074224,0.007292762536027508
2019-08-29,0.01693168039673454,0.025335152116288784,-0.0034189834913267436,0.022658916301833365,-0.0010889126952161599,0.0188842080662186,0.03585161410312798,0.012772792185957504,0.013992384492095722,0.012065369497205714,0.011081462533369724
2019-08-30,-0.0012916681362276083,0.010443984504255654,0.0009355577415037786,0.005859838283563512,-0.0001815262321254174,-0.0018825147996058833,0.003054036175080821,-0.0004443035570625975,-0.0019320486299998496,0.0015782059620428335,0.0007307025623546348
2019-09-03,-0.014563588949820239,-0.01655447771246632,0.002960308057169181,-0.011833103587511551,0.004723537790915611,-0.013201752479330642,-0.01993913963047389,-0.00584728071917151,-0.00895908853222327,0.0033254312893682414,0.0011680288637203606
2019-09-04,0.016966423052332757,0.01768762717587724,0.0009319959414209045,0.012067123256548129,0.008499389489601716,0.011688170205875537,0.027958501023887194,0.011350640941058199,0.014341389769129576,0.011077938412126676,0.010647713871202447
2019-09-05,0.01955148050984623,0.032661780303205656,-0.0021728464138149883,0.02275411171907571,-0.01165507630695961,0.017583139994544084,0.06506316800279555,0.012855423699063007,0.016284169218078626,-0.0040547395802521535,0.014143179321949528
2019-09-06,-9.385737031764041e-05,-0.002357925863259114,-0.002877498401648082,0.0021355731448338133,0.001995535967901585,-0.006783027881193782,-0.006064202302839772,0.0007721923589727453,0.0054676624419029984,-0.006150441529574113,0.00939268876990651
2019-09-09,0.004267260854487587,0.03708233860168808,-0.009827737715919604,0.02477592189286759,-0.012855238975454042,-0.01135896410905024,0.010355204432845433,0.0005032841616314787,-0.022558455437968417,0.013945834092278675,0.007895244930506307
2019-09-10,0.011813083735008112,0.023890018430818172,0.020480580570827467,0.012738187559075298,-0.0022009610185542705,-0.0104710259763372,0.01484754861240134,-0.0002349669334763549,-0.02864216324628055,-0.002406700284684593,0.008113038590427779
2019-09-11,0.031795115123328443,0.021490616555618347,0.012504804052170915,0.0027380554986604633,0.006801403053241506,0.0002938768630948996,0.006278223054335008,0.0071113192134864,-0.007768720928585493,-0.00025874951585924677,-0.0019427327463124033
2019-09-12,-0.002236318615822963,-0.010068286839099216,-0.005641432209356201,0.006143999130486799,0.006207921544849171,0.010284929212428295,-0.0003258553912300899,0.003463290694650567,0.01714484002139116,0.007757025552363794,0.0006949321271456643
2019-09-13,-0.019453852460703303,0.015407702627308062,0.0026833992854844446,0.01967592682931807,-0.008225590877401934,-0.0014545872558604511,-0.012644060133614077,-0.0006635677733795031,-0.003989134870544753,0.004362253510173719,0.009169405608945747
2019-09-16,0.005256980753043372,-0.004709114361426292,-0.009481735048237239,-0.008899498632948588,-0.005528891887682574,-0.007209221103343433,-0.009508524869813129,-0.003089014169254223,-0.006543760136979548,-0.015839509398395513,0.015005559064221075
2019-09-17,0.003638094160575589,-0.007360152624202643,0.0010034802697747036,-0.004951334685447839,0.005189416477829001,0.0077751802294214745,0.004771834067531344,0.0025320637806214297,0.0019308250731220333,0.008133989801759833,-0.0075954117329632975
2019-09-18,0.009379290566166043,-0.008322320236755498,0.0057070468660107565,0.010036393803180221,-0.0001842808360533743,0.008224721580825323,-0.006019766359024126,0.0005986753437525749,-0.006574260164326606,0.005579255173745912,-0.004783570698410955
2019-09-19,-0.008125253218825512,-0.0072483997853566295,-0.0023004697550494946,-0.003173256272892777,0.005347373833496594,0.018409355622857948,-0.01689070064346443,-6.667924666814429e-05,0.003822165619199236,-0.00042737772945045105,-0.006728435992713222
2019-09-20,-0.014617813261992296,-0.01506288466233896,0.011836194052004423,-0.004020730642038117,-0.011188467464877117,-0.011555006580127203,-0.024019451809102033,-0.0047249999298362155,-0.01079775947651107,-0.001110027166764782,-0.003456516401835086
2019-09-23,0.004546971606729233,0.0020287913718342043,0.0006837383302393807,-0.00016827448525313926,0.004266314896366419,-0.0021513734767396597,0.012449800178923054,-0.00023450094274113376,0.004883177058543131,0.005471276095731392,0.0006933424564490309
2019-09-24,-0.004755124939338939,-0.018922367605770374,-0.001442352731262475,-0.01303835802109976,0.002955236830993524,-0.01264900648375078,-0.013211504068874502,-0.007846849746664941,-0.002458469218189374,0.006631389373611407,-0.013725076460665342
2019-09-25,0.015389615370551946,0.004920907917945527,-0.004256968974334363,0.005710509441103184,-0.0023941249787040597,0.014412258430996028,0.03303731448568237,0.005914710542612722,0.004585187924059708,0.0005911293891329716,0.0029517957417517504
2019-09-26,-0.00515761470724152,-0.0017375580570473392,-0.01633710460450788,-0.008220205673607817,0.004061319424086385,0.0012919603825161108,-0.0049936206506957515,-0.002083083691875043,0.0021108891441083966,-0.0014350244119522015,-0.005325621069464437
2019-09-27,-0.004865944486558638,0.0015824106938231441,-0.0019401967746658366,0.005895795286336547,-0.0014707836788544482,-0.01297141819097758,-0.03146483296353131,-0.005387652104033358,-0.009393711520637948,0.0012681862537358146,0.007186025766224624
2019-09-30,0.023535256817956096,-0.0022116671761103213,0.00606539039626397,-0.0002550981916955575,0.002393425334310084,0.009438873760855282,0.01344874452939937,0.004638023570070926,-0.011436661199471843,0.0019417500433114299,-0.01217101049770708
2019-10-01,0.002768222297649281,-0.03119336715258436,0.004714547300179506,-0.01818314045554026,0.003857659601657737,-0.014097220434253321,-0.0004021863853234109,-0.011894786784124478,0.013254542416444082,-0.006993430272892787,-0.023509583211917207
2019-10-02,-0.025068050694230126,-0.019694315156312592,0.015462921235437577,-0.019904636790357366,-0.028728144720466253,-0.017655326340527466,-0.005516925322761379,-0.017664746712707013,-0.025589219402576413,-0.014679892974410302,-0.026105857618863526
2019-10-03,0.008495049210409444,0.0006668188750582615,-0.006136283215558036,-0.001424246285550268,0.014317763827986552,0.012105097536541987,0.047792497260735534,0.008193069014938548,0.017900082668565354,0.001636137085532452,0.012360552967122684
2019-10-04,0.028031562910881824,0.00833081322515783,0.018827652922455584,0.021659791356233526,0.013001498417062107,0.01350147091263132,0.0036399841780327957,0.013532291807976549,0.017990637325098202,0.015905763523186955,0.014562950638627337
2019-10-07,0.0002203817496198024,-0.006527085525941834,-0.003741093976710075,-0.0021811228919609293,-0.012284741479468675,-0.007239936379372813,0.012969387759407702,-0.0043147483720678,-0.0061368728462802835,-0.007870561044915791,-0.013774049962712809
2019-10-08,-0.011714952801187617,-0.018960440253396715,-0.009912904428164504,-0.022296211724362913,-0.005383111624674086,-0.01057492689605155,-0.038518002599136736,-0.015524709275461901,-0.014179551439085225,0.0029854666864641555,-0.019406078875486954
2019-10-09,0.011719939472808916,0.012460925880194873,-0.019872453243133026,0.007243739163009577,0.00466586821156989,0.018943403786054303,0.01963541395321533,0.0094963247932216,0.014267139340493618,0.011481537576494727,0.011094457282309289
2019-10-10,0.013478562081440826,0.027210214466580895,-0.0012381163920504035,0.014028234645234061,-0.003157940511393287,0.006221210629286933,0.012838653055215143,0.006763207348079003,0.0,0.005717790345997731,0.012010583608622172
2019-10-11,0.02659826786561359,0.04653998402442028,0.017588625051002005,0.016898716342204745,-0.006709132771868687,0.0041695723917669625,0.01617229867455694,0.010367223607058218,0.012465951611986048,0.005267184260836499,0.010696303529901252
2019-10-14,-0.0014396090913829651,-0.0001554226639827183,-0.00464475599485481,0.00266914265751117,0.0,-0.0009308027527270557,0.0029031168356934423,-0.0011136480883396915,0.0016941983698834928,-0.008899202222967473,0.002899130305875852
2019-10-15,-0.002331590006843909,0.020641931893401022,0.016217833165227846,0.030141635312415094,0.003940080767395937,0.014475182085937899,0.05275246281655144,0.009900315879725952,0.007837062905685421,0.0030212795285837757,0.003469228383644829
2019-10-16,-0.004037022921764777,-0.006410905991460769,0.017539718055252562,-0.002333974860565302,-0.0003735897751542261,-0.008193765383975538,-0.010999819934695343,-0.0016064662998356294,-0.004922837180978523,-0.0009203909139765543,-0.017142071156295513
2019-10-17,0.0038827668640464275,0.014440360790232365,0.007398197898596193,0.005598211758006899,0.005608479158546897,-0.005127924724146027,0.0004124700581134011,0.002949419801240305,0.00039339871553978334,0.0035170079509432295,-0.0013189988186746993
2019-10-18,0.004802899350060841,-0.0025182623458924747,-0.062201684969602766,0.0017448464064813152,0.018404610556912226,-0.016321914355112432,-0.01955841316767426,-0.004377112969333075,-0.012532155796979194,-0.005841206458180537,-0.007777940729173705
2019-10-21,0.01734267817056878,0.011628832959343915,0.0025059954706569965,0.024801290088450445,-0.010039725946265565,0.007422565211190113,0.028977816384947896,0.006779033300682746,0.004097534890422194,0.005036135558652344,0.016713151986043062
2019-10-22,-0.0022870038571638496,0.011041322722762592,0.009217282726576181,0.010036159022252855,-0.007007502000916266,-0.014880606934251861,-0.002040570290232857,-0.0032667662053887936,-0.03157048973847454,-0.0013360022612819433,0.005091701313529873
2019-10-23,0.013418995625121388,0.012341986678428452,0.005418104965133397,0.0026445019673719816,0.01467049292522371,0.006379803173202081,-0.002658577718329669,0.0029095336228464053,0.0026923673461545228,-0.001923820772328222,0.00955273176776239
2019-10-24,0.0016450374941805457,-0.011009338067283214,-0.01847594007473341,-0.0007194184232850453,-0.0005491381384447047,0.019673564420844558,0.009072961535555146,0.001634094538287112,0.028251102131884975,-0.002094522578806046,-0.009462340566435912
2019-10-25,0.012316279174125588,0.0439298683929541,0.0066668340047051355,0.007998165071424923,-0.015747894463997048,0.0056449275630710005,0.03901258606405844,0.004094869058950845,0.009593483815433013,-0.0005036139786201987,0.0023160314391241776
2019-10-28,0.010016846584998795,0.002361336734534536,0.006466411331943256,0.0038086627626678915,-0.003348949395492351,0.024586113952330235,0.011000042045072211,0.0056364590449511365,0.0111889964169678,0.0015121307000831585,-0.008808757649759857
2019-10-29,-0.023127787799035238,0.009067708804161079,-0.00046437520320408154,-0.0006323445918625659,-0.00298676902223427,-0.009431621307183002,-0.01871451593139528,-0.0002965109874902838,-0.012288193316030593,-0.01736308954029442,-0.002913642088763213
2019-10-30,-0.00012355057446777895,-0.007005043922041931,0.028810479086356144,-0.005536696701458954,0.009923223368552447,0.012462380442127774,0.0003942922600561616,0.0030672967775795534,0.009119708524134795,0.008109617918087508,-0.010520064490631476
2019-10-31,0.022609544677509197,-0.018098553014226804,-0.006022368163083547,-0.0064425536185374055,0.009084236977559224,-0.008574934350644048,-0.00975375240886367,-0.0026636612947634752,-0.0021754423263913303,-0.007112952157477093,-0.002215242683508034
2019-11-01,0.02838088079058032,0.048548707733405916,-0.006361548936663519,0.023054889423256508,-0.009737264926682587,0.002441039469101236,0.0078102640972794735,0.009264026644974166,0.011573163910392648,0.003070277184971326,0.030043172940264595
2019-11-04,0.006567157171647242,0.016817281116044303,-0.007393341289508637,0.00798133459316297,-0.01410020522102351,0.005775166558400047,0.03904422062928181,0.004017471318534138,-0.010943653243978946,-0.0004253861121044089,0.02974107723487429
2019-11-05,-0.0014369451619400397,-0.0037431804829497484,0.0014589355885585853,0.0021735896384948994,-0.013549130100229068,-0.0006226743555426406,-0.004228181162584277,-0.0011056488465392977,-0.01441726291944656,0.010972133577236587,0.019812820847221246
2019-11-06,0.0004279348928508675,-0.0060122328781055945,0.0041404858624185525,0.0015491461944929785,0.007249285891440582,-0.002768966540645179,-0.009445714820021656,0.0002275987043640626,0.002267798916805841,0.005384843447120202,-0.021890417483645064
2019-11-07,0.011541394440127917,0.010447307477733592,0.003588947155091393,0.0054138017132101535,-0.009659251519507528,0.0013885523695056357,0.0034193148389796146,0.0035169528477216883,0.009390899545129505,0.006108579167080741,0.021261482009484522
2019-11-08,0.002736757719950633,0.007823083579947765,0.011945495419094065,0.002923035670165275,-0.0015298513509508505,0.011784308210684102,-0.002687966464409608,0.0024662959926373684,0.0030264833672191127,-0.006570580599578157,-0.01899097857708576
2019-11-11,0.007918552931625467,-0.0010801823514966502,-0.0076692263252897686,-0.003528231524367764,-0.007086908037430506,0.0010273582688358207,0.0019249792105755503,-0.0019099413328489412,0.0031849273612352125,-0.0033489202702522425,-0.006075949732555874
2019-11-12,-0.0009152210503499125,-0.011216337063573056,-0.004773156106195553,-0.005849812415555933,-0.002507644989284241,0.006570761535664493,0.006869067517675909,0.00210803275044924,0.0011138343325498568,0.0006716126447170456,-0.013789933665777854
2019-11-13,0.009582042284094872,-0.01264154208285373,-0.0006091942756322188,-0.00526479265429991,0.013537045869453257,0.001631609187363825,-0.004961562247838502,0.0003237058869067777,-0.001835884340711913,0.01561489857084486,-0.00821679871648695
2019-11-14,-0.006919631654115133,-0.007266867579551639,-0.00236169021946675,0.0009339732835176306,0.004197793400460892,0.005091476367615533,0.005849243352563649,0.0014556064522561751,0.0035730286938284728,-0.0027279752255544576,-0.0043607217416573585
2019-11-15,0.011879202924427013,0.01303637205760766,0.030391096085303326,0.007231876114638824,0.0007599395250748042,0.012900068853752389,-0.02669324739706458,0.007236803563763994,0.00011116512253872557,-0.014753395824010584,0.010072924432223962
2019-11-18,0.0050420386438683185,-0.0118366024508747,-0.0008149568780950744,0.00841508399541735,0.006834884309445677,0.0024669957506371354,0.039619832516624154,0.0007371164857703505,-0.000611606980891688,0.0116095495269537,-0.009683287970914112
2019-11-19,-0.0030322492265487666,-0.0028552005850175366,-7.414121521065464e-05,-0.0003063636190160368,0.0009431346235286853,0.000332799066395717,-0.0202089229286756,-0.00028822443075671167,0.017310581652698165,-0.002993934741684745,-0.010215951809722346
2019-11-20,-0.011642022370508709,-0.01159398267094447,0.008306955657401138,-0.00727520191725084,0.002637547800261819,-0.0017347397933390463,0.01533730695463098,-0.0037188758918603737,-0.006073490627245048,-0.006339171441087754,0.003096606702628568
2019-11-21,-0.004483482876046829,0.013001618135902948,0.003678213329066704,0.002314113266603801,-0.004885593472316319,-0.0009358217661957768,-0.004735239973486349,-0.001608769896212725,-0.009743649626712148,0.0061279747227500625,0.024106646210995564
2019-11-22,-0.0008773149519568646,0.0036273478737010034,0.01194666370455777,0.00661930464098992,0.0013216739140236022,0.0007358384308737698,0.0033781046902838785,0.0022239184056491723,-0.0023345172833899586,-0.004171848384702748,-0.0043057554120353725
2019-11-25,0.017533388661420846,0.01765355705666627,0.00043753896487963573,0.005352055650377219,0.0035831699864421473,0.010963203945527633,0.04893525647945851,0.007750159047532401,0.008358051233368302,-0.0036860720390187174,-0.006631258326443401
2019-11-26,-0.007808515850966757,-0.0022537434305409665,-7.29023642935811e-05,0.0013689243004650908,0.012776981956257094,0.0052899073980676725,-0.01903158987228848,0.0022653701877928256,0.008730347663670202,0.002270326646969023,-0.0024672031658005134
2019-11-27,0.013431981285113581,-0.0027380061781629994,0.004228379077853006,0.00296175150299538,0.0009273033599632718,0.0019076986849015931,0.006456029143556474,0.004458048316001273,0.009970235619355616,-0.003607561992788666,-0.0005816350894125577
2019-11-29,-0.0022022013260755147,-0.00658948306588969,-0.001887551798442022,-0.002271670277754545,-0.0028007670153212816,-0.006171073897844215,-0.006873160920984889,-0.003708914319792034,0.0007590899833329612,0.002778758303122686,-0.008297008624540747
2019-12-02,-0.011562684808376522,-0.01222951846612752,-0.0009457267624862764,-0.002201035534417417,0.0065541449684694,-0.012088860074067842,-0.03455735412554983,-0.008494673033550337,-0.014741600072498584,0.0015949113007227567,0.004256502185533195
2019-12-03,-0.017829819276927728,-0.02028567365280942,-0.0014558045143437948,-0.012854362526801832,0.0009304320085210538,-0.0016049397907414997,-0.007598477279417093,-0.006706768586201117,0.0006049867439315015,-0.005113509121023263,-0.007892417700493537
2019-12-04,0.008826071285014336,0.0004285257324052605,0.01618561957301745,0.01972538375705346,0.00910789197466233,0.003616676214772685,0.00847526045323077,0.006170135042147695,-0.0071466548554666165,0.00016837375714562341,0.0113436883749789
2019-12-05,0.014670966829107845,0.0066372557403870935,0.0012911365481087511,0.005440597991819729,-0.0018420118741289127,0.0005338730377526524,-0.003246990266540073,0.0017980253155915893,0.007142776216202407,0.0042317021181366155,-0.003496021660690629
2019-12-06,0.019316487110065728,0.011839841521398498,0.00587591767040152,0.014880495959351814,0.004244188369827873,0.012139346184381727,0.016431836439581238,0.009134223626574789,0.001539583096224817,0.009438508871749463,0.016079473177556203
2019-12-09,-0.014000177875140962,0.0007705815871152932,0.0008544308841667014,-0.0046655181925866485,-0.006431385729354755,-0.002570309610456012,0.0,-0.0031440149917713045,0.004116910933848805,-0.0035065418601915033,0.002158200474689398
2019-12-10,0.005844510665246938,0.00028024479379684664,-0.003629580024126944,0.0006698305364745138,-0.00554852059217914,-0.0015191992875920324,0.008530893353842828,-0.0011155165816119084,-0.0036081080927556908,-0.0018426098419518366,-0.00861340407616018
2019-12-11,0.00852915800582621,0.007909052048905352,0.0070718738978332585,-0.0023791882629699,0.0033476006427808347,0.0037714668399839724,0.015702787314670896,0.002839068074858231,-0.0013719184896933134,-0.0011754404412379627,-0.001447904292601665
2019-12-12,0.0025484333370928702,0.019305508008075956,0.0025535499183151344,0.02861848367965969,0.003521707563901799,0.01015151023413674,0.03096505546810624,0.008619036612821818,0.0034612955837522996,0.006386535480746858,0.020011311140436305
2019-12-13,0.0135933109534212,-0.008515945106273182,0.00028296202241273605,-0.0087670625379207,0.00517192469569161,0.008418100021110098,-0.0003571541389773003,0.000598987386679406,0.013688369341077644,0.004425720185660342,-0.015780330697262812
2019-12-16,0.017117889349747673,-0.0011681214057513989,0.0028999440179215963,0.003873868631220523,0.0,0.006471305323392906,0.005179129436615915,0.006869917725117247,0.005941348577593875,0.0020781249853838446,0.011122113331395234
2019-12-17,0.0019654404859685837,0.006948307623133365,0.012483087592823017,0.0061162494236348675,0.0,-0.0054007377285681946,0.013946368300808532,0.00021913687240604496,-0.003865920205312623,0.006139090838277239,-0.004571222243335948
2019-12-18,-0.0023894214719175633,0.005123569274173789,-0.002577385337907301,-0.0010129798323782468,-0.009371650275458165,-0.0020690927547943883,0.005343732480805441,6.253665737765424e-05,-0.003341868090820821,-0.011708437474710953,0.0027266501350275973
2019-12-19,0.0010006381389671137,-0.014273752566458464,0.01508508986722279,-0.004998602772298133,0.007605312633688799,0.008680643422081191,0.02592481681100489,0.004099368956154814,0.008869771942751958,0.0018355487280972138,-0.006869955990989385
2019-12-20,-0.0020712279311217996,0.017583921681711967,0.004884623185852366,-0.0008008029966132257,0.01196612534968855,0.010917953624925314,0.01660584528817277,0.004383850094616726,0.007826693900531367,0.0017488902975060228,0.007926449521279855
2019-12-23,0.01631841583386162,0.006302058006794509,0.0026018027468468485,-0.0002912530353549325,-0.001091281943075173,0.0,-0.002297647251526036,0.001527906289249259,-0.004893701670837802,-0.010474606370761697,0.005004084922567653
2019-12-24,0.0009504914534967934,-0.00686855352106619,-0.003482665753273273,0.002769506678711453,-0.0036425113855458324,-0.0001905358446326888,-0.0008376585720045737,3.1059742789940614e-05,0.002619397262633827,0.004032290677014938,-0.003841259900108529
2019-12-26,0.019840512307712777,0.0050176701613899866,-0.0006851235071715367,0.010611896347981098,0.0056661465896821195,0.008196448916610644,0.0023890349573716385,0.0053233494995315045,0.008476418707130451,8.390188542817256e-05,0.0015710409621845223
2019-12-27,-0.0003798328844580867,0.00040481644742240697,-0.0005490632856341993,0.0007192316218689321,0.005997905737229248,0.001827559896230735,-0.00969944993652494,-0.0002474655515407598,0.001216071170670796,0.0005854856057574409,-0.003422170299716365
2019-12-30,0.005935340252868571,-0.0051256000734708485,-0.003087146371005156,-0.0036650971918418263,-0.0014453049669038709,-0.008618056384872341,-0.019209098934342195,-0.005513511831926499,-0.008236872697789166,-0.001588573893463452,-0.005866310423077725
2019-12-31,0.007306938015888109,0.001084515200248548,0.003922959859416819,0.0055542566608599575,0.001447396896828046,0.0006977650826143211,0.012827009180420346,0.002429242840970236,0.00037251089192236186,-0.004689848824940945,0.004317823258326525
2020-01-02,0.02281623306143299,0.019298272473216693,0.0006860314063010797,0.012123051954112452,-0.0065039982852795886,0.018516061870675893,0.01959235720922159,0.009352029764723158,0.017137032196283597,0.0008412237512098741,0.016050521170871468
2020-01-03,-0.00972223555305185,-0.01388414222297396,-0.011578017471452595,-0.013196161177929766,-0.0054555232630855155,-0.012451583122962795,-0.016005991522829888,-0.007572576883606352,-0.007953208332956763,-0.008828158276146136,-0.00803984279542802
2020-01-06,0.00796856159341841,-0.0006738114977479226,-0.0012478570162093305,-0.0007952465933320774,-0.00036579291583604956,0.0025846688167920906,0.004193448232796548,0.003815386864776338,-0.0021627697549819747,-0.0020356950294467824,0.007678223913467619
2020-01-07,-0.004703291120300435,-0.01321260875921837,0.006106819911812611,-0.017000464191951892,-0.007682252143689117,-0.009117925837323959,0.012106801635321629,-0.0028118190537904653,-0.0026424865431664557,-0.009264914186658757,-0.008184016099902491
2020-01-08,0.01608639743431306,0.00888091996478857,-0.00013808637731294038,0.00780114234088769,0.0018429417856533625,0.01592854068244809,0.001875352872863001,0.005329624986319281,0.01711772090847763,-0.003431574561984063,-0.015080235363558514
2020-01-09,0.021240790149410715,-0.0025054967831894537,0.0029666839508490916,0.0036510010773078694,0.01821536562103354,0.012492704791182696,0.010982960304122935,0.006780698160850029,0.006930041159118661,0.010330387708670452,0.007655528517312327
2020-01-10,0.002260411983692867,-0.008010337595210415,-0.0022698637736237037,-0.009967822100771406,0.003433419308768171,-0.0046267618622330975,0.00534922034146601,-0.0028779489906372024,0.002690948483445643,-0.00835032524326662,-0.008887587765423421
2020-01-13,0.02136448898654808,0.004721854627004474,0.0044119194229410574,0.008304478337952226,0.010804859295400648,0.012024326394297846,0.03135235511669787,0.006877303664420964,0.008050685154249893,-0.004296317416124795,0.009545850818606372
2020-01-14,-0.01350329591601862,-0.0009534604906181743,0.005628172883560101,0.011661369019848156,-0.0023162009634871694,-0.007043043722708475,-0.018652296037876104,-0.0015244867299315512,0.0036860950552757288,0.0025889995570993474,-0.008596056688893516
2020-01-15,-0.004285443483827089,-0.007567556479664228,0.0033440042017753857,-0.014985301690666586,0.01250019293238469,0.006476403560946586,-0.00691548361958394,0.002259701579521378,0.019128023381866255,-0.0077467266135992086,-0.0015895834817369892
2020-01-16,0.01252653299157025,0.01579992421752019,0.008094982788066085,0.003876440925464797,0.00211646247852304,0.018323171654584636,0.013682711261961744,0.008318612742991727,0.005755354816204372,0.005378367987263211,-0.003907903427112114
2020-01-17,0.011070782259575251,0.006401831796603474,0.006545265855205207,0.00692197686011764,0.0021119107414906413,0.00559668960564963,0.0014060005848703927,0.0031124609728312436,0.01866152562341239,-0.008110423616020879,-0.0037780510081421026
2020-01-21,-0.006776672170022979,-0.013059965753088432,0.0006704260321712674,-0.009840994390940994,0.0040392098710380075,-0.0035907993771864266,-0.0053755609353743905,-0.001958264043706359,0.012652710955502133,0.005480016992098324,-0.014293989824652797
2020-01-22,0.0035694157242023294,-0.022077792437454113,-0.0068335804395636135,-0.0011692513350725076,0.007696645725890017,-0.004804663076855564,0.008752150670029657,0.0001207621089531763,0.002942546201260443,0.0044121035126145625,-0.00577090850765305
2020-01-23,0.004815716936555914,0.0008415583553817996,0.0018889043793985927,-0.0010242676837839415,0.003818647593298641,0.0061557690424896006,0.010995072380404647,0.001146949942723241,-0.006637577430714137,-0.0024980505685899823,-0.006251055806009376
2020-01-24,-0.0028818340849521284,-0.016602325454360245,-0.0014138997524538732,-0.02482794764606744,-0.002593722513315355,-0.010077076398836038,-0.009412300547893993,-0.008893086156143593,-0.007360068635972272,-0.01243354632767213,-0.006739225482519484
2020-01-27,-0.02940551814134651,-0.033124808614144574,0.0028990454825013057,-0.008411448514429765,-0.003467585276124341,-0.016723010576171093,-0.04104108136306539,-0.016029660523745548,-0.01614633462795456,0.013027792638871993,-0.023824119656677967
2020-01-28,0.028289819145272066,0.007441562775262867,0.0050420865642515356,0.018177450687967944,-0.008176747948536622,0.0195957719868165,0.032348031747334804,0.010479263619984414,0.005751276548948914,0.006387069260227474,-0.0013900293620722204
2020-01-29,0.02093214737043847,-0.00702063119939933,0.006956491246761898,-0.0014873448815360124,0.0,0.015592572079768274,-0.009799501639490393,-0.0008260131566023565,0.009908989172147109,-0.006089403901078705,-0.00835273355005961
2020-01-30,-0.001449177547544589,-0.0030198941345344066,-0.001195602788077399,0.01236652755091927,0.032450476443084186,0.028207785176565858,0.0010992532483866668,0.003245486588253632,0.016352368608534062,0.005953990216680083,0.0106067470448592
2020-01-31,-0.04433874341411803,-0.02969626784371704,-0.009909621414850855,-0.025976863657966143,-0.007814982594379738,-0.014758672428588304,-0.03815934959704881,-0.018157902372896495,-0.04437810650392393,-0.01792773503166678,-0.041209916221091936
2020-02-03,-0.0027463405667008667,-0.01202875340549281,0.008732673670654112,0.007630750992997148,0.003082119948526918,0.024378809277848967,0.016495690305277977,0.007428473431799976,0.00924762536705015,-0.0019213151868749945,-0.02237624734487831
2020-02-04,0.03301379620373468,0.028820141719115178,0.009522276899995852,0.014396072240198343,0.004438500917574473,0.032916419969629906,0.028294259145773548,0.015241248581891798,0.013694582261149169,0.008750967621933947,-0.01251411515781864
2020-02-05,0.008154658327208075,0.029435951023669027,0.015765445545985912,0.01700049499924705,0.00016979926567750603,-0.0012211525561529601,0.01468859380110743,0.011547952695516006,-0.003684307986033475,0.013360042934356775,0.04602268289273703
2020-02-06,0.01169646431387883,-0.001382574385549229,-0.002987547929646839,0.00014518663768647855,0.0023789971067957882,0.02073400908145895,0.013917543950772826,0.003364888762735996,0.0011338297434635436,-0.004280394240246843,-0.013550107916349252
2020-02-07,-0.013592472472846895,-0.028269551016751437,-0.010681798361692918,-0.003197268197726033,0.003390422527045356,0.0014154659922032131,-0.01046204722052213,-0.0053293376917290525,-0.0014776236618188054,0.001203825928426161,-0.0066256698375302125
2020-02-10,0.0047496846282879535,0.0071233769693968,-0.0001975862251012428,0.0041552505134128115,0.00946085469894875,0.02615692027843397,0.045232407124601304,0.007465250500056531,0.016030568237521914,-0.010304981544526526,-0.010561189833668494
2020-02-11,-0.006033471584418804,0.01392161666803493,0.0008559952868236742,0.0018874787866101084,-0.0026778229270825182,-0.02257533616593632,0.018709447763796128,0.001732915878303265,-0.009951871866079709,0.00130157566810718,0.009506330610807856
2020-02-12,0.02374798968758185,0.02496543542487717,-0.00592128393914515,0.0,-0.0030205712961350883,0.0014637751746355843,0.017357789223152453,0.006442729006431058,0.017161765943881413,0.0038991096045355444,0.012225514942869165
2020-02-13,-0.0071213064869213305,0.0009312128594352043,-0.006618702722418712,-0.0008694523193228942,0.003366610693371186,-0.005413601382895261,-0.006457947783774176,-0.0010666497325685365,0.001255170411268658,0.013724733691666824,-0.005549150108393963
2020-02-14,0.00024622325532441813,-0.01238208199472024,0.0002663441247632292,-0.003045862826360435,0.005703824431938731,0.00892694430244001,0.07020463337503213,0.0016015837044520698,0.013934413360042974,0.0038318067533611444,-0.004595422859321463
2020-02-18,-0.018310376956608865,-0.01021787021506293,-0.006594535443597671,-0.013240383211693296,-0.00700619089742438,0.010142907667787027,0.02339616147107204,-0.0025766440535127666,0.004327215098881343,0.014759769957447322,-0.01269577598481253
2020-02-19,0.014482705599493384,0.002049648171549734,-0.0013405102377566092,0.013638954093147637,0.004031695899220145,0.002999196552945671,0.06113246115790605,0.004781024485077445,0.009990651549016905,-0.016300556467993443,0.007681880029189125
2020-02-20,-0.010258953891203126,0.0005116478600797336,-0.0038272687286070584,0.0,-0.000836563874528462,-0.015271335687442211,-0.01906593585099947,-0.0041082499164091235,-0.008719581515163721,8.499412743701029e-05,-0.007954897875589229
2020-02-21,-0.022635228372572702,0.0020452295215331873,0.010514487914319082,-0.012219066158720038,0.006865333818676822,-0.03161270611649891,-0.04739235275395781,-0.01029823794052731,-0.012485190689267567,0.007562240955932609,-0.012195021408736406
2020-02-24,-0.04750028469641665,-0.03673250938003625,-0.020606891644853853,-0.026875707517819758,-0.02461311228385843,-0.04311554580111243,-0.07069742727442263,-0.03316546530018982,-0.047986269914426005,-0.019058875627345984,-0.04684614603053694
2020-02-25,-0.03387210560411347,-0.023984108901821788,-0.008635247615893182,-0.04464286388457961,-0.01415191025394491,-0.016501820226867747,-0.041093385616041034,-0.03030200449541598,-0.05226624449226458,-0.016592111601934634,-0.038325029575436265
2020-02-26,0.015863598504828325,-0.005813938309945477,-0.006706071508048583,0.003009822122314487,-0.0038048593089335947,0.012494898355510431,0.02137007679776426,-0.0036781311821099116,-0.006316172793095043,-0.005332665301967743,-0.021955816875483203
2020-02-27,-0.06536798603167582,-0.03883035586895556,-0.031737417541739865,-0.041614134331103614,-0.04635411153765723,-0.07045864748359876,-0.055665439177659315,-0.04491175386308599,-0.03845962656233892,-0.029706341895554766,-0.060177318348536124
2020-02-28,-0.0005853593379546718,0.007868913507940833,-0.03335240098081971,-0.04333832109862101,-0.02621516452505246,0.02421261006483566,0.06916049694158644,-0.004201670742824848,0.009721996100418684,-0.0246380039997105,0.03251681612366686
2020-03-02,0.09310109652096843,0.027044360182221006,0.04119621677202834,0.04659344437130453,0.04542894876620274,0.06653922008175028,0.023549434199001684,0.04330656161394253,0.05815323502486747,0.07615172778616208,0.04743416978920134
2020-03-03,-0.0317593752115346,-0.02523520689226022,-0.031638536501613856,-0.03752466075527683,0.002503564590005114,-0.04791929687557506,-0.03812889295283428,-0.02863225667385716,-0.034316021684931086,-0.02563008142142509,-0.04788400161057993
2020-03-04,0.04638424791281692,0.024280574290877377,0.058190243995816626,0.024709256102988464,0.051016726198918505,0.03671479441044001,0.07002876633256161,0.04203341990633347,0.046088122598448855,0.03418675936180837,0.02183238932950249
2020-03-05,-0.032436878501515665,-0.04262165363828119,-0.010245497378347568,-0.04906123107049076,-0.03699934925034443,-0.025095060407864023,-0.03943638967363505,-0.03324221230931068,-0.037726760548337346,-0.007279302576300939,-0.044067276542380185
2020-03-06,-0.013280032230112981,-0.004591174944452825,0.00014078400008687986,-0.05168037514522761,-0.026083815857363968,-0.028267452689662798,-0.026528356503849104,-0.016530965646071816,-0.013906759151286696,0.011301122939888275,-0.04829365960302179
2020-03-09,-0.07909216865948254,-0.14282185441292572,-0.039357742170623156,-0.13545523724404207,-0.06152756051449371,-0.06777248464901875,-0.07743205210675774,-0.07809434700014639,-0.07176182287508437,-0.0005972425524654046,-0.12224781630465087
2020-03-10,0.07202169854290252,0.023253643058852802,0.038111846435703534,0.07769711098580356,0.034709199466090856,0.06838380666533128,0.06372237012656079,0.05174464326907713,0.06702521574647258,0.022447756734332414,0.03702822376106574
2020-03-11,-0.034730754606158154,-0.05446533982178359,-0.06947185146656243,-0.0470704162595067,-0.027022235924313076,-0.04530160873531541,-0.055959715625020445,-0.04874858976860652,-0.05284786349591952,-0.044744910829867646,-0.03294204938929268
2020-03-12,-0.09875433508235965,-0.08372230601150821,-0.0484824635604999,-0.08243042554625646,-0.09672468069528561,-0.09483874138359027,-0.12236794331598622,-0.09567692937644157,-0.07441444107188133,-0.09071059506340906,-0.11434001959165563
2020-03-13,0.11980836497892788,0.07999142267448378,0.07080764273244866,0.1801252833474778,0.03679148819687739,0.14216941698856056,0.11340220895576891,0.08548601008903933,0.09838808234728202,0.09658825191859322,0.025282605452319862
2020-03-16,-0.12864715393430393,-0.06252520884231294,-0.0533174774139652,-0.14964895557977198,-0.06622667738587329,-0.147390574105421,-0.18452093875370656,-0.10942348973698912,-0.13547164919300003,-0.06432951734453196,-0.09522559867936697
2020-03-17,0.043970278807924146,0.07269045579078282,0.07441204980677019,0.06111358601135053,0.042421693600598775,0.0823369599782029,0.10626273992394819,0.053991900195986986,0.038681447600118046,0.11708538670633417,0.06726573355457655
2020-03-18,-0.024480036696307383,-0.0007982963702205526,-0.011933740641312252,-0.105268779937569,-0.04938532817386798,-0.04209609150948901,-0.06650712206670695,-0.050632856909107016,-0.05959822277075977,0.027838328777724852,-0.10024463826042795
2020-03-19,-0.007661937399943253,0.02886512968513455,-0.058609765075439135,0.016807756833957077,-0.0673353540626015,0.01645300938697769,0.05004438196029026,0.0021249972100079173,0.025390876756170355,-0.02122275503642035,0.03955344396527005
2020-03-20,-0.06348564984718164,-0.07290551112783972,-0.05635565538033027,-0.021102014909753608,-0.08438935010890358,-0.037558751115913,-0.03390161277052561,-0.04309435802905781,-0.0355996056626805,-0.04587693538941218,-0.04908520001363181
2020-03-23,-0.021244200250681078,-0.038219995415575414,-0.07298373596580898,-0.05353298375713578,-0.019321022519523057,-0.00997493900010571,0.03373036097730786,-0.02556823327093294,-0.07552967735854532,0.002719961188346831,-0.039401568793509645
2020-03-24,0.10032538213032338,0.10332089409460976,0.0723411340268314,0.1189421406396447,0.05031919150987729,0.09089608986801756,0.17156409424404662,0.09060337908770744,0.13842672835261838,0.006562852054974533,0.1268682043325584
2020-03-25,-0.0055086099954433365,0.032859340345461785,0.0018459624236002448,0.03731783187176174,0.05475294406137454,-0.00957256824557029,-0.014286774885588382,0.014970080167451494,0.046916384813292966,-0.04894380257045372,0.05220085373837002
2020-03-26,0.05262289007671117,0.0556990060964786,0.060050299896927006,0.0696608511703023,0.06440798844559525,0.06255078641698386,0.047308862904380744,0.0583898836786505,0.043886701321315336,0.003839400551060468,0.04102988250929274
2020-03-27,-0.04140228588374306,-0.04579169378728687,-0.026941688923942886,-0.07123923976491942,-0.03341620445810789,-0.0410606102323291,-0.017532398621840084,-0.029785647700055984,-0.043344487244899366,-0.0021855195783200276,-0.048171126019221355
2020-03-30,0.028537974111091824,0.05946478816025991,0.07997729865320924,0.026006856305966775,0.051155968538872276,0.07034055281426421,0.05088448082538899,0.032475851662761235,0.02482060548144749,0.05119549025403325,0.014885037795569378
2020-03-31,-0.0020409290934350066,0.03876093633528277,-0.01413419268191396,-0.03711224236045274,-0.0166665796536285,-0.015727121145933,-0.007492690757602394,-0.014905499134217015,-0.026877168477676183,-0.013629852955875932,0.012533463325806293
2020-04-01,-0.05261693953038693,-0.040416887499373,-0.017692446587244004,-0.06297902338328376,-0.048135608324143764,-0.03550853163447831,-0.07788305520103622,-0.04500473500592761,-0.04971427229714853,0.004576740264512269,-0.011588258304982557
2020-04-02,0.016686692402984926,0.04840600307367526,0.03369306182550913,0.037339898278196726,0.0434472384517981,0.02070855402599836,0.05101400934639955,0.023075272883954945,0.02795400285657701,0.03951309043836915,0.0764725646631712
2020-04-03,-0.014371432569642795,-0.017731624902728504,0.007660477923635556,-0.02955791926761675,-0.002730298229189465,-0.009210099703240826,-0.045249848718428964,-0.014454161160440737,-0.035199175824175866,0.0069952849309986576,-0.02945587617359624
2020-04-06,0.08723761167342614,0.05023100536187286,0.0416636876967178,0.06436628249186271,0.06479543635105656,0.07436780625248152,0.10040581183667108,0.06716648145280946,0.11583778226078145,0.05515544808234418,0.032134694066007
2020-04-07,-0.011582230537550475,0.01237244421454431,-0.016313924591807583,0.013190635840876874,-0.003428131823616676,-0.010770060966284967,-0.03491046643308171,0.0010192225972476265,-0.0050164259239441344,-0.032362962809374896,0.019026538651731872
2020-04-08,0.02559422407088685,0.04494733616074176,0.04204266706801518,0.04037933810479344,0.02816595904121888,0.01003135067869354,0.030575538636575805,0.0335683383369032,0.03766522349334789,-0.0012295523154102206,0.06328839560311805
2020-04-09,0.007216601259350641,-0.018602957887588367,-0.014170058053996737,0.08971370393739808,0.02467608769597085,6.054025893087456e-05,-0.014984080047804715,0.015217405430886455,-0.0071450424641226196,-0.00032835236888251185,-0.016420016530495407
2020-04-13,0.019627602352864093,-0.08709901149566912,-0.01033746333648955,-0.04447234977864656,-0.0422448972109275,0.002240438873734707,0.026240481598352128,-0.009130178594395466,-0.027059746547732244,0.028735772557547445,-0.008578602649404798
2020-04-14,0.0505030609054784,0.020501294055244257,0.04478795309111683,-0.02739607405082778,0.042403332908307556,0.04948342325600574,0.05225134906323414,0.029492833383965245,0.0333154524731365,0.029529023372399932,-0.007717498795502542
2020-04-15,-0.009127653598593133,-0.04249680399907119,0.011161854976178276,-0.049319364137530464,-0.02677829539470744,-0.01047795030802623,-0.010952384295929374,-0.02124791468064824,-0.049593576125142036,-0.0018601863196894275,-0.045957878423079745
2020-04-16,0.007945917404504677,0.015153028484215625,0.013612109995053023,-0.038109773584860895,-0.010712191974772245,0.03002088146083115,0.04935176068471292,0.00482390488365847,-0.021330269604012297,0.02772577869724091,-0.032855780458208916
2020-04-17,-0.013568395984357995,0.036634367849870175,0.015701603740012615,0.08988889845038917,0.020382570526538135,0.008811484391040736,-0.008076040682496344,0.027015707430656732,0.04383701226498382,-0.0015868684425859314,0.10395915431432745
2020-04-20,-0.020756816077522222,-0.01461733458489678,-0.002302596428053305,-0.0364574902375403,-0.031835568213775534,-0.01982068382431812,-0.018028169457447896,-0.017617833186385434,-0.03137876965621755,-0.017181434824951713,-0.047200451992726045
2020-04-21,-0.030910559994339448,-0.0414487209679304,-0.013120403931926705,-0.0290041454493406,-0.0247150122208335,-0.041357502230912946,-0.06110438476506996,-0.030363493619991022,-0.02247044444578361,-0.004928792011706595,-0.005342627141526557
2020-04-22,0.02880389808279027,0.007191839376775366,0.022113660599455187,0.003256277049729972,0.006610704970986703,0.033965192962772894,0.06174172734460215,0.02219437298095639,0.037750105899128306,0.018419611903222055,0.028564647224117
2020-04-23,-0.0038760785787880225,0.020516745769087574,0.01647149686468774,0.0005597781228459109,-0.013353716005601535,-0.012102171956103858,-0.007478639349903005,-7.131474638100155e-05,-0.0012607816328703558,-0.023253919883657548,0.031331795081526836
2020-04-24,0.02886988213558106,0.010007991448505837,-0.004179474762725621,0.014766861314264412,0.007987655571474184,0.01825895851399495,0.019647068400544754,0.013938674127341288,0.005649786894171394,0.007079989862209146,0.006444167623229635
2020-04-27,0.0007069844366256461,0.010171965844236741,-0.003680959735884115,0.043104500374593124,0.029715989570874957,-0.0028643919138893192,0.025864243833440215,0.014418282032036878,0.0265360594246542,-0.008807051026043622,0.004801978139996166
2020-04-28,-0.01620997938470181,0.002257004021397835,-0.01879565555781426,0.007080743054808325,-0.0008551405329522144,-0.024361036696063154,-0.019254026110796185,-0.004598215072535328,-0.0029689780960845402,-0.0023383554323539446,0.02344107074829238
2020-04-29,0.032845801947947395,0.03984068912086136,-0.007596063391026919,0.026970256086320754,0.008129999570289703,0.04487366598766607,0.02436847796349606,0.026178511187527453,0.061547375400120785,-0.034374902145667297,0.05537010586291413
2020-04-30,0.02109601845754705,-0.03065145049683371,-0.0013315049176825244,-0.021459086497214175,-0.026103392537703662,0.010032309019760044,-0.020706303138469218,-0.00931062443050179,-0.016887821624760324,-0.01658586497422876,-0.020859583907596457
2020-05-01,-0.01609916572327008,-0.047258773364844964,-0.011663767096280475,-0.026211463037989158,-0.006319707154913146,-0.02589141129705619,-0.03250283085596273,-0.026473682322916248,-0.017625299518804982,0.01127110708401724,-0.07165905489147584
2020-05-04,0.014148855276888916,-0.02849934801504017,-0.000134699520620285,-0.011903402454916057,-0.010087486506073717,0.024459903432606733,0.0300939106382907,0.002758165152818126,0.0033036777860877553,0.006345600975389276,0.04033396400325362
2020-05-05,0.01500838512678171,0.011047180502895104,0.00829581722760464,-0.0015192608777802041,0.005759848181092764,0.01073607220343864,0.008410733474821797,0.009239451048645098,0.013000019664184626,0.008326580424651953,-0.0011143308376556638
2020-05-06,0.010317609940983408,-0.011385622790384464,-0.009498459578006102,-0.01880461060586125,-0.014317206542063254,0.00984704432372241,0.013787695554817292,-0.006778835871272926,0.0019057586939505988,-0.011464865814275638,-0.018737171629665816
2020-05-07,0.010345019352298035,-0.003529529851396873,-0.0033088320013020533,0.010413218602993046,-0.0033520406498365185,0.005807507905158493,0.023775096337373958,0.012066848928559581,0.022037929459983063,-0.007086931103420069,0.005682661802747679
2020-05-08,0.023801670469367986,0.04492514973999806,0.007520654621862688,0.01633583845721165,0.03385676119918801,0.00588199860639671,0.02502721812467401,0.01654617810370862,0.012970783305145117,0.008614227221238835,0.043851650025959144
2020-05-11,0.015735208313705673,-0.03121922193666471,0.002757296286038491,-0.029449772175104916,-0.012361716681753787,0.011154413452311163,0.032383875015382424,0.00020532303379572348,-0.00826606861109469,0.005937854741306925,-0.009527580529974267
2020-05-12,-0.011428426774530931,-0.033238439894510585,-0.013211581216392543,-0.032677583511226294,-0.015810433409195745,-0.022651781053731446,-0.03260794642360543,-0.01993136290235309,-0.02228182477735785,0.0008893690089724071,-0.016715019703619438
2020-05-13,-0.012074104738124314,-0.004952349224313979,-6.82153441227129e-05,-0.034470734415808724,-0.019634255425492797,-0.015122621403736769,-0.0028835732942967818,-0.017685996068875554,-0.011608981972070942,-0.0005651861359691202,-0.04963739340673956
2020-05-14,0.006143260930968841,0.016366924828425722,0.003466451767505596,0.04153269528550374,-0.005461735040484417,0.004339499032985028,0.0321978355103425,0.011967410348139973,0.021514468870632797,-0.002344369461086515,0.008824282056562716
2020-05-15,-0.005911774469133713,0.0162915167642399,0.01896498585544748,-0.01851007015319661,-0.010068785499987354,0.014568416869986667,0.05731308483584607,0.004596619350278219,0.014317327791558698,0.02041799559847135,-0.007092343529674472
2020-05-18,0.02356104603222753,0.06578942047756176,0.0005318820038746619,0.05296858434676599,0.039528459907591795,0.009554359856746908,0.030562296401126066,0.03045977238677655,0.042999845323672625,0.013657441848931251,0.0795238938188414
2020-05-19,-0.005778317594011817,-0.02556073734572939,-0.009965692343367194,-0.019679471907881663,-0.009561941291759912,-0.00692248417881447,0.006314282622040812,-0.010271272851424262,-0.010554992250707218,-0.0212282547778887,-0.030877682559619868
2020-05-20,0.019447889070514535,0.03220907536654605,-0.008991984598775815,0.029999041085390088,0.030309881459880117,0.013870906233767855,0.018681278009942792,0.016988306246874973,0.023764165839765816,0.004001380641462715,0.032544153509890705
2020-05-21,-0.007455243166241021,-0.014089316731266122,-0.006568114025438776,-0.01270132201967511,-0.015689850503731506,-0.012011190960902196,-0.021711279604748168,-0.0069042274815895865,-0.016713212363295593,-0.0036669385661587395,-0.017852670823143568
2020-05-22,0.006438391566973456,-0.013940018243398855,-0.009128430089413664,-0.007762963647439891,-0.0030992639477586126,0.0004361053577333074,0.02860312429102252,0.0018993250493850589,0.0012591763037432813,-0.005280058666437215,0.000897329297901317
2020-05-26,-0.0067734867167803525,0.04392261191776958,0.0013161732426845152,0.07097355786117054,0.02354006541475928,-0.010571929034781435,-0.03417796849194965,0.012320688035203808,0.012364853863912506,-0.003780411198214706,0.029371876590157386
2020-05-27,0.004356713533347323,0.042671251865354476,0.002282740767771241,0.05792144052717685,0.013885879364399,0.001322160952450968,-0.022081442809515073,0.014878831274569793,-0.002069865571315721,-0.011141532847270375,0.007188351178135655
2020-05-28,0.0004400236647719158,-0.013723237729310389,0.014355840547197296,-0.014896322804944018,0.007703610850096965,-0.0022550543362225284,-0.004486685713765315,-0.0018453073618859284,0.007467864257765244,0.009879121283857817,-0.025951763925730842
2020-05-29,-0.0009739449424982505,-0.0050522946871887076,0.012111198879050544,-0.025535843067822084,-0.008706901181538163,0.01019851257826887,0.04577596500096903,0.004456238492197784,0.005045034107301616,0.00299110303900596,0.009547385947093812
2020-06-01,0.01229810396217168,0.0030798204732060963,-0.010487332852774256,0.013256730320845733,0.0066412416984478195,-0.0022919988888233656,-0.00780236766640785,0.00404174390629497,-0.004558467576553649,-0.000805957613102759,0.01781372761835609
2020-06-02,0.004629381175756286,0.02340259819939372,0.0072013862950286445,0.003346652741706535,-0.0019155653309732568,0.011376475972282751,0.0021576639192724123,0.008279923054776317,0.01034187350195026,-0.00016096162674794634,0.022255765712961395
2020-06-03,0.00550495722016664,0.030571057371072685,0.0026984770052820295,0.053977815978278665,0.021322343824402568,0.002433686555896042,-0.006317207833889449,0.013308489034249638,0.0025972278490216105,-0.003792406467739373,0.04079497809647048
2020-06-04,-0.008612080703477298,0.014714203380975288,-0.012916460901232774,0.02081153347253073,0.00041728420208553274,-0.013163542449741716,0.00011433054710008328,-0.0026266545732800406,-0.016406606223561715,-0.011014622627448123,-0.0028433548356545657
2020-06-05,0.028480930033616625,0.04776637188763666,0.0038847045440306704,0.04500167989423476,0.024415699722221573,0.02339822415791515,0.01751002764275289,0.02562954355586755,0.030830528420827452,-0.00450416163018541,0.08105906866912638
2020-06-08,0.005912737701097681,0.01924215720229161,-0.0035978208834530623,0.01995858384986482,0.015481799721916323,0.006196564833289786,-0.012892563865354645,0.012087115029899342,-5.01359938833712e-05,-0.0026322469881423505,0.03127374121258142
2020-06-09,0.03157798225839237,-0.02563156248242837,-0.0055187988383947895,-0.02565010657536748,-0.017051063646935982,0.007644779977559413,0.027370635553904954,-0.00745619324271285,-0.0026052064369220806,0.000906887530715661,-0.022287482286919347
2020-06-10,0.025727308362105905,-0.013041224261538753,0.01260568881515356,-0.04052835576470304,-0.007755304914168759,0.037091811312810474,0.03545756311826276,-0.0055804600891374845,0.007032282605354601,-0.0015659047999736497,-0.05362479809773657
2020-06-11,-0.048010297900355714,-0.08222601289566922,-0.046887678000421706,-0.08344320202197908,-0.06334814662659016,-0.05369838698746243,-0.06090681084973515,-0.05764873205510235,-0.057861103400780434,-0.008830915107221893,-0.08825246865048209
2020-06-12,0.008633429304115037,0.01316331903797785,0.0090865247675187,0.027363311365222964,0.010414250551569859,0.007891634662139602,0.015489368432024975,0.011975484348430099,0.017894890750139947,-0.01956891120487214,0.021437890429938822
2020-06-15,0.012367209442305294,0.003735182982068208,-0.006331627176130339,0.013818098192546868,0.01535084535918152,0.006392088391466988,0.027008172609985115,0.009335677373274676,-0.00260056153894217,0.0028879563054116097,-0.0006362302493708727
2020-06-16,0.026502282759263363,0.052584958295557094,0.022725932777394542,0.007999916998223,0.010150985469773444,0.024504888368668265,-0.011472667727622232,0.01924791725880115,0.0058407786973626585,0.013295651824368537,0.02248606345079396
2020-06-17,-0.0013919818835558262,-0.014449352916479419,-0.003045719989164253,-0.025279225159036023,-0.004062226302647298,0.0034615015558843165,0.018470355567947294,-0.004154034611034807,0.0035253941984751958,-0.005181256989538752,-0.032572557439972116
2020-06-18,0.000398481199441747,-0.004991209313756517,-0.004235719395808912,-0.005428291122617557,0.00880197712491504,0.010708036052035741,-0.0019488605384734292,0.00038478761443117016,0.0018082901260063622,-0.008737390396085898,0.006219013918356886
2020-06-19,-0.0057146953661968425,-0.001018781499502297,0.0029290673245561116,-0.011421027976913134,-0.020642525818215574,-0.0059594050996344405,0.004691616070959803,-0.005714401620119491,-0.00881869160260973,0.015764024886917083,-0.02003386251096173
2020-06-22,0.026163694057641962,-0.013101984262768873,-0.0030595611190978866,-0.010837150283956931,-0.006084417221828842,0.027773493268247185,0.028668025884450277,0.006414863638247503,0.014360409974780497,0.015269034487401134,0.009569337379228271
2020-06-23,0.02134478054648281,0.003656654713635632,-0.0036961164252787837,0.01219645286225246,-0.002186337079961631,0.006680905712146412,-0.008056250847919055,0.004603865309468436,0.015438767769234696,-0.005013438018286465,0.0060318574532427505
2020-06-24,-0.017651951318341186,-0.033187907295136654,-0.021279465578793566,-0.033391371986263296,-0.021691323270643603,-0.020157371006540803,-0.022698267282765583,-0.02550872492800471,-0.03313623413700573,-0.006359689259741952,-0.047109328215677815
2020-06-25,0.013275518436245637,0.02171040031451077,-0.001072867173706582,0.03486167368055226,0.006270799186686604,0.01263648431972042,0.02755649142987182,0.010720352923599297,0.013426533953468045,-0.004904266060399953,0.015056701586565469
2020-06-26,-0.03072567492780709,-0.01860312921801932,-0.013317157222019427,-0.05481841748072647,-0.03026936219882337,-0.02001620418912986,-0.03530029628168352,-0.023751473220143815,-0.024280936355937754,-0.011611630596473743,-0.03431522820549804
2020-06-29,0.023046671707259048,0.02336812053934323,0.008925054433944313,0.004428090368573834,0.018131942799312295,0.010747200032838355,0.004915415792121847,0.014697836271222009,0.011148369636188926,0.0062542348400191905,0.016048014596002247
2020-06-30,0.00834777017735,0.009979991784109021,0.011435974024795348,0.011397845725192424,0.007213905644678942,0.025549278172904977,0.03236403917888575,0.012809191750177362,0.00935285890325166,0.006047464130849445,0.009024896126808457
2020-07-01,-0.0018915718821507221,-0.0034783887436113936,-0.0017774923137156007,-0.008504907709179887,0.0031333449946990832,0.005847463309392564,0.003395778755375334,0.007004879407576103,0.0031580277724292394,-0.0007514666170034268,-0.02258463230474994
2020-07-02,0.0,0.013168482039208618,0.004202312986350432,0.0032482039277861308,0.0013385657790188077,0.00762100271051569,0.008630669418760117,0.005506909516232561,0.009753137456993466,-0.004010214709566973,0.008464703353376901
2020-07-06,0.02675016332557978,0.01338851971567201,0.01425846749749149,0.0252534616163389,0.007798404921192548,0.021526115532896517,0.023615275686976078,0.015437254802902034,0.010681110340308386,-0.0026845527344689923,0.007032553873547398
2020-07-07,-0.003103000826483071,-0.017229423406144972,-0.0009090919978785861,-0.028210566789989677,-0.0004420768325495983,-0.011627810408472605,0.003303138790059057,-0.010313497978878816,-0.018001446594459236,0.06779378156635407,-0.025906433601096346
2020-07-08,0.02329027001527506,0.007311286437279518,0.002940107795960767,0.01061510309058411,-0.0030966132843267546,0.021992853340224272,0.034872162482282754,0.007648602967982754,0.004479896960892793,-0.019771274865040822,-0.0023129487657570502
2020-07-09,0.00430019459184261,-0.018730660720026715,-0.005444328477986815,-0.021650517951463666,-0.025737756708299475,0.00700093758179321,0.028680780147530838,-0.005693092836957514,-0.01466109687620365,0.026598629097015936,-0.041260895460038416
2020-07-10,0.0017496294350527464,0.018133765050106332,-0.0008425779076211004,0.054666743298676934,0.028239361713740863,-0.00303295987176333,-0.002830880013391046,0.010210720223230219,0.0017685926075283742,0.022935820311579258,0.031189749477266382
2020-07-13,-0.00461341543650351,0.019998684494968222,0.01994873165834976,0.014334941827106595,0.002214907502384955,-0.030888814991982705,-0.040747336052815,-0.008659023180880965,-0.018332933318987887,-0.008876749161136677,0.00023420492235737278
2020-07-14,0.016548321514773923,0.04832633919896945,0.018662501389525632,0.005734713107723222,0.013701855730551493,0.006181626393773287,0.03230631044161103,0.012959049441656045,0.022802058950114112,0.019225101769932085,0.033051986529538
2020-07-15,0.00687738277066674,0.010812460143966529,0.0022981549930614076,0.015477049526160025,0.011554466292515109,-0.0014880058040857014,-0.014431026045850115,0.009187236560664891,0.01665533423635579,-7.585468420534536e-05,0.012707228087906364
2020-07-16,-0.012304909143187714,0.001445737680585868,0.006677927447356513,0.0028078216717613014,-0.005388094834010926,-0.019803718335456244,-0.009044555209989591,-0.00329355152511579,-0.015517789210217181,0.0015150493778224305,-0.007842473550981
2020-07-17,-0.002020174643142747,-0.0045811218036067025,0.0006698725702249941,-0.01849838859161268,0.014517805864099564,-0.005100101216351738,0.006586373370068399,0.0028989732161857074,0.008216996908548158,-0.0034796140532610265,-0.017163210990095767
2020-07-20,0.02107382682096648,-0.016581264294260212,0.001674193992031503,-0.008761285982639921,-0.014950748702598271,0.04298097068068252,0.03031427470455439,0.008081672063546597,0.01732568149632785,-0.002049546398985469,-0.023437680024291696
2020-07-21,-0.013801771162407217,0.009210344115156088,0.0009354948356803394,0.021685480568523152,0.023417015920138118,-0.013468741488624647,-0.017339864423694062,0.002127651530671626,-0.010026982442744137,0.006541438505632824,0.0505881659620564
2020-07-22,0.002809171998158,0.008169327213969346,0.001803213269588877,-0.00724260124690701,0.02711881783270953,0.014371362478620808,0.010674682294717242,0.005691973730763689,0.012113128537497131,0.002494061490776467,-0.023292175952285055
2020-07-23,-0.045516125494082016,-0.0027738970693093057,-0.0026664561427415245,0.002938502108146057,-0.004125444162526359,-0.04349474869138037,-0.029601160127944448,-0.011931876074352976,-0.007190878913336807,-0.007688804458355625,0.0020634831450492275
2020-07-24,-0.0024775232575459105,0.00717407196977482,-0.009959512784726177,-0.007072204146336136,0.0043496086477419205,-0.006122206343582626,0.006392041491236622,-0.00644010422946073,-0.011548429954323036,-0.003038855532305318,-0.00617815403286992
2020-07-27,0.023700428032636722,0.016790319416343902,-0.006345986444841967,-0.014041583527417911,-0.0002061778995179342,0.012667544387883645,0.02226717242378795,0.00729223391701006,0.009018822796402537,-0.00022842709577830522,0.014736179492674362
2020-07-28,-0.016427712951688545,-0.013295859434508617,-0.0023781721081121976,0.004334371120685576,-0.00618830749065058,-0.008977226648551495,-0.019767224532374894,-0.006342034757852777,-0.0008632703435437206,0.00419177790037617,-0.011799248663840967
2020-07-29,0.01916853402613583,0.018111724894301462,-0.0019749740859459353,0.024249829462050343,-0.0033207355665683114,0.010098110025343665,0.02447278428906885,0.012298445468403418,0.009352386347684982,-0.008120940881638505,0.011021652749934496
2020-07-30,0.012100109308319729,-0.027040292098540752,0.0020472129648865245,-0.026685103468836013,-0.006872080266642877,-0.0007841895183410275,0.014189430986377483,-0.0035677344626249274,-0.02276159718860704,-0.004361603738793796,-0.04905736799056659
2020-07-31,0.10468853767833997,-0.028157656389306007,-0.007355056914656877,-0.003916766153040152,-0.009435940870247905,0.005443875777532137,7.058866432707589e-05,0.007902119326083312,-0.018860196177310606,-0.005533534271072393,0.00501559127992679
2020-08-03,0.025197703822939843,-0.008278365910049712,0.010908366677730541,-0.005587991357622779,-0.019898475842714536,0.056241043244649624,0.03725969956985464,0.006951929295106796,0.0015232695323328382,-0.0007726978311881627,0.004039524864814181
2020-08-04,0.006678195063100745,-0.001972871804258425,-0.0008822531512384657,-0.0057228384464450555,0.008423248362677382,-0.015008515703880065,0.019754347646375514,0.003862731669410646,0.008390310561829928,0.01809787170293964,0.02887626878254146
2020-08-05,0.003624692370707283,0.026231698103801104,0.00801548857105705,0.0173729569082548,0.01135134564342466,-0.0016410303499917456,0.005254604883203617,0.006211107162005014,0.01981405839465422,-0.013901688471695484,0.008741678745067594
2020-08-06,0.03488911790826954,-0.004296998984869571,-0.00572807901100203,0.0003083492394035936,0.005506252842915504,0.016013962827612804,0.004319362550233574,0.00668444568971438,0.013615266195945885,-0.0035436786703156864,-0.004789454615261923
2020-08-07,-0.022735800709065335,0.003943306282456094,0.007116749074398188,0.02200757513410112,0.006739963367674129,-0.017887659638502695,-0.011997640839243262,0.0007179167153175126,-0.012124618692996192,0.004793094157995448,-0.004582593141867819
2020-08-10,0.014534872197099924,0.05262410779629878,-0.0038359996867978197,0.012678891776905843,-0.0016739966096031011,-0.019907887065211405,-0.0030804889704141303,0.002989157161482403,0.0021898259241368567,0.014695821197663772,0.024631481338065475
2020-08-11,-0.029739740378122104,0.0035910962056042717,-0.007160704172339494,0.0315975527813499,0.00440084406511243,-0.023385368141475293,-0.028213386189006595,-0.008255009511831335,0.004980092666859948,-0.012738859488669707,0.010334989830715458
2020-08-12,0.0332343727965172,0.00028054395494514495,0.018302998407237814,-0.008476092520063538,0.010431817586535885,0.028567224786077983,0.054401096092855594,0.013942605122923002,0.004904731216378577,0.012979950780014349,-0.000226845974219958
2020-08-13,0.017697423071288076,-0.013326985334311203,-0.011091782675421102,-0.00553718742700926,-0.001032261007916646,-0.0023422257229964716,0.0002403552635039663,-0.0018080550813065477,-0.004333777872715494,0.0038069917661294195,-0.024495364699460342
2020-08-14,-0.0008911256469380513,-0.005047190430534254,0.0016216259337866745,0.000390437944557398,0.0014469040744302664,0.0009578279551150093,0.010574178751872942,2.9908442779502664e-05,-0.004757641120991973,0.005688034645676465,0.004417276454014019
2020-08-17,-0.00261086954646772,-0.008859654525721572,0.005059521022930724,-0.02636463629032315,-0.00495376766184219,0.00660631587651439,0.06684539894999264,0.0031765948249316,0.014188380502647258,0.022624107137870775,-0.01296265062835078
2020-08-18,0.00833263330236722,-0.0025233443330917593,0.007382847519390889,-0.013940531468995432,0.004356114103429398,0.005754403215900039,-0.0061808082904901696,0.0021602544369407894,-0.0021061863219322685,-0.006563175168885271,-0.004924946487731896
2020-08-19,0.0012548157365437351,-0.0025292366647613473,0.001998731044481339,0.002339734389365633,-0.021685349126323916,-0.00606723525964703,-0.009970583052571924,-0.004163626978243906,0.009949264245205036,-0.017073715543072132,-0.011077515319056985
2020-08-20,0.0221897317402997,-0.003912085818513655,0.006848771190298031,-0.011973625812035205,-0.0004222017808415135,0.023271532009430107,0.00020569162783767858,0.0031134699831285584,0.01572224500900221,-0.013896251402269466,-0.01525247042868949
2020-08-21,0.05153228776533281,0.006909641336442673,0.008849548040811728,-0.0005137709987685923,-0.0014783785925689408,-0.007270037757028058,0.04468343221625348,0.00354757114220261,-9.797204873818188e-05,0.008118487609111602,-0.007502306183291285
2020-08-24,0.0119602563933916,0.02347747911689213,0.0026358595128650464,0.02815470537639042,0.01459373708582934,0.0031453032834087846,0.0028975801100565857,0.010133024869867002,0.01116944020208055,-0.002279335580569808,0.029505195059097433
2020-08-25,-0.008203702915561828,-0.0037406490517664093,-0.0005916210593559512,0.004397345579038259,-0.001250572778701331,0.01300941741585282,0.002338617574151103,0.003499472513442292,0.00818749289347065,-0.005330036038242558,-0.03173875367411494
2020-08-26,0.013599101034613037,0.004817801967206936,0.0015789041077178823,-0.014029930613016273,0.005218086138297995,0.021619690097800293,0.0018039185746352437,0.01002547681394228,0.010379605816750903,0.0005357180312863807,-0.02128164988232395
2020-08-27,-0.011954221952609312,0.01085778326171849,0.004464589093907012,0.032899353508073936,0.0014534190704924566,0.024553635924202233,-0.011332386517490467,0.002186595314542128,0.0036621254857658325,0.04537132483618822,-0.006748650369819087
2020-08-28,-0.0016201143083798275,0.0018135630631692656,0.004314234222255076,0.004103571525067462,0.033174537668931414,0.0102833319833322,0.04113796754053034,0.006459281392577454,0.022177064244532918,0.02686046868761305,0.023905656160131183
2020-08-31,0.03391205234020034,-0.009190420358205165,-0.0014970504783976546,-0.025104573186954693,-0.0060206531544757524,-0.01476581033170854,0.017246131013931132,-0.0036225520786762333,-0.017245346046947718,-0.010334810744437872,-0.01843228897605853
2020-09-01,0.03983279933115824,0.02628067039572901,-0.012319897844843664,-0.0004990439797705193,-0.008277733531839249,0.007715210525123473,0.033693727975591115,0.0094187833781334,0.006415489828011545,0.06294556400232643,-0.012768933811857175
2020-09-02,-0.02071866375601139,0.022047754006017994,0.015245908943132935,0.015078866207639097,0.04214166342469028,0.019272266988161313,0.03802205981208395,0.014463676151696081,0.014670671723005624,0.0006098815359683041,-0.006086781574772271
2020-09-03,-0.08006067623436941,-0.016815565330910553,-0.027823482254718757,-0.0031479902705957574,-0.013870000173008101,-0.06194686961750684,-0.09277529752118918,-0.03441432748034168,-0.03473772397309438,-0.021262139111148715,-0.002041331855463513
2020-09-04,0.0006618191822282959,0.009675500641618928,-0.006419101049265685,0.021612529090886623,0.011093517712233547,-0.014036080460035683,-0.030194916033164154,-0.008164322656441514,-0.02057798052523807,-0.011830813980495347,-0.0007668098011930358
2020-09-08,-0.06729489777784048,0.002294961470554524,-0.008950937021563132,-0.03477560036289162,-0.024098609728616993,-0.05409567473946286,-0.05620909170514965,-0.027323052968632577,-0.02218314315915637,-0.030665651376889147,-0.02302975721368916
2020-09-09,0.03988663040222762,0.0280768133687761,0.016569439943676434,0.009507186988055638,0.007629058444906134,0.042583839022249714,0.06732127295430756,0.019747358484242472,0.01968812870624359,0.010401052139960898,-0.006024040204085868
2020-09-10,-0.03264592750041018,-0.01853427651920403,-0.018637239515629456,-0.010310016284355017,-0.003785602812224287,-0.028018257920988776,-0.03171455267953549,-0.017363426337025034,-0.01234921967931002,-0.022017712244709386,-0.025033211046217807
2020-09-11,-0.013128964838708956,0.026491315308608376,0.005922095081152046,0.01242079404581431,0.02119976999207296,-0.006525084996648167,-0.011959822067957981,0.0005090495492097169,-0.0042671173793608075,-0.0008038150088771623,-0.002702319459226943
2020-09-14,0.030000054778073437,-0.0020802601214057193,0.003857046458676905,0.01385183436708659,0.0011846370897803382,0.006763701755053919,0.0581813720966633,0.013170919797884428,0.02142701849983286,0.004535502400293323,-0.006504440010429602
2020-09-15,0.0015604318235635795,-0.03198487591344257,0.003639988465594657,-0.03113097620296368,0.006704792147960603,0.016406217412981983,0.009225396474849878,0.005052311920781261,0.0020003331689224524,0.00029121072115634306,-0.010638163616614849
2020-09-16,-0.02951351316761086,0.01689104654279716,-0.0032910658176481533,0.004230285447538673,-0.005092967909441026,-0.01786545868901268,-0.036679356059223345,-0.0039685755991343274,-0.0012659470319579258,-0.008008209751568907,0.04245936997617705
2020-09-17,-0.015963672342599988,0.018264826323796113,-0.008288556941989267,-0.011434000604328975,-0.0047253079300703105,-0.010436622557485009,-0.0040751414914843576,-0.008795034156507509,0.0006823726929292562,0.0031559556774911623,-0.0002644555585255004
2020-09-18,-0.03172046651644589,-0.00961854996128475,0.013657946154089107,-0.0021307744072143198,-0.001978181239635779,-0.012419445386949834,-0.022004511180314323,-0.01151277391385197,-0.012958488142276514,-0.010242240102660616,-0.01613772244045275
2020-09-21,0.030325957385155533,-0.04632837697525616,-0.027349406260122056,-0.03091012570277507,-0.02695729001515812,0.010729274681275713,0.02690923874984441,-0.01112948284284987,-0.025467732241653773,0.013156971648650817,-0.020435320597967932
2020-09-22,0.015715775717813463,0.012523143984247254,-0.006133689074053983,-0.010911647182082151,0.01161113075987985,0.024093802907686923,0.009626529142927165,0.010184010943324662,0.01575116229069029,0.009046608370523623,-0.02470525867082707
2020-09-23,-0.04194625749853065,-0.01882434859860349,0.001594881380037716,-0.01622992988624261,-0.02919851402162066,-0.03292823213060947,-0.04067184746836994,-0.02319080493952408,-0.02587790749612018,-0.016774318594617865,-0.03208543025151167
2020-09-24,0.010269077844842434,0.005263683606731462,0.0015919078862913771,-0.0008624405004743485,0.010163962297735862,0.012961881445222811,0.018496680199519,0.0026653370330647075,0.0007678528641450466,0.0052211785552669365,-0.0020352851790510496
2020-09-25,0.037516117075014455,0.005305289688993797,0.006843693963403119,0.008741438923067557,0.0004106283180482784,0.0227864714695023,0.04257806430934852,0.016167240305196007,0.00884810994169638,0.004169747727689188,0.009323771265563385
2020-09-28,0.023868793788918374,0.012130751952718066,0.009954632426397714,0.028779461409185636,0.011494360779081614,0.007795111893434958,0.012525219699123902,0.016609241542562492,0.01556417408526567,-0.00014583822045721728,0.019341812528704594
2020-09-29,-0.007567805817305984,-0.0018279224704144115,-0.0003400875731586206,-0.008423548541074077,-0.007305603918866255,-0.010408952462238497,0.014633963180288312,-0.0054459934945557675,-0.004393030121637831,-0.0008014178765645141,-0.029170225274450234
2020-09-30,0.015075709467962994,0.011803463211145448,0.012376020320631342,0.009648304694732435,0.009198886699030462,0.01481260262329287,0.023042007289916233,0.007581889701772093,0.002657453035227908,0.020198213021084266,0.001458652161028251
2020-10-01,0.008462364865479799,-0.016359087680368534,-0.010478414621033494,0.007271473133252604,-0.0038485799613160454,0.010127117389024498,0.0062082338222138045,0.0064203915016618485,0.01690249867694371,0.022657580063319527,-0.03495482774724934
2020-10-02,-0.032280148130497954,0.022016179145322834,-0.0073308155640948724,0.009487485945059548,0.0036601384222916256,-0.029511576378165816,-0.04056348190546355,-0.00949457611579363,-0.009294116477944758,-0.018031941097855886,-0.004527779993526493
2020-10-05,0.030790756878283698,0.02367602488389986,0.01360772156635326,0.02113629511731574,0.00040532128684467317,0.02032118050094356,0.04442184203870991,0.017732837040370653,0.010324508821681455,0.009252861986787542,0.023044541793254103
2020-10-06,-0.028669295365065683,-0.012769499283039498,-0.013290404686353785,-0.0102990952331391,-0.008910704317600548,-0.021247547401053613,0.006890303741483583,-0.014215722180330848,-0.01518130091374581,-0.008251149975141314,-0.010373693318255106
2020-10-07,0.016967204693984383,0.02138156106313449,0.011076193932744172,0.017445679372758427,0.012668813806143264,0.019037515589204634,0.016561639132383732,0.0174062920055027,0.010077428677615963,0.001849019500977267,0.003294599750926386
2020-10-08,-0.0009558565161290611,0.012211934150732962,0.006830029486484035,0.020555236893224027,0.018159910279105906,0.003574429969129822,-0.008969517236147584,0.008862652567630747,0.00251889841810482,0.003335986225401655,0.05253709772326909
2020-10-09,0.017395650724724376,0.014553682480466845,0.013969861822740626,-0.005698471301455621,0.006935981786440504,0.02483606815451922,-0.005491615708851705,0.00893015473219072,0.01803120596908525,0.010044968714682634,-0.014747517755928863
2020-10-12,0.06352054200006951,0.023090749966842683,0.0057631903997275025,0.012253084861327146,0.005510689030866933,0.02590230826262463,0.03365965056547959,0.016087456566617586,-0.0011613437768543955,0.010295423441764928,-0.0031662224240225356
2020-10-13,-0.026527265674470946,-0.003013486417217659,-0.022919250292817495,-0.016204531881692796,-0.017028680578176303,0.00659465392443348,0.0015639579629322942,-0.00652604372167398,-0.010077478503419557,0.013726267802757652,-0.011839246836416129
2020-10-14,0.000743364473452246,0.009190687834191413,-0.0017524334559275712,-0.005556832854419103,-0.0019912700800827077,-0.00897429780081016,-0.010738084946621984,-0.006283467678532273,-0.010376004691891372,-0.015660198837428196,-0.0020460325832015736
2020-10-15,-0.003960756924753173,0.008740702964772806,-0.006144375225831555,0.014967159699723176,-0.0025938251276854674,-0.005433339083473987,-0.008885791167021484,-0.001235706159206873,-0.013105895351143038,0.004098923628468754,0.00878480421516259
2020-10-16,-0.014000723937201864,0.022479053415167982,0.006182361977603801,-0.0020647399340572026,0.00080024523702793,0.0,-0.011346051873973195,-0.000604180251065789,0.003557982775826085,0.001245417110121716,-0.010159687386445793
2020-10-19,-0.02554182190571086,-0.007229705176844625,-0.025523114918581502,-0.01684553579371506,-0.008195095017627718,-0.024765464307617724,-0.022716600950947186,-0.015203544892897325,-0.016428624323002183,-0.012162340464166421,-0.019941334558525425
2020-10-20,0.013192155481910994,0.008715139921929405,0.0015937899575788617,0.005711596005308017,0.01269652110338848,0.002007348490829175,0.010946422272425815,0.004005989973154822,0.003706291729104416,0.006645589921082662,0.008378231774528455
2020-10-21,-0.005446458453259084,-0.00940909946674695,-0.004289281040165127,-0.00996319343232921,-0.00517422920963051,0.0006988628016748599,-0.008848900946946903,-0.0018932102900439673,0.0036923644025712576,0.003474800385313115,-0.016023536550417772
2020-10-22,-0.009583447942787648,0.013500621108936572,0.007989920799976069,0.03532264222105708,0.013802645066869568,0.00041893537181936225,-0.012107450971671763,0.005485373028767837,-0.002217356241310031,-0.00588652603507811,0.05126646407682722
2020-10-23,-0.006133852893537184,-0.00023718457405197402,0.0011027303576502945,0.009039488223051784,-0.0031571324091483888,0.006235565768226925,0.017157915027939508,0.0033952522211992964,0.00010110057377366033,0.002089980594511154,-0.020080459697435105
2020-10-26,8.690140758371712e-05,-0.031971032782799,-0.008743947257932483,-0.024756621600851902,-0.014251419306585467,-0.02844178716427126,-0.03303833132601919,-0.01847997438003557,-0.02494826351603341,-0.0117484816437321,-0.023712000172450898
2020-10-27,0.013472444631829728,-0.032414299372816036,-0.005695834797594834,-0.018866215275197273,0.0020078818524165154,0.015089448401650163,0.019442770509157326,-0.0034472781945820152,-0.015590189065316395,0.004994396215559416,-0.015891734003168567
2020-10-28,-0.04631227940064908,-0.04274572163763002,-0.0334612649039111,-0.02808828962032417,-0.0388779010389283,-0.04956644306985181,-0.05745810264760198,-0.034178940151015524,-0.04835332549720883,-0.01980798461596278,-0.038086806140863794
2020-10-29,0.03705029826564887,0.023220394828693536,-0.008456263566284705,0.006525760088426535,0.0012511758985622734,0.010065292763370426,0.031440554157317724,0.010163362928732989,0.022115374041698388,-0.000857192338149404,0.0443462106945649
2020-10-30,-0.056017972677307015,0.015387591162155712,-0.0005831729161864807,0.008953414319950337,0.0008330749424183548,-0.010990482706494276,-0.03762291832273135,-0.010424998952238806,-0.017092993822009572,-0.00836184050994393,-0.010615819661472181
2020-11-02,-0.0008267301615468847,0.039605289807179256,0.011523863411155855,0.02254202034460273,0.011651927716042731,-0.0006917058105974094,0.0037299706361575424,0.011208513897762673,0.01667491541963395,0.01189193141611189,0.04199885718910856
2020-11-03,0.015353660638976141,0.02707183857263651,-0.0013699264193095528,0.03152111832142812,0.015014367233969983,0.02026395147726623,0.03487452924341761,0.017655933944358493,0.019486864029923723,0.016951590130764194,-0.01706381345722785
2020-11-04,0.040836428092014154,-0.0743041309147261,0.006497799008519545,-0.030557899166157365,-0.003647529874416744,0.04824884176992161,0.05950695829905417,0.02234921501786946,0.029892833092117987,-0.0057430000352686195,-0.005387611733800868
2020-11-05,0.035493870877110645,0.050634876007619845,0.00258286673351793,0.040897411008839146,0.00549123248440142,0.031886751259079915,0.02651484905148127,0.019502825523152634,0.01892019728291361,0.010636670945087578,-0.0018058657177670856
2020-11-06,-0.0011362551290898804,-0.011037003818271662,0.017816130096083738,-0.013320270486705033,0.00020242432902284335,0.0019258824995076473,0.028389733488593638,-0.00022824660056752766,0.004199723099250319,0.016031401254395172,-0.011757391308538812
2020-11-09,-0.019967914473880133,0.059086057815705084,0.026924323128130867,0.13539234553344004,0.0630941577143318,-0.023824316185967698,-0.06395072240917121,0.012565666513462137,0.07159761928393471,-0.01529811943540238,0.12660163971373373
2020-11-10,-0.0030088393304233962,0.008664109567811495,0.015060294130625929,-0.0032507147985187945,0.026821261365251647,-0.03379298389291974,-0.06314774803692269,-0.0014667364722511511,0.00296215662179633,0.014072665319681432,0.022185235060619535
2020-11-11,0.03035246077289977,-0.016482879564370778,-0.003236978723250128,-0.014932962417473883,-0.007410017974509686,0.026254733069670078,0.050744125770913584,0.0074286390850288875,-0.002859643254729982,0.01662513844389646,-0.010309239321191765
2020-11-12,-0.002342990093005981,-0.0019472633850819987,0.00338312092284232,-0.012284482907502503,-0.010638457016781344,-0.005125781698348764,0.002887764366422685,-0.009700963609310054,-0.019399168073807482,0.001689706527026269,-0.034265692417523086
2020-11-13,0.00041931016167140456,0.01525462440272718,0.010788832804002002,0.006262696611208929,0.008300435707737197,0.004966575060602052,-0.01187133093544157,0.013844562812058703,0.010659652845128598,0.015583873824252636,0.02412729789583956
2020-11-16,0.00872051088837611,0.008619003733665975,0.0063373945099007845,0.02822602567920396,0.007483493639043104,0.0033256793617855163,0.016413577256708445,0.012482547531362798,0.010547600525424805,0.012621139689545258,0.05764955635630553
2020-11-17,-0.007564635906411765,-0.007390848122633353,-0.009943800118584312,-0.010144824562207333,-0.0031567910742341665,-0.012751778491546628,-0.006881189876491112,-0.0053786576241907635,-0.009355843389098895,-0.02013890839920307,0.013364940283887572
2020-11-18,-0.011391122090833372,0.004828586457487516,-0.013257340622395697,-0.00740695045522044,-0.01993290516162216,-0.013183674368537512,0.00048431720657671207,-0.012034527773814196,-0.013668392268893825,-0.0018746879204011302,-0.03775546290516363
2020-11-19,0.005168044778678382,0.000925773708144062,-0.0015606223534486707,0.002689983886393188,0.00988389853639493,0.00634834247813898,0.0008564705680962348,0.004210452787881236,-0.0012510370841333218,0.020323449639404245,0.0051066128344749995
2020-11-20,-0.010957556321255946,-0.003874947099448356,-0.005301193617392674,-0.008567259397957216,-0.008657907927808517,-0.00955658757109712,-0.026227275882322654,-0.006848020369426444,-0.017776951808304187,-0.012358771845273009,-0.012299935147003782
2020-11-23,-0.029742599648726387,0.01480566413994544,-0.01018254401799934,0.028803305612771668,0.0001897526354723844,-0.0013306669885716493,0.00399215240171702,0.0059942163628703415,0.020992664735636657,0.004592792321944206,0.06551175264227171
2020-11-24,0.011594303452103771,0.012129517138613322,0.0,0.04623745213815855,0.010250629688169255,0.01784794553591529,-0.013869740469651282,0.016113831159987324,0.007302060102798658,0.002849041057265689,0.06656503237564948
2020-11-25,0.007467159327601891,-0.01283194476721572,-0.0013203275752242671,-0.01046067012929075,-0.005449021160469081,4.638192595685098e-05,0.02137718656524301,-0.001541629587438531,0.005770674797444197,0.003105063833243271,-0.027870486714310805
2020-11-27,0.004826324327587228,0.0025770096131014775,0.0022271152597896915,-0.006637472741246042,-0.004345439094167847,0.006359182452283063,0.002002274749699273,0.0027850425169262394,0.0005216310780020716,-0.0015148442132910667,-0.015192047580614432
2020-11-30,0.021099710184320886,-0.00851038265140569,0.004722126413467365,-0.027553362973312345,-0.01319581190414898,-0.005389694969120784,0.010576036851381643,-0.004427301130626726,-0.0030804161807159725,0.007849736545588293,-0.051256475583164485
2020-12-01,0.030827281901106174,-0.0019011288505712542,0.019145663991406048,0.015778838414832075,0.00852743763512831,0.009996956419645153,-0.0008582119873661309,0.010937382058744172,0.0040406312409067,-0.0009817132977116838,0.009703481605453534
2020-12-02,0.00293356735841499,0.003520771636676967,0.004679357857027666,0.0192080423040617,0.0013450276543143236,-0.0038851332133267302,0.01153851683774243,0.0021038970384477107,-0.004829364655471902,-0.013889130342498057,0.0374023207124321
2020-12-03,-0.0011375479961872603,0.004370982980801852,0.005805568813339157,-0.006555065051451425,0.012857344378476077,-0.00524683408130433,-0.01067159883404356,-0.00027274972032131917,-0.010134203014544929,-0.008105068650575142,0.00676015862531365
2020-12-04,-0.005612465440625436,0.043406393884245276,0.008523613393381702,0.009072849996878851,0.020272744244743235,0.0005599948227879015,0.012111773960632899,0.008617498135191637,0.02225407323530293,-0.0026121367887367297,0.036558169049327294
2020-12-07,0.012270029674543492,-0.01920887873107935,-0.008651094550524596,-0.0037599805620556204,-0.015969968489108477,-0.0003264497711832348,0.003577189884714116,-0.0020548912811158004,-0.00014088912391974073,-0.005372642812125017,-0.018714060366157415
2020-12-08,0.0050909019844327386,0.000727252527245037,0.017318825645305624,0.0009846010164789032,0.0035854955195508964,0.008026309963644174,-0.01886931867361652,0.0029261968303320174,0.0005643083240818303,0.009047439328257578,0.03276292333878894
2020-12-09,-0.020904003950378724,0.006877822569453684,0.010227759018490046,-0.007786808029751735,0.002820550213026296,-0.019489651777030548,-0.031404588792467325,-0.008968846172879519,-0.014992741978841262,-0.007895604852089955,0.013257497917299688
2020-12-10,0.01198907035331409,-0.0067751481703274274,-0.005552031654478706,-0.006443751600275549,-0.005250476935031778,-0.006043424571560374,0.0032093291213664,-0.0003268683047330523,-0.009399758750012088,-0.004670712675337141,0.02827110302770941
2020-12-11,-0.00673481055084002,0.0024603203372384197,0.0045975891827532145,-0.005903180110650275,0.005655179318114323,0.013015516022292006,0.0031608270616754197,-0.0011728085890161388,-0.006598837816623293,-0.0002721407946408849,-0.004771547633250939
2020-12-14,-0.005146888178244824,-0.006916398941220647,-0.02536761901838669,-0.010538881561010127,-0.0014995618803198552,0.004407445223196804,0.022707335733924472,-0.00447724182872733,0.00489720725684295,-0.009183445721658745,-0.03607314896584479
2020-12-15,0.0500905387811863,0.020724826049352885,0.010062405487688997,0.017075399473326813,0.01070028728043293,-0.00032669364480564234,0.0038885839541087375,0.013519377246064002,0.005355685088507256,-0.00048058027619868326,0.019422348978211934
2020-12-16,-0.0005472715049363863,-0.012325498392217193,-0.005977427216686371,0.0029088458392982908,-0.014487350826478784,0.02405089880928557,-0.008832099028215246,0.0015694461151922745,-0.00043188817024442105,-0.0010303824283219853,0.015334278163702475
2020-12-17,0.006963547351974464,-0.0018384406982951962,0.02639149221726278,-0.008287185319021395,0.003957683877629403,0.0006384688518983328,0.00745714430534461,0.0055918977490725386,0.013972324939151681,0.004606919003477428,-0.005034229774859789
2020-12-18,-0.015850894325093456,0.009990680616530412,0.005793347194983589,-0.004930140816783557,0.008822872242572943,-0.003782652604612191,-0.005190736212086877,-0.003992864254762973,0.0006155580915834236,-0.0010265468759298457,-0.017249244395646568
2020-12-21,0.012395482279109915,-0.004421031143517551,-0.009643160367505121,0.037538097758877065,-0.01730547084913847,0.01829899526918588,0.004539575296260923,-0.003575409883058933,-0.010884660626901077,0.00013708659061451023,-0.018254309151896964
2020-12-22,0.028464388239493266,-0.019870999035885184,-0.0019606129579654574,-0.0152167904533419,-0.0009468841309571152,0.006064779001361931,-0.004050291266180284,-0.0016854771816855463,-0.015166680007178801,-0.012125908948227626,-0.016924616216107746
2020-12-23,-0.006975903437992481,0.01041994338593999,-0.005107188547489816,0.02794443003479885,0.006065325135748312,-0.013038970691292895,-0.020258745487133578,0.0008987980913581772,-0.0026232850178679046,-0.006795949174248306,0.012851171055764832
2020-12-24,0.00771202030109519,0.006389463455586553,0.00348820197958144,-0.004397401203935392,0.00678239592285923,0.007827223787660875,-0.0011915626266665313,0.003890429900104353,0.016560946968659174,0.0019547649563862457,-0.004069804445086644
2020-12-28,0.035765764704440484,-0.006627307508234259,0.004722164619361147,0.006585189454470841,0.01347290536847856,0.009921554038336389,-0.007214720638765715,0.008590529353105447,0.018830906587707474,0.011985761808949835,0.0033655071281502025
2020-12-29,-0.013314718408865112,-0.009642963221821343,0.00620127268814219,-0.00263292574225793,-0.0005540189186092892,-0.003600530994714801,0.00335273937192615,-0.001907661315141862,0.008183279029200019,-0.0063347216196942835,-0.011260210154021788
2020-12-30,-0.008526782106775377,0.019190523126715986,0.012391521264041527,0.002799926508007866,0.005727039505565523,-0.011019559757763142,0.015645052804392767,0.0014269774294604076,0.018612614074855482,-0.0008315837520227465,0.007996028634908559
2020-12-31,-0.007702638777386417,0.010997747523870505,0.00852307690905163,0.0136408455109025,0.0073474404542202,0.0033381347962866403,-0.006903312184056487,0.005080604141650014,0.0016947128843360915,-0.00020819690224160858,-0.00913463927487801
2021-01-04,-0.024719104847009565,0.0007139347031257515,-0.0055917727901633185,-0.009443791865924034,-0.03792855727755273,-0.021266182621617835,0.0044809567041328435,-0.013613672410914934,-0.004434957169617393,0.016510440975403773,0.006792951708681105
2021-01-05,0.01236354982929555,0.008180246264758884,0.01175707677279103,0.005441271899318867,-0.01099303986482214,0.0009647351443222707,0.022210059030746132,0.006887101442869081,-0.014924607599680062,-0.005322866134931159,0.04819266396582811
2021-01-06,-0.03366168864455843,0.05565222188001351,0.00941024313781691,0.046955875587970874,-0.03181293498922555,-0.025929354125080017,-0.05895299286941258,0.005978356305610388,-0.008810809565712896,0.00624325649662838,0.02551741672027763
2021-01-07,0.03412343133188189,0.0019087502924044486,0.003378535872104793,0.03283913244894454,-0.011084677375961083,0.02845710017213232,0.057830207920828824,0.014857553814288993,0.005597103171818718,-6.800186212740922e-05,0.007845581547847091
2021-01-08,0.00863146667280823,0.00015411630035000456,-0.0020578196536967797,0.0011040341507009277,0.022417759443590146,0.006092779721261987,-0.005039766899479159,0.005698212926612767,0.007670272005858791,-0.0001365161039947882,0.011121025693146658
2021-01-11,-0.023248996511217368,-0.00205891289399196,-0.004186239023970195,0.014924390278879596,-0.017227878320868806,-0.009698503379155565,0.0259665413889556,-0.006741321589366467,-0.011882147643008656,0.004501285464543203,0.030356436206084414
2021-01-12,-0.0013956850527037101,0.018982472452144572,-0.007780585915052929,0.015718724694688824,-0.0017928094111127058,-0.011770704839538237,-0.010039313856617826,0.0002114180684684719,-0.01892992143889327,0.01140608665820575,0.022203503127818047
2021-01-13,0.016227046854143,-0.00835231710241735,-0.0015180515321085997,0.0009274914183028393,0.000997993342944925,0.006560283463937111,0.003485489836082767,0.002693101644044127,0.002346040564951357,-0.010203572860209897,0.011277924726696309
2021-01-14,-0.015127242143555542,0.007708258332319806,0.017480586667982134,0.005842368483294447,-0.01854085485128376,-0.015346171154292598,-0.024498016634821762,-0.003502350837904955,-0.035777600361847406,-0.003255274684234477,0.03903355639655559
2021-01-15,-0.01373077272143064,-0.014083150638078523,-0.0021785409564814007,-0.017921615332152863,-0.010765545435561186,-0.0017371456508186167,-0.025813960489154297,-0.007292451408768996,-0.0013374643900992966,-0.015853517517764093,-0.048101886623563295
2021-01-19,0.005427246012631004,0.002427955107987989,0.015470782298484753,-0.0043278391637550095,-0.0039016199085213366,0.01782300081168331,0.012889531829115342,0.007851917131162178,0.0003473253348413863,-0.008642408702756232,0.019837078918047535
2021-01-20,0.032856130915920545,-0.008863400818181377,-0.002457338510342022,-0.014995707527908686,0.0035045381805800524,0.03649948115758139,0.026141444205919795,0.013838755702857641,0.021571049852755264,0.014785040297654373,0.01412780107293643
2021-01-21,0.03665858686924084,-0.0007799727651287558,-0.004002820186190137,-0.008384076469138524,0.005546457244393732,0.0028084139638067107,0.037539729765240004,0.0009116971367626459,-0.004223236383704698,-0.004535509395249382,-0.028669567164870458
2021-01-22,0.01607326272271581,-0.0013005032929394034,0.011253511774526048,-0.007713306891379945,-0.009397557272144863,0.004356172674101044,-0.011177072646000763,-0.0035393702009817174,-0.015208992370178254,0.010217114207516698,-0.01413431314142466
2021-01-25,0.027683814229963133,-0.023965565937198452,0.014857821082690181,-0.012482635945663234,0.005980632580094181,0.015844138473954272,-0.0043207056249405795,0.003943540442813642,-0.005148221546701581,-0.0008882868744731764,-0.011174093106638083
2021-01-26,0.001679295722075702,-0.0006940234913773713,0.027111694989306656,-0.004086909693794882,0.010454961171668886,0.012198794101238253,-0.015967043256322144,-0.0015607545556565183,0.00512490240116259,0.008960327920396027,-0.021961774491771613
2021-01-27,-0.007683640039042872,-0.035147790984525695,-0.015250742374002924,-0.028271789861747054,-0.015418855994778435,0.0024533937685653484,-0.0385180660895742,-0.0244406039681363,-0.03484978600180699,-0.024879564988387948,-0.011336311538139299
2021-01-28,-0.03498544175558094,0.02053908210444888,0.0076240868435775155,0.017597217436229995,0.012775794836963339,0.02589109559714764,0.01031517545693883,0.008600005846223668,0.01666938565570031,-0.0006256396498572903,0.01565604801352194
2021-01-29,-0.0374202884073902,-0.008137217692688492,-0.03564678864266291,-0.011067438410679586,-0.020346155516296482,-0.029171853566537953,-0.004692969452668172,-0.020019338656250607,-0.02507309871211616,-0.022678365245560772,-0.026487255906813778
2021-02-01,0.016520067043265474,0.01028227152724881,-0.0025745929384120014,0.0073832528705812805,0.006853851807419042,0.033152196592286076,0.019034205961109496,0.016645679245117062,0.026442473897848595,-0.008684123086597162,0.0017842313320854952
2021-02-02,0.0063367584320259684,0.04211786117008742,-0.008972694806298365,0.030782158459964792,0.009900820335413396,-0.0005841997463246207,0.024155800227658508,0.014140043615342046,0.021425711446442675,0.01077049316828882,0.015805599477257015
2021-02-03,-0.007778613837612358,-0.005454572578583061,-0.004651418231512605,0.011451184035787376,-0.0038805345270201963,0.014571582626220714,-0.0019364110468943485,0.000786272007734734,-0.00616972467172372,0.0030549011245477597,0.039228683425812205
2021-02-04,0.02575773137615478,0.0010448273109491257,0.009283710302058878,0.02301350884794373,0.004920973566523434,-0.004074169727119936,0.00988504844227811,0.011365993529885765,0.03918363031470551,0.009419142705777483,0.019190464381386718
2021-02-05,-0.003097831677849272,0.007044062236541082,0.01518576720601894,-0.0019531004084940573,0.013058825406144559,0.0007851533675924394,-0.005360669883671121,0.003935526938836809,-0.0022938341486008484,0.012839355940799102,0.03351933818136099
2021-02-08,0.0010967026914103783,0.023056895562903357,0.0028580023742073024,0.015654238696996003,0.005438006097010506,0.0011148133795544357,0.06237579628290124,0.007222056449972092,-0.009005264257764156,0.004641151337413607,0.0430429636978531
2021-02-09,-0.006573580174828897,-0.0008610862257418805,0.008185981073409732,-0.003996019771812076,-0.004407342654824897,0.005361403638212803,-0.012154496011612226,-0.0006657220315108292,-0.0017884374283423377,0.005515959678455973,-0.011711734369380666
2021-02-10,-0.004558572468159161,0.002230589474746969,0.0032476776099761295,0.0005734099108170021,-0.0020120005822189535,-0.00389702992510621,0.03512494465794336,-0.0004357446728235903,-0.0003872697047311302,-0.011657145767616561,0.009677977392390291
2021-02-11,-0.0019204959609591121,0.003186271470363211,-0.00449627479843151,-0.002792690939885434,0.014113032351575683,0.006877433414209433,0.03295128623919652,0.0016151656046061724,0.022026205243649954,-0.0007631131706899996,-0.025039255202537025
2021-02-12,0.0017761230851209842,-0.0018147743152790996,0.0031316343363936294,0.014217171850399168,0.007753602675273807,0.002045086637378013,-0.01898269128996699,0.0049398036090748665,-0.003323077201115021,0.003124288357726712,0.013643768242406207
2021-02-16,-0.01610387732956231,0.022172458125735206,-0.009064852849197003,0.024070642640549478,-0.008285891213074659,-0.005265441562628759,0.02466368545293829,-0.0008661008286343641,-0.009811396877996148,0.00823702166239082,0.030087184103441578
2021-02-17,-0.017644251281621504,-0.00039532641855111184,0.0035742202817663493,0.0031110634597804054,-0.002784950896894678,0.00435964248506493,-0.027674079070849844,0.00022938433428998373,-0.0018761060407365138,0.010572548722961317,0.015564994591552583
2021-02-18,-0.00863608466814525,-0.011764616030981778,0.0004830522720524755,0.003376730352763202,0.012766886941282696,-0.0016789897869285975,-0.0051655866860012,-0.004255870888079216,0.008867250844928787,-0.06480972185927936,-0.01570479861463403
2021-02-19,0.0012334382535588162,0.04996992688368618,-0.016652858041973473,0.01669080913829113,-0.012999956014853709,-0.011567566832608067,0.006575001743415632,-0.0017662012818396855,-0.022068417755300107,0.004939754946275965,0.006728062265312751
2021-02-22,-0.0297992007439567,0.038826313218357056,-0.0006171268185791723,0.009390939257026387,0.010377427094254932,-0.026808212838277168,-0.03823758877122663,-0.007691517539604287,0.017535520016104034,-0.004698309989788929,0.03685300648370182
2021-02-23,-0.001110959144654755,0.009721917905806787,-0.00883431518472233,0.008031394001628778,-0.0017777601074607796,-0.005287639142854461,-0.014889285662593399,0.0012141693512337515,0.018193168365106205,-0.016123288930162905,0.013812231838332467
2021-02-24,-0.004052029334930762,0.010400581692416422,0.0134007014390074,0.01759480139392422,0.003363596275986591,0.0054872226004707425,0.025243876445864677,0.011019613663832306,0.034510494369045075,-0.01668289277740631,0.029972781973323315
2021-02-25,-0.034782811022612825,-0.002921627638659219,0.0010455277953438369,-0.013571405089542354,-0.010648849530485505,-0.02370491240567152,-0.08217815112731319,-0.02409578920576161,-0.02588537391249668,-0.00945855738698298,-0.016578473464598398
2021-02-26,0.002231691417841075,-0.026778484695115456,-0.026419372411237374,-0.026524767987258002,-0.023519819390255825,0.01480436387202122,0.030584316615485996,-0.005152606200938936,-0.006362465815438645,-0.015384688508450317,-0.024928314703581367
2021-03-01,0.05385112547128457,0.017973008242532895,0.005427460014514107,0.02262660742583522,0.018575240325793052,0.01962288740915996,0.009278708819961068,0.024240197535506658,0.01996315161538842,0.011160943946626256,0.03733679710920845
2021-03-02,-0.020893354518953355,-0.017928575784471046,-0.0018830616079278384,-0.0032553407698390213,0.00400778198904983,-0.012956875789618683,-0.031463089268830124,-0.007803238526212453,-0.003969917553217406,-0.009591594556141891,-0.005851102565052169
2021-03-03,-0.02445671330181798,-0.00421676162356277,-0.017607991882757856,0.019331922296324633,-0.0023949447151083714,-0.026980856397152975,-0.0448669563798858,-0.01324584790261818,-0.004263935223003057,-0.01936821228381791,0.008025743168918353
2021-03-04,-0.015811969847129292,-0.009957642879871553,-0.020163713867373922,-0.01536871601185652,-0.0008006509491793601,-0.003647436975737439,-0.033932781870291695,-0.012374906927971163,-0.01559215448385931,-0.0004700539853674801,0.03874734738263852
2021-03-05,0.010738342462627726,0.0347322940007706,0.019794607138527542,0.0023245986012205844,0.01702058285257424,0.021479330628619397,0.007376568569662734,0.018396748459754253,0.018487024229174143,0.012467543838418083,0.03781308446903919
2021-03-08,-0.0416733444663715,0.006449818097798765,0.008328068924135845,0.013253193199387558,0.016735377091380288,-0.018177782184651825,-0.0696745191236755,-0.00497888113448175,0.022561480548143553,-0.009603686614877871,-0.0009847846195881749
2021-03-09,0.04064958644341332,-0.021572189508454076,0.0019058074806592717,-0.007063058288793833,-0.015104554632946576,0.028101345913243758,0.0803329526616745,0.014277638094686962,0.0004084788455200883,0.007897982351162236,-0.015442889574536323
2021-03-10,-0.009166664562364368,0.019649332744410497,0.009194665507173072,0.021734769489790917,0.011404066118599676,-0.0058173186876709915,-0.004153076769115249,0.006224675752864117,0.012752049190948744,0.02552609855668031,0.030702592818448338
2021-03-11,0.01650273992493223,-0.005880526088519411,-6.240642506349925e-05,-0.00522145894335968,-0.010886341842890945,0.020264932711578476,0.0421269722019868,0.010139080814676404,0.013353042642349822,-0.0003785588861419109,-0.00744681756287191
2021-03-12,-0.0076257198813410865,0.04204581458449819,0.0028904195828036716,0.011858212494887388,-0.001982028746481568,-0.005819679584286419,-0.010582264713675738,0.0013466988215196096,-0.007915217486456405,0.01506097627373193,0.010764882321594893
2021-03-15,0.024456929253833692,0.0075982511166661215,0.005137887502188354,-0.004994876059113085,0.013304478853640722,-0.003987018142923349,0.026077159551421092,0.005963544661821807,-0.00485799336429904,-0.005144771246054947,-0.02549617575753027
2021-03-16,0.012743043822250444,-0.018549060337668233,0.005921772975788331,-0.01197162894413395,0.003723126724366921,0.012350247178688045,0.007580840261254718,-0.0012613014910185516,0.006404715951255913,-0.0002995308333353375,-0.021195748326474084
2021-03-17,-0.0064506296096218385,0.03166139586070216,-0.0037180612243669087,0.010292834902326353,0.0003904543651676029,-0.002818603493692673,0.003761937762712275,0.0034098895430219045,-0.007476563597560659,-0.008321523672975895,0.004398558139783848
2021-03-18,-0.033905241260047236,-0.012626874353327655,-0.0018659683969259877,0.01650641387183094,-0.013075811722434216,-0.026662190910454298,-0.04637879450993321,-0.014549672074971154,-0.010582170527472567,-0.013056871623759791,-0.04311933829131709
2021-03-19,-0.0044801572823109925,-0.023365859688649904,-0.002679573021586168,-0.015921558827328486,0.004746294047821342,-0.0016035083090255586,0.009687636671229072,-0.0018501682722922297,-0.062358476662892626,0.013306377396800961,-0.005632922704801757
2021-03-22,0.028335729291352862,0.0032404059161894594,0.0028742755923327756,-0.026878957692335836,0.0037392469025534503,0.024484353050607366,0.026506679463258465,0.007984903414504085,0.0053165617149899536,0.004782385072213735,-0.01026698356615674
2021-03-23,-0.00688859202597758,-0.034377717622288806,-0.0009347187739625618,-0.010001677935564501,0.0076468781116392215,0.006737630367573244,-0.008759095369428205,-0.007870749649164566,0.0007214671010620233,0.011860801828097678,-0.012341447404818573
2021-03-24,-0.01999342013163319,0.013654119393326392,0.009728891757840863,0.007761366425617311,0.0025297313233527685,-0.008923272893015533,-0.03272567920692493,-0.005083549335609394,-0.0003842510126979004,-0.006196893662705483,0.020282402212990158
2021-03-25,0.004163411841936249,0.013651092886779015,0.0003702385408059783,0.012813646642273024,0.009705210963442568,-0.013250769911958282,-0.008522441212129417,0.005625692021236972,-0.00048091771420133433,0.006761318874864086,-0.0028397919604917776
2021-03-26,0.005141418092299066,0.023411412814740684,0.018275289842841103,0.016650286640894407,0.01960770036779702,0.01781877506338625,0.024251644833547914,0.016114960061876182,0.026734667243211607,0.008357603864179719,0.027233896694101922
2021-03-29,0.001485007459643084,0.0031372766538992902,0.006730102725440279,-0.015539482648931346,0.015271203771840991,-0.005243522673590739,0.008489463933589292,-0.0005052230232456267,0.004589481441640064,0.011396152368958745,-0.005371787187987698
2021-03-30,-0.012274255330733452,0.012422760778366904,-0.006203277448986522,0.01178942182093179,-0.012998967768458436,-0.014410896196470069,-0.005908116483948844,-0.0026529546027918016,-0.012167372474941485,-0.006804641790595367,-0.012369295118244028
2021-03-31,0.01876539983951897,-0.005191354179688634,-0.004000075398352898,-0.014564978662651051,-0.008278493272471987,0.016907609548121094,0.03701912086810499,0.004053504970964905,-0.0008022144592643166,0.0006630137307626072,-0.015170063327500816
2021-04-01,0.006958649138612438,0.003752210415234103,-0.009248445518550308,0.009722147843209017,-0.0037944245807494115,0.027908578845990295,0.0347237435527159,0.01079910054333566,0.02422908050072725,-0.0015459469089356137,0.027941828888352838
2021-04-05,0.023577331748614094,0.004167808857474142,0.003685049150087938,0.005300310928052943,0.005713358047514161,0.027728384834422304,0.012724676898477671,0.014352934692401398,0.010052520349907335,0.028093256569160063,-0.015508037730157298
2021-04-06,0.002462254594223001,-0.013135977142300526,-0.00024514283057242015,-0.007029783262406775,0.007195611078891995,-0.004858184321671621,-0.009008384490222565,-0.0005905072235358189,-0.0017804733241860715,0.004805299768460891,-0.002831832470905127
2021-04-07,0.01339039282038934,-0.000997338198497122,0.0013466151772940638,0.015667410122322423,0.001692052764031171,0.008230545546336065,0.020344354518443852,0.001157271382034697,0.002835628377352073,-0.00214129655213402,0.004437561934948819
2021-04-08,0.01923369867687641,0.0003038660965828388,-0.003911598077869671,0.0012268514438826816,-0.0030030311327999826,0.013405311796847785,0.012267166792049977,0.004746764562089112,0.006521481518779515,-0.0006438463010109974,-0.010425967493535637
2021-04-09,0.02025145876552692,0.0011712304871429602,-0.010554087993025152,0.007477774097784273,0.0011295496565630891,0.01026675903538421,0.005797307640261984,0.007270021547605809,0.008246812101400547,0.0005010335350614792,-0.002321458888523753
2021-04-12,-0.013232670856809903,0.0007802707723711944,0.002418592784071194,-0.0021115554297768124,0.0031967937376327082,0.00023445087419515787,0.05618053709119919,0.00036477441464954907,-0.004718729045633863,0.00014315584520030455,-0.00662225742193101
2021-04-13,0.024306377398225498,-0.006841917752850146,-0.013362770109536237,-0.011926749051140662,-0.004873584816145526,0.010081515477977199,0.03093545418958077,0.002963606687055309,-0.0020317571827405123,-0.0030760085523812153,0.0037834648572903085
2021-04-14,-0.01785312901295888,0.01408344787383764,0.0027588160273293028,-0.01869022065099346,-0.00018826672736860228,-0.011218917753871183,-0.025670179678926264,-0.0034152158889027007,0.004343230162058953,-0.00035867889127272345,0.028899653537795222
2021-04-15,0.018707945128428216,-0.00025813998407853145,0.0029389802716459634,0.006348886124108555,0.004709737187077678,0.015297895607985001,0.056310303433730224,0.010742543293103868,0.019371046278612303,0.006029321137274168,-0.005931658805746642
2021-04-16,-0.002527667825671709,0.0036125094796144452,0.011534598285610764,0.007425584149000963,0.006562940609164292,0.004778559001496818,-0.013927559418298263,0.0033422886398264406,0.0005747122407817606,0.0032105262973951554,-0.005615709259516266
2021-04-19,0.005068146241533844,-0.004156592374360835,0.0027733189722032314,-0.0042400830454537575,0.005961224769328588,-0.007670684542418371,-0.03461134600374005,-0.004912884370374848,-0.002738299223526197,-0.00640059070316612,-0.0031769168940574133
2021-04-20,-0.012829635662954253,-0.020482868649468355,0.023295867081999155,-0.02214199808683437,0.0031481674488396116,-0.0018550273748654256,-0.012400833460030514,-0.00732164515788758,-0.011116618406599277,0.00773034438254272,-0.021069279350861003
2021-04-21,0.002929379305437685,0.021218914527779464,0.0006608102776008984,0.008508011549699601,0.008122776720667968,0.008982916630697169,0.012474335544389259,0.009462128556097182,0.018676110082722408,0.0029119021095698194,0.012841164952099637
2021-04-22,-0.011685171751493084,-0.015357757191374444,-0.008464136870631855,-0.02105754829503048,-0.0031130829778472924,-0.013085964351781443,-0.033218409620913714,-0.009133297309920296,0.0005276082801788373,-0.010835565320154283,-0.013035852581504859
2021-04-23,0.018038409300835223,0.009874646250528807,0.002058803484570104,0.01913556957129936,0.0005510398175381237,0.015476444323648142,0.02794554679766259,0.010842513510333163,0.01067785856457193,0.001646712086494695,0.005427912787141498
2021-04-26,0.002978055895692666,0.0019554729047668307,-0.008458312860201711,0.0024633981624042622,-0.014870617455445823,0.0015313253488473677,0.013937031632416108,0.002087812316992066,0.0014783740464969775,-0.014224349374628575,0.0019795822621058168
2021-04-27,-0.002449630163576799,-0.0009541834589008591,-0.0057275372106861955,0.004582700168247245,-0.0014907993464801095,0.0016058170364177116,-0.006218595415978245,-0.0002156415001244305,-0.001866881462255443,0.0034078253266858205,0.013110604592997177
2021-04-28,-0.006026751205157721,0.00850926388966533,-0.007353963665443497,0.006479790841845023,0.00018662814342462752,-0.02828550503903582,-0.006826219977964509,-0.0002872440195614834,0.015397253529270571,-0.0035408556833383953,0.03013648997897911
2021-04-29,-0.0007486967359147112,-0.020792119253874475,0.013705236120934883,0.01944423403868578,0.012502168191093954,-0.008053293975029296,0.0031419251677320403,0.006372747535631218,0.01460705185640987,0.012618607790546799,0.014283314091951604
2021-04-30,-0.015133466667841433,0.002813459891990666,-0.008952520643642936,-0.00889251442572292,-0.005160182636941735,-0.0013068518748056146,-0.020571195504339168,-0.00657056232418507,-0.013932235952119343,0.002005458221242984,-0.028842800616597275
2021-05-03,0.008215143788126822,0.00026311347673813046,0.015240129894924737,-0.00292567403916022,0.009262507807292764,-0.001269002412185305,-0.011509583911696097,0.0021567610620552014,-0.004067318968138944,0.01579579560128619,0.027602957906712078
2021-05-04,-0.035385375289486154,0.02296530314239731,0.01549550243410902,0.013823926331666181,-0.006240615703887786,-0.01615966935287949,-0.032722636798989235,-0.006169424769818632,-0.0024936623563712734,-0.009850832539724408,0.006290368522630985
2021-05-05,0.0019553238098402037,0.019150838233717105,-0.004172439190464616,0.013120766263398753,-0.0025860153190478963,-0.005327045161771404,0.007473186443682556,0.0003129911176258382,-0.012153545834769797,-0.0008526753930570008,0.03007262423903123
2021-05-06,0.012802528875248909,-0.0034050213470078194,0.004010307989368744,0.020124112643181924,0.010000032183100638,0.013226676605063936,0.004461005427631726,0.00798551314797491,0.009205607188808695,0.007140260949022759,0.009512806352256709
2021-05-07,0.005327528581856367,0.016535118615386146,0.004530766839978773,0.00342285575809842,-0.0005500295236433583,0.01093174795143792,0.019916824512560494,0.007277891915140167,0.0034582452325089275,-0.006026167269923222,0.014297490395312806
2021-05-10,-0.025804728569675084,0.006722297319093684,0.010504424223723552,-0.0001240429011541977,0.007338171711664732,-0.020914213716740737,-0.036895156587011924,-0.009902231787361493,-0.026494941459801025,0.004422280980633131,0.00240258475114552
2021-05-11,-0.007410147473004169,-0.013643209249969646,-0.008163401717685481,-0.016623595066838304,-0.010745005670984242,-0.0038432696940412514,0.0028386823017514384,-0.00892469433498011,-0.002168341594952383,-0.009018541491380483,-0.03179936557355789
2021-05-12,-0.02493845654529503,-0.008274211363574535,-0.0040264514956325215,-0.006874923346853579,-0.005154482717433684,-0.02936272885427882,-0.03828723208729423,-0.02124551435430344,-0.021509698116658815,-0.025869168158858535,0.005358580069171337
2021-05-13,0.017919628067481153,0.01158772305785738,0.01046368929917052,0.025722550631454455,0.008697187358040592,0.016861814205318293,-0.006777743687999216,0.012012761574418773,0.015569126451222548,0.016919536054716966,-0.012325200629748845
2021-05-14,0.019844671059154217,0.008997480864135765,0.001529556151087741,0.015541675066466087,0.004036014878589622,0.021067299319085464,0.04227904144941985,0.015355245909257409,0.014302118953054554,0.00925921268808283,0.024789164383321127
2021-05-17,-0.009258473976459292,0.010568513647735589,0.0009988705215253635,0.004023963296856836,-0.0016443600063899,-0.011968448737740278,-0.005441472367570421,-0.002544633311804989,-0.0022030561217780686,-0.00451552745342243,0.023366832787121705
2021-05-18,-0.011245804611459298,-0.021732940682404833,0.0003522273505160989,-0.014088630555199377,-0.005490472595101603,-0.008565229766435367,-0.010571517245307804,-0.008615752753344919,-0.0038421576578067107,0.02174398765922847,-0.028300533417904172
2021-05-19,-0.0012814107052960821,-0.010857524599444779,-0.002170785459998714,-0.007637757520026156,-0.003128633052558394,0.0024742321570592196,0.0035674082467667123,-0.0026216460632286775,-0.004344391896086486,7.039968367439364e-05,-0.02399447146887368
2021-05-20,0.02101209423548056,-0.007936744324186673,0.005820577581429953,-0.0017378939799391757,0.008861076357786546,0.013820063714782505,0.03887123600669873,0.010758049959826765,0.008237154092213483,0.0035228306691348354,-0.002373763146818031
2021-05-21,-0.014767174236855696,0.00957488950490859,-0.0006428734947276915,0.011378426742530756,-0.0005490854595990857,-0.005314702438267149,0.025953681133582762,-0.000818734319884884,0.0014570469158752264,-0.004704258019867402,0.0013597192578276296
2021-05-24,0.013314156956951706,0.007629447801053901,0.0038259194750993597,0.00541013423706449,0.003295506879780641,0.02288213618139512,0.04137263361186583,0.010194209057668324,0.011245246812313647,7.06512722048469e-05,0.01171065222564005
2021-05-25,-0.001573531175894316,-0.00786443444134255,-0.0027558078849408973,-0.010334106400863075,-0.00018231067642060506,0.003748305065027324,0.0022901006731981255,-0.002218648085322905,-0.0013082666496099238,0.004091374811907578,-0.022647132566592454
2021-05-26,-0.0003940644481950084,0.002276856598566468,-0.0059385566072212015,-0.00012336050344841087,0.004380320617867639,-0.0009136645433098778,0.0033390932171375454,0.001984532131883432,-0.008514596287747755,-0.001194379142234081,0.011671768668538363
2021-05-27,-0.012376736897930174,0.015018083802644577,-0.0015379430974558073,0.015571993710847387,0.008359174868545205,-0.008668246995315765,-0.01350323963863731,0.0005248355726266141,-0.0009247913778219763,-0.003376180309598853,-0.006447144576507191
2021-05-28,-0.005347958082754567,-0.0008287105236534087,0.0026065137979391917,-0.0006692200876927679,-0.0036043263480086685,0.0014839662261045827,0.04884449678678049,0.0017888489457074108,0.0019393419908630971,0.002399716655397288,-0.003244685706644712
2021-06-01,-0.0026484077864595834,0.0069686063203444615,-0.021979316246092284,0.011020193610788986,-0.00018085613619722718,-0.009131696059711203,0.0012311596163618876,-0.0008808169089393747,-0.002947669151072141,-0.002605164190702891,0.03580623526272775
2021-06-02,0.006276157874136157,0.0028835609136490525,0.004047880234268053,6.032960703739043e-05,0.00397963533323531,-0.0004041093447396671,0.031587076325723995,0.001572567847333728,0.013370055730116182,-0.002188050214762205,0.007938957924569445
2021-06-03,-0.012153961697333848,0.0015607940939095233,-0.0009627939475121972,0.0006624335851419527,0.0025224056600932077,-0.006429466337513512,0.011413226719060976,-0.003711468439035248,-0.006749118106635588,0.0017684315974162423,0.003938213649820721
2021-06-04,0.019022030430686954,0.0007381461246849241,-0.00042172745786350774,0.0016246876325298754,0.010783831388798903,0.020674648537510443,0.03585819306898852,0.009145910741555907,0.008899169503433946,0.001765395914133272,0.004413372860728071
2021-06-07,7.939545552093641e-05,-0.017457646139471206,-0.0068085815153589024,-0.004686532618946249,-0.0035562603509339263,0.012041888102830356,0.002318182595377749,-0.0009702074380398829,0.005127147292331102,-0.00669724974188779,-0.00650938810006052
2021-06-08,0.0066719837297619655,0.001668486256639401,-0.00879630542173715,-0.00398398971142111,-0.006959151186800128,-0.004885393983122932,-0.009194566532938264,0.0002131470199220331,0.0031559711078816832,-0.007593863406902268,0.017690404590158693
2021-06-09,0.0030770766129455396,-0.02294322109511371,0.013464671830401231,-0.012484851921704454,-0.0030549049316884735,0.004038321944090484,-0.005428860217897902,-0.001491788761780466,0.0011202417117233132,-0.005363751508214554,0.008369609956872415
2021-06-10,-0.008023103385520036,-0.03801406292192122,0.008998394098479023,-0.015588343821591244,0.0077505021971375765,0.014393464456259775,0.003845368445287045,0.004648468865117827,0.007059628275824181,0.005752100543311212,0.0015961584479240454
2021-06-11,0.009832515865508373,-0.022283161595100798,-0.01268891010154427,-0.0006859171642801254,0.0044715036982379,0.0025269130798888373,0.022969989654256118,0.0016524417324437213,0.0043172182822612815,0.0062195014858521525,-0.009243068046007052
2021-06-14,0.024578232510023,-0.007657480699682084,0.0024858192359693554,-0.01696916852875352,-0.0034086628867396884,0.007755159214180685,0.010855383846265498,0.002239021164582855,-0.003745240331048505,-0.0013500048576601253,-0.001608334609701556
2021-06-15,-0.006437907779249019,0.0020546579001465837,-0.005321679194335016,-0.015168265494977518,-0.0025203962123993007,-0.005887175220394392,-0.01277833407386153,-0.0018343746071343148,-0.004699183694212183,-0.00398371937619868,0.03641046204903975
2021-06-16,0.003933731224516013,-0.010480229653489714,-0.00036462771616951883,0.007024341936559875,-0.013354912256867912,-0.0037931698695403693,0.001222812199071388,-0.005583311203673724,-0.014507931953743114,-0.020357243306523776,-0.0035754615156834424
2021-06-17,0.012601160310338422,-0.035503821827970405,0.004804480778338505,-0.02886017580651068,0.005121689577508581,0.013676320975142264,0.04755663711250824,-0.0003316938520071533,0.011106363062617364,0.004155876590583807,-0.03291715495775349
2021-06-18,-0.010091849040548162,-0.002816773696191377,-0.019610338075297662,-0.025303051695274248,-0.021473939432573474,-0.005634331375714785,-0.0009916851096640755,-0.013490305410204795,-0.007495106554532005,-0.01851563168451742,-0.02564943399516806
2021-06-21,0.01410379854812116,0.020827393280361095,0.011483168403358501,0.016968383249979624,0.0109725122930584,0.012334611854504463,-0.011347259048136049,0.014315750938119765,0.016969772133637928,0.009099417482421934,0.036258278849440995
2021-06-22,0.01269821774853952,-0.0003752822458095162,-0.0013427365627187715,-0.0014622928909766575,0.0036791540126250855,0.010966320497439508,0.02493601137446322,0.005346394556640988,0.0068706962240610014,0.004618905424584652,0.01917255667245965
2021-06-23,-0.0020895403805665236,0.0030965741109274525,-0.006050653357640878,0.006058159161595134,-0.008064549469446902,-0.0009040568540796823,0.009027596776802316,-0.00120541823922804,-0.005297942637870645,-0.007808417630167153,0.007367774977235175
2021-06-24,-0.0021690831075188433,0.025960140941046816,0.004549982910025729,0.009198070457199004,0.004988884170804342,0.005353248852768111,0.007779012414120823,0.005915763971486854,0.006647272180427377,0.006987294409141809,0.004045950179378144
2021-06-25,-0.0022483076970012394,-0.013814232457527664,0.005141611750744124,0.0100978124371367,-0.0012868311192113513,-0.006262002643711684,-0.009086049494822723,0.0035522416559730097,0.004571734247085679,0.011832481696512742,0.002170082912941851
2021-06-28,0.012545792790496835,-0.00018495201642942938,-0.0011568194054744074,0.0018176530463864804,-0.0011046403034857821,0.013961007425268734,0.050128779795098666,0.0020158663947003053,-0.013610268760624877,-0.0031039533799410712,-0.025518275832607462
2021-06-29,0.011499862542420525,-0.005409745659007537,6.071341149627152e-05,-0.0012315076637912092,-0.0073718691462252295,0.00997322061456507,0.0020891080129368245,0.0005381277036238252,0.007945566152546268,-0.005793007564987351,-0.006189394631715528
2021-06-30,0.004621227239772541,0.011761979158125158,0.00432859272821684,0.00908262313223851,0.004641553631237194,-0.0018424548223633375,-0.0012106742322018915,0.0008415317725767313,-0.009027286818562241,0.027094034809714618,0.007345905186456836
2021-07-01,0.0022635243407731487,-0.004227403097750049,0.0074056882167414795,0.009901215945666175,-0.00277211453038384,0.0025841980194114544,0.010473620368267822,0.005536716320273305,0.005687929464553099,-0.012055157633523383,0.0028536019283815772
2021-07-02,0.019596437081935925,0.004845083687318397,0.01819731312524353,-0.0009602743375236589,0.004076988118777436,0.022275119396227616,0.013605852515562677,0.0076434830505447415,0.01479924177614067,0.005670484142406007,-0.0014228497361825632
2021-07-06,0.014718315396339499,-0.01947083896151669,-0.00597721468177459,-0.016791750880875922,-0.005537066468225826,3.6305942503922495e-05,0.01032355464956547,-0.00182163802124502,0.004064874432107901,-0.0012132149272711112,-0.02849442169279437
2021-07-07,0.01795539385436773,0.005479497103341169,0.00857289659762972,0.001173180912995786,0.008166494135485758,0.008175412034582052,-0.0157861122343389,0.003534304459426263,0.0016694262355503309,-0.0016436432255155786,-0.01564292552394775
2021-07-08,-0.009199675246980954,-0.012017435221427397,-0.001947987590935507,-0.017253742534773964,-0.003497851215283454,-0.008967000660566105,-0.02302212291812844,-0.008147972562868255,-0.014125024824427235,-0.0008589724112522124,-0.004469474452551414
2021-07-09,0.013054999779243737,0.025034229194635937,0.00396278740076661,0.031999593986183905,0.006096479853607395,0.0018748027021184832,0.007410755370448774,0.010674795369888246,0.007860943338639848,0.00508634597708979,0.01812465238137051
2021-07-12,-0.0042038563415780494,0.005335302849659884,-0.001590756622824152,0.014315918901289137,0.000366914958240816,-0.0022307714661699007,0.023054796032176084,0.0035816601725506825,-0.0025160056765889394,-0.0017818410624551584,-0.0009801895537295824
2021-07-13,0.007889520069272127,-0.01550901121056858,-0.0012390882871907705,-0.014873302008100442,0.009912081492463365,0.013197949403828124,-0.012797055849527283,-0.003408785043419571,0.018834067160300227,0.0037844828885191806,-0.004740869563392591
2021-07-14,0.024100355988168065,-0.01649698819119849,0.006794025242065738,-0.003405122348323464,0.02253720731232356,0.0054450646921850865,-0.020172990470156194,0.0014920874389474648,0.01501944441376124,0.006899883145041086,-0.02217462242174506
2021-07-15,-0.0044921746676235275,-0.0010868019679032281,-0.012029441348151537,0.002191963765656224,0.0031994125998588974,-0.005238520391509072,-0.04411206504301546,-0.003415423453826838,0.010406926506164593,0.0007771417265041158,-0.009743105231266314
2021-07-16,-0.014075970303320973,-0.01636634406719517,-0.0016032738915452427,-0.022835305007987583,-0.0007086347492916145,-0.000996645261273188,-0.042456935264140516,-0.007843618812217623,-0.0017303355720438285,-0.0007057559842656991,-0.027650630800746034
2021-07-19,-0.026914249546253544,-0.018178239832750798,-0.007257557622483257,-0.032519452490163525,-0.01187944117505213,-0.013321342328097452,0.03407015849151418,-0.014767971137476077,-0.031073558679841184,-0.002331432380662468,-0.034368438678268554
2021-07-20,0.02597402740118615,0.024030050275401837,0.009408006903955046,0.018643079466668988,0.001794196431653683,0.00833923759084243,-0.008932275872429174,0.014330330518607326,0.00952541718915767,0.004531593018275437,0.011020935769022966
2021-07-21,-0.005131605710595677,0.013319502947313211,0.006173788808128355,0.021040960714800105,0.012896456415490976,0.007446373598525291,0.04287539001068752,0.008096422616808097,0.003955721296986514,-0.004934097533054405,0.03216577839335466
2021-07-22,0.009628083527007947,-0.007450146649781608,0.0028908625304611135,-0.012626187781129006,-0.0014145125578463036,0.01684441933757097,0.009479604837659306,0.0020941473653079967,0.001969840078317686,0.0007082921595851221,-0.011253624978331267
2021-07-23,0.011989513933897689,0.0017688882224673463,0.010648662136603537,-0.0019213607771325636,0.00956254194097328,0.012336717141891329,-0.0018370719298593796,0.010288017243648362,0.019988492657516232,0.008211392608909351,-0.0012255040674196138
2021-07-26,0.0028945609545327766,0.00715885121243276,0.0004655791430359102,0.006704533440533567,0.0008768787182784621,-0.002140547428620576,-0.013498220905244107,0.002454801591913691,0.004939492442073368,0.001404052447876225,0.025245447769825402
2021-07-27,-0.0149004752522226,-0.005354594954347203,0.0045966041005853775,-0.0013187264284064693,0.0035051395044902733,-0.008683418752756467,-0.004457507410662087,-0.004557526359756037,0.002717156864079362,7.01298496930125e-05,-0.011114835794760358
2021-07-28,-0.012196101373046608,0.007336844165917844,-0.0027803145632008253,0.0016507845165592006,-0.009081407094794769,-0.0011166448893908942,0.015358300390471591,-0.00041011186816442,-0.015900714998763332,-0.004065963273691686,0.006743794933330216
2021-07-29,0.0045526024033213375,0.0052969445852664165,0.0,0.008569522011308228,0.005463641756961568,0.000977906555595487,0.00815254725639325,0.004147519888615614,0.003968495277858253,0.0012668009116705292,0.012195023998679666
2021-07-30,0.0015102626057645896,-0.02733348473923214,0.00011638618548004409,-0.007973873110624252,-0.00035064510792304215,-0.005549930729920605,-0.008290163611121892,-0.004856491563494658,-0.006171395625044096,0.002179643216349225,-0.023078059517670058
2021-08-02,-0.0023307176393051465,-0.007690402716827749,0.00040653930610901057,-0.0040189834191299845,-0.002630101580054167,-0.00031541378974353496,0.012872192011408323,-0.002098095436871228,-0.02682738949207475,-0.0023149843745186027,0.00017352519906022046
2021-08-03,0.012644128978291036,0.016280072955320746,0.012306426868566422,0.011377971436506762,0.0007031529134038372,0.008075064032119439,0.0032915033472740163,0.008135507776595885,-0.011218682694130067,0.011250119757402643,0.010767763162556676
2021-08-04,-0.0027822648066819777,-0.019088920415483046,-0.005906496320122301,-0.010791904346926229,-0.014406254448437461,-0.0021243393626870777,0.023164104403784913,-0.00491893395810461,-0.0017714151558685387,-0.0068141615137786715,-0.02336760230868551
2021-08-05,0.0007487725786250454,0.013055123675026259,0.0019037038492890623,0.01262857418571306,0.0071302408555342645,0.010505684863416409,0.01790465671176822,0.006332845712643476,0.0149577208761289,0.01855239008107068,0.006333508253652642
2021-08-06,-0.004767418689788583,0.005598704280833422,-0.003339484945167892,0.028403662863124568,0.002477783085132357,-0.00020681773624098287,-0.013131727666338855,0.0016524096198977656,0.004953818303680579,-0.0017871969589817738,0.011538527200109616
2021-08-09,-0.0003419395792656488,0.0025918556797548398,0.003466029552206207,-0.0010796949713486326,0.00017655263833749046,-0.0039043137723624444,-0.00348600200190885,-0.0008135517277587656,-0.005799424125885078,0.002410013790825838,-0.011406908278666972
2021-08-10,-0.003354015788739395,0.024797796416589746,0.00034567875271740434,0.012267464647768067,0.00264782209508585,-0.006554936622194307,-0.017689121083496184,0.0012439567217679137,-0.00804162940115083,0.02129418119032711,0.017132622169800493
2021-08-11,0.0017857104516771916,0.03545568693592216,0.00017222376354397717,0.011930413629583914,-0.0012322314368128362,0.0017806835138125532,-0.011888141696503318,0.0024850437115728763,-0.012643413165983164,0.00894534944548031,0.002922073188942109
2021-08-12,0.0207732915374208,-0.006406243283302304,0.008055632439955218,0.0039088884561178094,0.0019389977024542038,0.009966735805923443,0.010457476714013536,0.002996865839430596,-0.01256723591162534,-0.002676132145795318,-0.0022615796942451194
2021-08-13,0.0014105231155301379,-0.007582681101095834,0.005992967187895548,-0.011187323078830524,0.006861401937392708,0.010489529288421728,0.014217429820304384,0.0018197716684282828,0.003710422568737881,0.003152872445440824,-0.010113395938120107
2021-08-16,0.013547884574661051,-0.003934773060491614,0.00902124687939354,-0.006563228797268894,0.004368311952111181,0.005975663439585555,-0.011789046517761692,0.0023547352489836637,0.011648408418691192,0.00815899204103454,-0.014620239635448229
2021-08-17,-0.006154187955933477,-0.019613179383162982,0.009165659342829757,-0.012080962490414349,-0.003479450237629078,-0.005159543222832075,-0.024661694501066034,-0.006555240580046862,-0.0035264422681097196,-0.0003317547504417817,-0.006793258217602904
2021-08-18,-0.025500917760786446,-0.01700726673557551,-0.012704222181990743,-0.009107479358002823,-0.013617390850466093,-0.006119077063893252,-0.02148206961891841,-0.010945086979998297,-0.012365082347773892,-0.010616852476034389,-0.021058254853135172
2021-08-19,0.0023230178043209815,-0.025546873383882396,0.00778841550506848,-0.008356029545533383,0.006371643509222924,0.02077522636268725,0.03981077269925448,0.0015482906462354062,-0.00025923759289270265,0.006773812251584133,-0.030520318952038328
2021-08-20,0.010156376359367059,0.002396557806088495,0.00487194078804376,0.0028520779617293712,-0.0038692072150529055,0.025575226292857023,0.051419194079702635,0.007957157604010057,-0.0009068837504274674,0.008926667315462655,0.00018988271979880622
2021-08-23,0.010257515328946365,0.020494098512988668,-0.004316751951489173,0.012797179772093825,-0.003531130852835185,0.000953008117618559,0.05486173679029127,0.008796513622363333,0.01201604062282513,-0.00660298382131741,0.04114500577803515
2021-08-24,-0.0006011690325907759,0.01649614705860114,-0.012499266428824152,0.006190228212454851,-0.007618587592129189,-0.006663246785474919,-0.007514316896565787,0.0015874839828013965,0.0004271156700443868,-0.010302402752262019,0.008195286688221115
2021-08-25,-0.008421742564729051,0.010207503420426978,-0.006613885127184971,0.020612619623823658,0.0010711519704458272,-0.0020159803834683965,0.019272336951443148,0.002098323986675643,-0.007044129656718412,0.0004031336519876305,0.0018064164126347926
2021-08-26,-0.005527079010227087,-0.01639036949935735,-0.005337679421174579,0.00515812382742431,-0.00945225719169751,-0.009668761579020857,-0.006527646749699967,-0.00590312597716558,-0.008899846731662997,-0.010808341952598166,-0.013523245793972238
2021-08-27,0.00718463517611867,0.007526859119796558,-0.002135003939662594,0.008037178914814591,0.001980383303590738,0.0021067344936203103,0.02573861407022382,0.008940853876568733,0.009413588252715765,-0.005632882978181986,0.019374780368608402
2021-08-30,0.03041741506353013,-0.006483884439419607,0.004221091119090525,-0.016007282998781514,0.00952383298792081,0.01291192342791958,0.002297056103652828,0.004397670172489043,-0.006274530171626602,0.008053538850604669,-0.010937783682467228
2021-08-31,-0.00842452036847885,-0.0027431507738088223,-0.0030514968239379048,-0.003054273002082608,0.0023140558067378247,-0.005632711733727147,-0.013181155730483174,-0.0014815897313412707,-0.0092115366302431,0.0027082681048005153,-0.011602394232175017
2021-09-01,0.004478342717733508,-0.01379977223814699,0.0035233105444583135,-0.0014378672169625961,0.006748395568344723,-0.0001652736856536663,0.002501668263263923,0.000531329187789531,0.00445225528942661,-0.002160729734152267,-0.013756569138877017
2021-09-02,0.0074748345800956795,0.01836860137742513,0.0068491374892223345,0.004632918209050985,0.001411175152831845,-0.0022533303105261027,-0.0020051917539761765,0.0030766471130352357,-0.02581271985338507,0.005278234855627284,0.02436294448412135
2021-09-03,0.004230487833659868,-0.006657840427447326,0.0006287841201468858,-0.006044958333616179,-0.0007045932718976466,-3.288192700734438e-05,0.01995891329659738,-0.0002426620138195057,0.004148470829988593,0.004644559828292261,-0.0038126522428880705
2021-09-07,0.015489495280326837,-0.01017254353902386,-0.015539261994025888,-0.0017558962660505495,-0.018685042875308366,-0.003187860099241324,-0.007923510611802631,-0.0035755932591329254,0.0051532732508119405,-0.013266347027899528,-0.005831940200204611
2021-09-08,-0.010083729318928092,-0.00701148296242704,-0.002437626686373817,-0.004459425774803183,0.013472087449795778,9.970462900144028e-05,-0.0142530125904482,-0.001218321119504373,0.012462863783911926,0.0012901276065191425,-0.009166032074199193
2021-09-09,-0.006705006711355321,-0.006528831052854733,-0.022280087919838154,0.004353609775825884,-0.009925422344887802,-0.009859519293988206,-0.007251735666589654,-0.004280006334742348,-0.006984286959741404,-0.0070528908709516225,0.000740229806302839
2021-09-10,-0.03310154071094862,-0.001996025111528965,-0.0065450070649302194,-0.011495718706189595,-0.004475527000311397,-0.00518086417993302,0.013572665077932644,-0.007884539666835777,-0.011341042972927706,-0.003619848356492761,-0.0020336044026583178
2021-09-13,0.0038933283025535115,0.005804486780678575,-0.007007223464165602,0.015886973609109623,0.008271844860955557,0.004328494165081631,-0.014503340896787287,0.002559221723323013,-0.0012451717417755193,-0.005689171879436072,0.02575020866088229
2021-09-14,-0.009562312802493422,-0.018767972848931502,-0.006031230347824268,-0.017452880090292666,0.0007188325206992641,0.00942812692293793,0.004063049221948667,-0.005396743762553502,-0.007122679161136958,-0.005239132394581403,-0.014267402979645127
2021-09-15,0.006143867228898703,0.016804150689326836,0.003761787766646707,0.006939798382981532,0.0034118638747897556,0.01677798952724152,0.004450803828145666,0.008352703861020272,0.0034973441887415913,0.001732497646767861,0.03371179975878058
2021-09-16,-0.0016103623682416357,-0.01035371717950928,-0.0012087006605108197,-0.00044258348487913324,-0.00948483566130398,0.001312352355153923,-0.004431081951632443,-0.0015851407507733173,0.0023233426958748638,0.0033205247661725057,-0.010634307450443026
2021-09-17,-0.01834807450164122,-0.018909472615037504,-0.0028448138760892583,-0.0025936725197487354,-0.016440590244011677,-0.017528199808417244,-0.015376489634536084,-0.009741132177974232,-0.011500867471116338,-0.0020684491324337584,-0.011824030898809457
2021-09-20,-0.021361148946844377,-0.044705749937209216,-0.005705647913199496,-0.0299340782408406,-0.006980326170534457,-0.01857471204999739,-0.03593573316153409,-0.016674194039574153,-0.0076662358267053365,-0.013749440311604966,-0.026649612573959924
2021-09-21,0.0034278200947217563,-0.005135829236771583,0.004395346021454527,0.0001309128104856061,-0.00018497335872069698,0.001698971094736379,0.0062989629556047255,-0.000944622490698932,0.0005452564664292225,0.0019613990268614323,-0.0009315122328064085
2021-09-22,0.016872622797215353,0.007954267538508697,-0.0036466711511224936,0.01915293091014325,0.0014803042863040794,0.01282241068857215,0.032712117531568996,0.00975509140697639,0.011718242019417069,-0.002307499995326201,0.029269380242115783
2021-09-23,0.006719177353295525,0.027541024579682105,0.005673267586139064,0.03380134005739244,-0.001662688152266334,0.0032821597604044683,0.02465704010161729,0.01214976300569659,0.024960426997842067,0.0005608761421942443,0.03387069093719486
2021-09-24,0.0006129607451763608,0.001017180858765565,-0.003032967945365672,0.011540037807345582,-0.0027757079939919604,-0.0007011780172109239,-0.01783668429050078,0.001647143013258301,0.014366677262716232,0.002801616903511439,0.008935091166350384
2021-09-27,-0.010549913889109974,0.016157053935054844,-0.007240124126732694,0.02416565766955192,-0.005195754316232648,-0.01730414945889347,-0.019065892591427436,-0.0028606764910403815,-0.008592862206631247,-0.00642577590463056,0.02969239981844063
2021-09-28,-0.023801270146566633,0.0027499526902377003,-0.0022063459946420894,-0.005389821205735057,-0.018093838779979277,-0.03620373142581246,-0.044367709668669986,-0.020152038469038458,-0.017595657449558932,-0.01230250949218925,0.01045522071032523
2021-09-29,0.00648299413238318,-0.013363471056426102,0.0074317311176475,-0.0007827740562981189,0.006079154088627137,0.001693268725082575,-0.008792394377786117,0.0016830693638001382,0.004965282087857403,-0.0004269760639953324,-0.0006674877610285401
2021-09-30,-0.009311934993849191,-0.02981731947090782,-0.015363750367105022,-0.013618309296466569,-0.009252364335623708,-0.00732397690515485,0.009699364742114858,-0.012222280324618917,-0.017337111604450506,-0.007547706355565786,-0.017702050479217357
2021-10-01,0.00812725235375944,0.012293503930579375,-0.006377757167828291,0.021015003654094366,0.010482241679608206,0.025468195827171414,0.0012551702567140666,0.011884242459084593,0.034612830813609774,-0.016716726771927926,0.035872127775480545
2021-10-04,-0.02460562991065629,-0.00617517528875644,-0.007789690964824514,-0.00107676918339783,-0.0005659705019751549,-0.020719670754713704,-0.048693673367923185,-0.012896099434919206,-0.024863386046497626,-0.009631443365022085,0.01296584012641655
2021-10-05,0.014158424950911463,-0.0032618442150159632,0.0022610824290647535,0.01633021796721712,0.0016987073388863294,0.01995706326162261,0.03643808169784757,0.01040527045062034,-0.002002429973549824,0.006556831574511923,-0.0016204184579750036
2021-10-06,0.006307072308409101,-0.003324608747730995,0.0020680194824020948,0.002134366542166255,0.011868718904125108,0.0150642127235312,0.012175383156837638,0.00415582963322958,0.00994294728469014,0.007319644305905371,-0.01833821237316291
2021-10-07,0.009084573792472517,0.02027507769588044,0.008942523284079407,0.006330783541752538,0.0031650382839192304,0.005936541538194895,0.01811623611085178,0.00864562092138188,0.017835901493547635,0.011771463361581747,0.0028103154652090456
2021-10-08,-0.0027219657058282776,-0.0030140493949006864,-0.002541188122047622,0.000764086692562671,0.004454354597226429,0.0,-0.011577806539155855,-0.0018234929193849947,-0.0012145736209869806,0.0030165770334793507,0.025057865790379052
2021-10-11,-0.0006295995578364799,-0.011631502534198201,-0.00422545449022349,-0.021031633231630487,0.002032775689423838,-0.0021027987082884447,-0.006528554802591291,-0.007239801514251076,-0.02240845616117637,-0.0009308818689411913,-0.009971037347556777
2021-10-12,-0.009102985444307654,-0.01539749254087508,-0.015974903148894826,-0.007680955006819201,0.0,-0.0045883351050891585,-0.001159908194893755,-0.0024616900100549177,-0.004708883804597663,-0.0010751220520051064,-0.005198303194956844
2021-10-13,-0.0042398468728795935,-0.005159904866032572,0.009575730278559513,-0.026366868451927594,0.0001842315742321965,0.011711186767908499,0.012964973030719529,0.003597575905331052,-0.007096566940252513,-0.007246376811594013,-0.0027758241059675504
2021-10-14,0.0202253841593929,0.028527507794391394,0.005715925729375515,0.015341473715857035,0.00682162522368146,0.021734149714454754,0.03854030933945918,0.01682052391266131,0.012226844518573143,0.010840649687122061,0.015228403872507679
2021-10-15,0.007512715632998157,0.024134218415549302,0.007432416738754721,0.019208473645615287,-0.002380676211074517,0.004822564089876469,0.005334627258958058,0.007615879182753416,0.025801772158212,0.004861436292531884,0.009516018828369832
2021-10-18,0.011806047998815572,-0.004220607607738458,-0.007315669736591701,-0.0003601563311634859,-0.009911798968750829,0.010124767981674498,0.016466818212453882,0.002960591654061595,-0.0014721473985442879,0.008039876584171823,-0.00047926026805378275
2021-10-19,0.01507993366352256,0.014935806658164408,0.023419937139321112,0.012128565268751057,0.0038931633109540176,0.0030586794651823457,0.0030602065081810625,0.007715050640823451,0.012443401441919466,0.02124511192748879,0.015025538152162676
2021-10-20,0.0033613793265767633,0.01516352671357013,-0.0005492303796102993,0.01346603797556889,0.00886436944857194,-0.002660331954565498,-0.008389485302046196,0.003927771813950542,-0.008993038945245946,0.009054002134543326,0.005511810407605067
2021-10-21,0.0014739431461119334,-0.010039431286475997,-0.002320081239088001,-0.007843664781050697,-0.005125455006970814,0.010897470444676705,0.02664792566164209,0.002607934119771116,-0.005098888497674481,0.005547864293675486,-0.018167541870401704
2021-10-22,-0.005285001291396529,-0.00189028996593954,0.001958341017606502,0.013451581941042345,0.001839863691784016,-0.005148456525211564,0.001498284945681272,-0.0010361548437261003,0.0042998093309654095,0.010421574234882991,0.006859015426913473
2021-10-25,-0.00033649582644257325,0.007774444031148908,0.0021990408722367683,-0.004890035244876523,-0.004040185963838483,-0.0033317338875341607,0.019361245780562975,0.00536285041605189,0.011460325217846234,0.011594907027150825,0.019486826579822036
2021-10-26,0.0045746658594778555,-0.012709416049767941,0.010178028240591441,0.002691121892044901,0.004425524102807943,0.0064258653828326295,0.06695142527717413,0.0008999482079663501,-0.008807608650586496,-0.008729917940974441,0.02315440511439637
2021-10-27,-0.00314716242456603,-0.017581536404607245,-0.012126979358496603,-0.020828674308436934,0.01927649091080519,0.04211413491518856,-0.010761947859451948,-0.004430165643309447,-0.06919171127787616,-0.008201612886094112,-0.025971912023750043
2021-10-28,0.024991533642025,0.04058504921997197,-0.005435566670914049,0.015074986258177825,0.00936599207171862,0.003651240084012519,0.020040181792440492,0.009649101108167857,-0.02752807209586916,0.006236038052205739,0.0028067904102360153
2021-10-29,-0.01815576081046788,-0.0003918697877304256,0.00018440219061233165,-0.002758904312210597,0.0058886074370849695,0.022413975986234957,0.02509926158693787,0.0020290495239490003,0.009197434023857198,0.006534449438965639,0.0024879728898878906
2021-11-01,-0.005607088907997548,0.006715468014829362,0.0008594559123127343,-0.0005300573046682633,-0.0035480217999079855,-0.0067847815161767855,0.010169212181887932,0.0017201224489620248,0.0032585002950897834,0.0024760234612595244,0.017992897158996657
2021-11-02,0.007115826780708989,0.008472127831584686,0.01576493792127298,0.003945904064524219,-0.0012462527235159726,0.011415986679052192,0.02222489122911897,0.004043068807093819,-0.015626677546911716,-0.00046735224103111594,-0.012342017442353415
2021-11-03,0.009798665074363555,-0.017236431589962686,-0.003200737718538349,0.0003521020958947574,0.0033870857564854973,0.0026111575992286973,0.007461921174342745,0.0061052214574977,-0.004972700257548701,0.003072410719352048,-0.01373016652697101
2021-11-04,-0.0034987005622436618,0.00019661714514507267,-0.002786539777421604,-0.013135478330462358,0.005507084759773351,0.007305446714682473,0.12042265148950726,0.0047125314493852155,0.0032676211107161013,0.007324526335211967,0.007508142026959597
2021-11-05,0.0035825315348196884,0.011247864036565636,-0.007108221274068072,-0.0014260395932814696,0.004240370984182507,-0.0011292973272605256,-0.0016443637102901976,0.003469756514759892,0.03779086132144971,-0.006940594896197916,0.009470652050141082
2021-11-08,-0.005552704002806275,0.040654757238129946,-0.003426681085876293,0.0060099480504336444,-0.008972479946471434,0.00276726682511641,0.03535918012754258,0.0008534811904163941,0.017630672058811303,-0.006390363334356941,0.010765985523150778
2021-11-09,0.002459135023143544,-0.020723438474754552,-0.002210410260505724,-0.007571311735756869,0.0028402296590672726,-0.0030860654074078564,-0.004772217321136085,-0.0033051654949578513,-0.0322011378392536,0.0034836445145380868,0.009738237870289712
2021-11-10,-0.01916292934986108,-0.014965818561313182,0.010830294269477792,-0.000953583005159242,0.004071378505943857,-0.015329958733901639,-0.039077572955033446,-0.008044872957748916,0.011947568313914303,-0.009012595873133522,-0.019700517721155775
2021-11-11,-0.0003378600459603698,0.008999953028136387,-0.007365891386687751,-5.9681460969351896e-05,0.00035282953187043553,0.004927709182262152,0.03160315427429938,0.0003233572769356652,-0.02384486913037842,0.0004041372321004211,0.0018692526988051128
2021-11-12,0.014336883892340113,0.0035486466591285737,0.011958495713193074,-0.004474428249270135,-0.002291229186125454,0.012904937563329222,0.0,0.007547032362891892,0.00793657464225439,-0.0049829731027484225,-0.007619320442957878
2021-11-15,6.649376207334967e-05,-0.007454682528769463,-0.009029690022013148,-0.00179808332867204,0.00017679630669409363,-0.0019303021334273751,-0.01201046030505648,0.0003424245090133393,0.0009901512744761032,-0.005752721479777012,0.00861803984352627
2021-11-16,0.006666622964752511,-0.010976830071479093,-0.005197946489221339,-0.007204360242160424,-0.0070647875714316966,0.01023587223447997,0.0059283942667076595,0.003957771423538148,0.013565615288837485,-0.025457767941584608,0.010097862569820482
2021-11-17,0.016490237924270623,-0.011926150845984473,0.0037498667776594274,-0.005382580343446963,-0.00551402038454174,0.0006787804500012484,-0.031188910789715973,-0.002429290083563629,-0.04703028495562178,-0.008591215525630802,-0.010919782122506438
2021-11-18,0.028536012698580526,-0.007685365403161892,-0.005389395651379414,-0.008633318182943994,-0.008942953341563586,0.006339737156364045,0.08249881776916324,0.0033965372604023436,-0.008436723495705123,0.008595280477505796,-0.010884634597958298
2021-11-19,0.016976117565570714,-0.004865761328421425,0.0030172011102955754,-0.013063911785730853,-0.005052988125957225,0.005391816937037275,0.041357808432165744,-0.0017883830765053066,-0.012147765965411117,-0.005378533103256089,-0.046219279809443736
2021-11-22,0.0029272324485627443,0.00967894148303916,-0.013162435962790764,0.02131525596081163,0.006167109043720975,-0.009559633074960439,-0.031196249571853074,-0.002815172695184942,-0.026286736829096435,0.016784741460713182,0.013845403050006588
2021-11-23,0.0024224021455090394,0.014576581681278622,0.0061994606236823735,0.02391196056113598,0.007391367450064079,-0.006326585062942147,-0.006571457315079465,0.0013260089247522089,0.014878731844130577,0.007114191640447132,0.026337049522193512
2021-11-24,0.0032831445007110993,0.00847411008071397,-0.002800191882390446,-0.007843685624189467,-0.008053088245240425,0.0006810249505251331,0.02923198695375495,0.0026699175249502716,0.023981033597647583,0.0050068036283239525,0.0055440787757694565
2021-11-26,-0.03167828097617453,-0.040276239255077506,-0.0064903188080364105,-0.030127112331787442,-0.030669297773791016,-0.024355550288654992,-0.035838840360517876,-0.022303288054179693,-0.027552354398984624,-0.011191520387203058,-0.035129180957237494
2021-11-29,0.021873351167720267,-0.014139786780596575,0.00345441528314816,-0.004322908357208832,0.01581987287533604,0.021080945094236192,0.05945458486063204,0.012266622188930043,-0.006880821167037476,-0.015666137103401034,0.005551273007981861
2021-11-30,0.03157809534996936,-0.013117617425644101,-0.02391210072212102,-0.014885582284721033,-0.0315731829211916,-0.017942385266637606,-0.020973208907498986,-0.019457541304322534,-0.012838060368954629,-0.014022176066464276,-0.028413872105305216
2021-12-01,-0.003206449193893235,-0.009723374777422134,0.013788173607066412,-0.005918473778538935,-0.0028597707449646848,-0.0015428642671390103,-0.03786105922418381,-0.011107357043307897,-0.01863042848290486,-0.02481698747548411,-0.0008354921286201078
2021-12-02,-0.0061297443450170075,0.027784970703248257,-0.006262331928609921,0.021027466605702427,0.014722647446350878,-0.0017874012732655986,0.021981981718770527,0.015316515479182113,0.04275344339028875,-0.012177342475438668,0.02492055666051396
2021-12-03,-0.011724549337873147,0.005132602670331554,0.014577319674142108,-0.018112984403634846,0.008856314078921956,-0.01966671711337631,-0.0446056863048262,-0.008701433310358886,-0.009934898684834104,0.015058539905669077,-0.006364050015020606
2021-12-06,0.021502712322708506,0.017593333921937848,0.02233643522299933,0.011813695186205786,0.02558827252719209,0.009844670470559036,-0.021373023725763773,0.01184343976158364,0.03239613551282994,0.010835797976534112,0.011331756788602876
2021-12-07,0.03544615517079586,0.015948012479909845,0.0025775722788503597,0.015047599934104428,0.0054636199730793145,0.026763732455136413,0.07956858147415247,0.02068479585105143,0.02313990053416526,-0.003237489298938079,0.011204931602770252
2021-12-08,0.02278334712550789,-0.001467041347193443,0.005998978969489643,-0.01144103256775364,-0.003803767506585065,0.000149359433429197,-0.018533949571938102,0.0026480662353658424,0.00781222217983335,-0.010104630540454629,0.0028906549231304535
2021-12-09,-0.002970193760614026,-0.0002937583518042297,0.009492809807952751,-0.0015557608607530415,-0.0025453428043518134,-0.005582503703636665,-0.04197832042349847,-0.0067516180806330706,0.011483673094992985,0.013909149798001286,0.0025620649969857467
2021-12-10,0.02801334962784785,-0.0032821971771467284,-0.002471463628614279,-0.0039885508857852026,0.025884018287101185,0.0283395118640537,-0.009576723830057032,0.009413335940781975,0.009508588588139633,0.01826714250542172,0.0063885804578065475
2021-12-13,-0.020674346813120192,-0.010862130502116485,0.017886148184599993,-0.01188838098917333,0.026297002440937467,-0.009166750059052875,-0.06745495290000525,-0.00885815372805987,-0.011152901594695397,0.018010337234730445,-0.02190120809595497
2021-12-14,-0.008023190599068308,0.0019377753950597931,0.010923059148533198,0.007661975338527194,0.0006927489486407978,-0.032586922480104974,0.006249635649679508,-0.006880041308849338,-0.004928642293144825,0.009542321503143603,-0.001460192015900863
2021-12-15,0.028509330316518477,0.004513031988839122,0.004991718835625436,-0.00747798461023641,0.004498093018667548,0.019217949476235896,0.07488440211857439,0.015625037316530754,0.011096694198841517,0.005726546864179394,-0.004387488781269044
2021-12-16,-0.039263906110014846,0.017872066922518526,0.010926810065529091,0.01563892348485285,0.010161910552319853,-0.02913486233929008,-0.06802571393483081,-0.008818597942105821,0.009702634707041469,-0.016670270636547246,0.0016321299768964348
2021-12-17,-0.006501629869823389,-0.023281794053362392,-0.027628674765835082,-0.022754382836750464,-0.015686391592967475,-0.00338568557646457,-0.020643304093381887,-0.010642822278997821,-0.011615340033359733,-0.03202145871715223,-0.021834759059481956
2021-12-20,-0.008122287851160093,-0.02934874724086345,-0.0028529599691670127,-0.01798922166443473,-0.0032909472466801093,-0.012013629450822294,-0.002949449917782898,-0.010633462940616067,-0.014819739659808762,0.00324314091052047,-0.014492692298241572
2021-12-21,0.019087154937135198,0.014580757326210891,-0.003219305825677865,0.013966323875880704,0.003997059436047001,0.023069079192661546,0.04891960522049699,0.017758888836374886,0.03180965526402613,0.003017343594979849,0.022650122312468435
2021-12-22,0.015318656198775482,0.019363737072745746,0.004305856028514743,0.003908057951007793,0.007096996941227562,0.01805735395056285,0.011177921078833641,0.009998821888113962,0.011979213214554862,0.0012892075812340753,0.0080995188977111
2021-12-23,0.0036438106448322127,0.02003463975092612,0.001905612234094578,0.0035738613739748626,0.0006877480742717434,0.00447177619136685,0.008163143910595805,0.006221984771532796,-0.006148220182845554,-0.002217577891654998,0.0004918137596061634
2021-12-27,0.02297479426409743,0.0008728449459889376,0.008439922588509674,0.005723107238116754,0.0073857041778429,0.02318574198075396,0.04402846125000526,0.014152190459859826,0.0046628719386827555,0.009104631276187769,0.014257632803677867
2021-12-28,-0.005767183993448444,0.0011630454449949035,0.004007884913468152,0.003034642943930743,0.003921560763656462,-0.003504324899394007,-0.020132504791936956,-0.0008171990047095568,0.001929601401699843,0.014350822164335142,-0.0032315591416004485
2021-12-29,0.0005021247153131903,0.0034362588863936505,0.007044145142380831,-0.000504478383328788,0.0011889174341193076,0.002051316329391595,-0.010586470446850127,0.0012792737854705472,0.0005505218986705529,-0.0004902812737647144,-0.008753569363858071
2021-12-30,-0.0065784653797448245,-0.006029233090038,0.004430389090021469,-0.0005044077956534165,-0.002884047701207648,-0.007691141771749455,-0.013832789028362824,-0.0027644938941081554,-0.0013750408303457862,0.003223210645212804,-0.005887125877497623
2021-12-31,-0.00353532186283545,0.003202750304646562,-0.007196555558788065,-0.0008201712229445324,0.0073155645028200045,-0.008841345570317571,-0.0059149946038010714,-0.0025204032645222973,-0.005324367726802448,0.010616710041617461,0.0065801429537724054
2022-01-03,0.025004254203047083,0.0012575718488208043,0.0027472948094227068,0.02115568646998245,0.001520109690962279,-0.004667952712522738,0.024140549443071313,0.00579016008077593,0.021780247345917214,-0.0002764983281262623,0.03840505182669762
2022-01-04,-0.012691467284062341,0.05352687700590497,-0.0026813221748589466,0.03790957293013131,0.01669472528568683,-0.01714701099177318,-0.027588520007660766,-0.00033505846006320894,0.004651578725623606,-0.018320047003489992,0.03761397227662333
2022-01-05,-0.02659991925969052,0.0076575170240562596,0.006663282303257079,-0.018281872296251,0.008293308038507918,-0.038388043059084165,-0.05756244252610576,-0.019201990676615655,-0.011058281257075975,0.013521037000703728,0.012437238092837033
2022-01-06,-0.01669328794821967,0.010193366691855221,-0.0034257161064051855,0.01062387557854394,-0.005264037738501592,-0.00790189248687867,0.020794186181353647,-0.0009396091478002244,-0.001136216413697655,-0.0027791038840840887,0.02352087881069309
2022-01-07,0.0009882837872638994,0.009910374615423434,0.013517419502979022,0.009908209907384169,-0.0023152398478558656,0.0005099073627916617,-0.033040028073865524,-0.003953480086906103,-0.01269626608940888,0.0095455602804293,0.008196639509560955
2022-01-10,0.00011630853217825532,-0.011374028260796587,-0.004943827395319178,0.0009572430745277138,0.0016574463571774611,0.0007321895251100052,0.005615195423013919,-0.0012442849077725082,-0.022999501662665178,-0.0019324824985477163,-0.005952546161734795
2022-01-11,0.016783644516894514,-0.007625104405700411,-0.010630244698656699,0.0010158619677638203,0.00033107050165437357,0.0022591752090121986,0.015219077879226939,0.009108300908363676,0.01136930900409383,-0.0028352362840600165,0.04206234693277833
2022-01-12,0.002570281124498086,0.011138844080543997,-0.008525740599837461,0.005672056757904498,0.0014887116958477442,0.010444959835162582,0.006542904822202322,0.0027035181777697037,0.006203825327679491,-0.005270396596000704,-0.0029431304772646882
2022-01-13,-0.019027977424005527,0.020683300169787477,-0.006066116470784699,-0.0012467770544332124,0.005946786367468482,-0.04232235487646108,-0.05085909117094689,-0.013778682549692278,-0.0032913813128425673,0.014152231532840398,-0.007169193197500756
2022-01-14,0.005110544612323409,0.00854631612598089,-0.0054517015484020215,-0.061463587938443975,0.00804580074703809,0.017716844384252584,0.013809917952785522,0.0004089396997224437,-0.0015347142431999528,-0.002818474701836604,0.0175565770394277
2022-01-18,-0.01889406203756283,0.0040621359290629044,-0.004408852014966547,-0.04192760747734958,-0.007981582524400621,-0.02433962023280334,-0.03856441389364573,-0.0177096147460174,0.004844399289486212,-0.017509981539805097,0.016835866961177448
2022-01-19,-0.02102487885322757,-0.031036663407601583,-0.0031119356366300366,-0.015469115646811749,0.0016417899558847093,0.002246785711556676,-0.03227400308852313,-0.01038352016986177,-0.004774852739931057,0.009963487539992544,0.00041038952612759694
2022-01-20,-0.010347191746132967,-0.022692487316503862,-0.007984214211895102,-0.008527293200778052,-0.004098318513319987,-0.005703279288982066,-0.03658195239563322,-0.011067913110585637,-0.001537001871014354,-0.01889674266385999,0.0021883745391260145
2022-01-21,-0.012764908981061529,-0.011725136733370278,-0.0022995942645759326,-0.017472846104125028,-0.004938249297698372,-0.018468055873597455,-0.03213264031429075,-0.019630595228925185,-0.03928180119597158,-0.007293599033257436,-0.015012754774662462
2022-01-24,-0.00486445910929989,0.0011210511543875423,-0.011524262518950557,-0.0008960036330073473,-0.008105912685834049,0.0011484076345187333,-8.554274415406571e-05,0.004246428991151241,-0.019812400354078386,7.140819375761609e-05,0.008590384684613595
2022-01-25,-0.011384481462735963,-9.314354472245157e-05,0.028594366721260478,0.010900191420238237,-0.0023347147558723247,-0.026588422372953446,-0.04483985765124554,-0.012208837592064259,0.0007432644446649928,-0.02175463220024021,0.029400015464702278
2022-01-26,-0.00056333906212791,-9.361299068766371e-05,0.004474183807322563,0.009486234680908145,-0.003677891314157522,0.028493099237445918,0.020067885178362888,-0.002508511380682421,0.01915839997498492,-0.010207793954651656,-0.010142980423083148
2022-01-27,-0.0029431924660997533,-0.00989303157687449,0.013125108938095043,-0.017644973526821928,0.0008390198610910282,0.010549232545761456,-0.03636024641290636,-0.004938111393728684,0.0013600125178525602,0.0006628020305836646,0.012808613306076522
2022-01-28,0.06977742235445827,-0.05189243965830326,0.007034438468135118,0.008946561912663631,0.0199497419036736,0.028081655820177076,0.04083105511273866,0.024835273865659646,0.10599090272001521,0.012367555244221062,0.0021298196944075087
2022-01-31,0.026125815234771643,0.0019884336388908963,0.0029103568882686837,0.01357367134303944,0.0027939532505409925,0.008823893647514014,0.07206668796175131,0.018011087155658245,-0.008026479146446275,0.016652097475065686,0.009032999288214327
2022-02-01,-0.0009725645878972955,0.018803395773165477,-0.008183724087273192,0.01715983760934159,-0.007375593749397558,-0.007138750205783473,0.006207408459713681,0.006756951106217324,0.027368820411952877,0.007867679673029482,0.06411296473166828
2022-02-02,0.007044124978089039,-0.001996589800256854,0.011060270454877008,-0.008005161936775362,0.010237843922455747,0.015222034648020744,0.024514925260122444,0.009714099253073982,0.013169130182835165,-0.0004256586885658109,-0.0025982809929967488
2022-02-03,-0.016719565579769946,-0.021225850868626273,-5.782878803406444e-05,-0.008270092699245057,0.007028369934502177,-0.038952242192168085,-0.05126361020463377,-0.023505088138229713,-0.016481153386278535,0.0009939989654366155,-0.011659708701854177
2022-02-04,-0.001679398312495417,-0.010867611236611951,-0.006540954738223803,0.025958237838366927,-0.010550422586753316,0.015568385954631836,0.01549195520748503,0.00470239265000405,-0.013604502703502885,-0.011773879356522077,0.02171186910664047
2022-02-07,-0.004234674690413054,0.0071065752369272595,-0.003320864049228711,0.0033433331683245804,0.010498717671326485,-0.016310253623931126,0.01681800672352063,-0.0032094059302881783,-0.005385614715080034,-0.009832881243843516,0.012037797512761461
2022-02-08,0.018466827353057713,0.008407275350931442,0.0026302353867502237,0.018814631553403238,0.006493524860378352,0.011994995549786891,0.01536719369316919,0.008227811934732765,0.0034337031351066027,0.00021768735655869342,-0.025852486899483273
2022-02-09,0.008293728151170798,0.010421580050222978,-0.00011620387722477421,0.004168081847484739,-0.01548384422504201,0.021834937814479982,0.06360544557243375,0.014636135327215305,0.01285442338156395,-0.002174206723768335,-0.0047871665868232105
2022-02-10,-0.023598595208442652,-0.002602874155076207,-0.012070626587684652,-0.00415078105232769,0.005570026415772089,-0.02837316440882698,-0.032990277796386525,-0.01796554860536581,-0.02128033864582035,-0.01169289062860579,-0.00962027598945725
2022-02-11,-0.020218615460773193,-0.009011617069490274,-0.010093570315748202,-0.0130168879461654,-0.017758083318661244,-0.024274043312709992,-0.07260701326077168,-0.019718552438666714,-0.003989530278374009,-0.005511409189886574,0.02517916147651955
2022-02-14,0.0014229193917181249,-0.006708458637823211,-0.012580982798136686,-0.009290649672772489,0.006468734030733003,-0.0001356169815653896,0.013278415458347403,-0.0032695199753230986,0.0028927126906506118,-0.010197308309181752,-0.015334624937783481
2022-02-15,0.023152673939267343,0.01760962066671512,0.01032609139676044,0.014623991480739118,0.003790368134892752,0.018542526469302656,0.09181184325580327,0.016126768263312163,0.011005769437693491,0.003135423718229502,-0.012535069365270823
2022-02-16,-0.0013888346355781511,0.0011307185026323552,-0.0005978853499116754,0.0018100031219516755,-0.0001639804410593637,-0.0011670752150401142,0.0006038738049625181,0.0011208237210968974,0.004389344169839715,-0.006251337213937558,0.004616028696236452
2022-02-17,-0.021269462821870477,-0.043704412693289174,-0.0060999627070627005,-0.02303270318883399,0.020032569725290328,-0.02928233004592684,-0.07559109924012108,-0.021361208681219712,-0.018398774838890408,0.040065951646579334,-0.0015315687908741271
2022-02-18,-0.00935564224357821,-0.014326941783387781,-0.010719133059154395,0.0046889885101333295,0.006761231678294788,-0.009631007132182345,-0.035296196268284175,-0.006475256375463756,-0.008548222153125118,-0.006408390281113618,-0.011121216037709214
2022-02-22,-0.017812209822040015,-0.003855071864826032,-0.013589437278964334,-0.0017748855713168865,-0.0041574549252095805,-0.0007294102998268714,-0.01065903777226962,-0.010731544523480796,-0.00615192339018622,-0.011160167585415603,-0.011633824303250218
2022-02-23,-0.025864144512727116,-0.02374343858706851,0.0004964926250736745,-0.02093890125952469,-0.01107883673193466,-0.025892913457120192,-0.04288142902812353,-0.017738357862475795,-0.024263455862628014,-0.010260425986124089,0.004054479064924177
2022-02-24,0.016680008024291038,-0.01060696804631811,-0.019104304396290628,-0.027843271183608742,-0.017535431094494625,0.05109344878269462,0.060794051557600426,0.015048907797345246,0.006251361058643878,-0.003850249357335689,-0.012635273357590182
2022-02-25,0.012965579653229531,0.012832257198701846,0.049702790718914036,0.023659645128372597,0.03867129250202184,0.009233080386094938,0.017222625967040495,0.022063916157693875,0.00906584110633446,0.013751646162888376,0.02691280872372115
2022-02-28,0.0016378474480462923,0.0027795283758331735,-0.008614483412361595,-0.04169746857397161,-0.009705553821748536,0.004978173767879346,0.009438003253773752,-0.002558620892003094,-0.014365964921766339,-0.008945590826513472,0.007451292770644713
2022-03-01,-0.011628006869202623,-0.025322286396838534,-0.003463649484076181,-0.037729225218655515,-0.0043380403129463785,-0.01285194393825917,-0.03723559766732276,-0.01523021029786309,-0.03308337633504066,0.0061409110164367675,0.009563958233009817
2022-03-02,0.02058824709296836,0.053492426863164244,0.012438934011635316,0.020740104531043357,0.00742293113840331,0.017765657913410227,0.031823522656858616,0.018396249151118926,-0.002344811020196569,0.0012498288728717277,0.017178146358626467
2022-03-03,-0.0019811579886693798,0.011629829530962477,0.0146955191200564,-0.007108006328832461,0.0006405797689965631,-0.014224529646565731,-0.02089164168461366,-0.004978504990837407,-0.0059956995329377705,0.022987756724768937,0.006333152246431828
2022-03-04,-0.01840839025070906,0.0041569226254924985,0.005935268136632699,-0.0281294290171753,0.0016010169082611991,-0.020478344048872166,-0.032807797723848786,-0.008124565555635344,-0.033489371546605695,0.025342588490403495,0.03763566475813063
2022-03-07,-0.02371726939919594,0.005315303812036376,0.016108024378745034,-0.038615891247508194,-0.023813407399409292,-0.03777680390174776,-0.06906183059779747,-0.029479052483203816,-0.04788044434775185,-0.008051992741493375,0.03603295163707276
2022-03-08,-0.011676294084676409,0.06761577627537796,-0.020265851818506264,-0.007042574799463797,-0.03962016783997946,-0.010971484975545898,0.007587326967076979,-0.0075819584819935,0.0052960647600843735,-0.020681641701060904,0.007575606569107496
2022-03-09,0.03499757774651524,-0.0010478207522741645,0.0037931891145799312,0.040062325521002196,0.005114119621582924,0.04585823230482533,0.06972204247813463,0.026810850132547914,0.04199038469366534,0.005189364516169359,-0.05684662845298871
2022-03-10,-0.02718628970865289,0.009581572777227265,0.001771430600921775,-0.011840716823463326,-0.018317331827193306,-0.0100864785430973,-0.015468807356532,-0.004515431873922449,-0.008960602470692525,0.022730498063665783,0.03104229905603284
2022-03-11,-0.023908822795953077,0.014353723803339324,-0.0018272177529132794,-0.022524024059920822,0.0006909362573861433,-0.01932839474028525,-0.024627137994614468,-0.012714949731735925,-0.006364571626336302,-0.003926121595960286,-0.0051544342354479245
2022-03-14,-0.026562408386816116,0.0028395908494784905,0.01381770967279361,0.009931012705590492,0.018441149051646955,-0.01296109537900525,-0.03484188872741956,-0.007308586048258348,0.018402556269014214,0.013936728259104303,-0.035798477702091214
2022-03-15,0.029677370880513143,0.004734325386897664,0.02591873506092779,0.017746234283947837,0.018448904639208674,0.0387424500421607,0.07702797069205736,0.02199058284238009,0.02900226714363585,0.012010150431287503,-0.0569125410739858
2022-03-16,0.029015389059436236,-0.0017554305400968584,-0.009197343068058972,0.04468554812517467,-0.002683730282133867,0.025213362041440535,0.06629516019540671,0.022174191324148218,0.027796565786531335,-0.0029499862452438963,-0.0037554447270521374
2022-03-17,0.00645417451119723,0.026008891146106716,0.013064502239403142,0.012644571156545936,0.010595360241448581,0.002819467016134336,0.011022285185238845,0.012510859164271082,0.007457451260404868,0.001519456876406311,0.026647773972426236
2022-03-18,0.020918948500417756,-0.003563284451504334,-0.011085958338508006,-0.00035665959849562334,0.00016653811219291548,0.017647676795628398,0.06811752230370383,0.010953015518837095,0.026516836272927113,0.0029653682803467696,-0.003925335804832786
2022-03-21,0.008537543154936378,0.012674780174924294,0.005662389792281175,-0.0032118743737098443,0.007986816117945938,-0.004227203617989561,0.010622613932788294,-0.00029276906950426174,-0.009447332862296598,-0.008319455828245337,0.044871054335036575
2022-03-22,0.02080066989233953,-0.004470218456058661,-0.004720483061917191,0.021267276278218894,0.003631277062964733,0.016379383773915013,-0.007855204845148567,0.011701677792481657,0.0065887433076945445,-0.0029813209291655873,-0.004379611514303217
2022-03-23,0.008233588639123157,-0.0024246078856288156,-0.003771507787653894,-0.019912999307540646,-0.006578685893823821,-0.015030012299381279,-0.03355436576252224,-0.012878609174934774,-0.0173481047711308,-0.01286530916446893,0.015762498562071237
2022-03-24,0.022677875300121775,0.00018008374523836856,0.005162489252846347,0.0065105132782738995,0.009602475960172274,0.015393109155964702,0.09815084212846115,0.01507442390278424,0.012250854016524926,0.006199341899155053,0.003007148060607312
2022-03-25,0.003734144727816302,0.005175345989610447,0.00958664160689393,0.008742357170143489,0.00901931917297194,-0.0013811459696112527,-0.016270151481470596,0.004883556802058209,0.005153928293341714,0.0043408905081328,0.021827933491977758
2022-03-28,0.005036557936029196,-0.006760376203746921,0.005143707397173625,-0.007398364959116943,0.0063383458012735705,0.02311634984772848,0.019031073980648072,0.007113137230001065,0.010712878824731709,0.017776222879205994,-0.028051524635872238
2022-03-29,0.019134406263592973,-0.003651306362623452,-0.0005061075512468038,0.002200641738108633,0.0038760661346062264,0.015159168316444704,0.015485729018080319,0.012370797989234683,0.033292448947122244,0.00842464610168192,-0.005313581348719509
2022-03-30,-0.00664953581465022,0.009229287655799112,0.010408191108805864,-0.004533520421204251,0.0008043350362112456,-0.004914318178948052,-0.03371013497752984,-0.006174825662262684,-0.018279903695483157,0.017931139993244916,0.017118007189828477
2022-03-31,-0.01777564797870279,-0.001165363502152017,-0.013140973965650948,-0.03002677888270533,-0.00337561720241053,-0.017682840471762495,-0.014590153763758273,-0.015391224008643012,-0.009734238855930055,-0.006338790252050086,-0.014204039700900672
2022-04-01,-0.0017181487879712742,-0.013688168048906602,0.005416725419740143,-0.007409118520765867,0.014032355574842281,0.0036002919199953354,-0.021036520812446113,0.002834143337436368,0.020697304200866018,0.014034153284438577,0.006417469708682733
2022-04-04,0.02369342029779986,0.004731885058634866,-0.009652523283293246,0.0044344577858055345,-0.005249031083771838,0.01793667723943071,0.024258876317459155,0.008566565984881258,0.006096474665730156,0.00019882765148038217,0.0004811548905148122
2022-04-05,-0.01894203284566931,-0.02169261616117113,0.0064598734941847535,-0.011637658113966443,-0.0011193375269207273,-0.012985507362753612,-0.05222950538611215,-0.012631381651066143,-0.007245341961242491,0.002846981282541128,-0.005170696039499156
2022-04-06,-0.018450716791781785,0.0008794266653167071,0.02601201840081102,-0.013874212574901068,0.0100850498349907,-0.036605403591377206,-0.05877147494612045,-0.009999301043953635,-0.031314952868553014,0.02323891300125136,0.01112054326658285
2022-04-07,0.001804096215561879,-0.0014338737350748643,-0.00257905392822666,-0.003042100088053279,0.00538814940076171,0.006243426277830144,-0.00815320628638716,0.00503870740181811,-0.013058740324969342,0.01000064029367298,0.01673625043877336
2022-04-08,-0.011909118198772384,0.005233984914055023,0.001980563603903196,0.018308102126516568,0.006147651710976421,-0.014599888591309451,-0.04498515941527803,-0.0026737322557229826,0.0038399312885109005,0.00555768670823209,0.021046521992384104
2022-04-11,-0.025515732263794666,-0.004515368359237382,-0.012518932986336995,-0.0036706108898981737,-0.00031335699956380747,-0.03943162874547668,-0.0519918986517226,-0.017092238212184085,-0.010277396934313066,-0.019820869499937666,-0.03443103135350045
2022-04-12,0.011523244689300105,0.0030085119543670213,0.00033341035281786446,-0.010977418324989219,0.011753317581762568,-0.011217896145187867,-0.018843835226640238,-0.0037052667662714756,-0.015599706324958995,-0.006870189931166837,0.020870544279405046
2022-04-13,0.01634254181863204,0.0072451297243989465,0.004224728177666615,-0.03223352258240042,0.0026336523494532305,0.019712305499207217,0.032505629765550825,0.011453407159015994,0.008846058447821825,0.026039231264515905,0.014135696216609706
2022-04-14,-0.029987994337103308,0.04370724255427594,-0.004206954936603724,-0.009269603920934122,0.00448000034192364,-0.027084645728362333,-0.04256172516399803,-0.012451597704259854,-0.0022507422023476664,-0.0008904458610450305,0.011749793333734715
2022-04-18,-0.0013310455771357033,0.009262049351504764,-0.012451250557095395,0.018553779501743195,-0.008920304842901405,0.0024657815612412204,0.024696569778377198,0.0004110077400178991,0.0017858076890193697,-0.007639250216591953,0.008197344062932377
2022-04-19,0.014115385123867119,0.009742541503062085,0.03050775307692466,0.020706811748821163,0.009776536125467805,0.017039720842189077,0.019051527588580086,0.016142682830315946,0.011868310629229883,0.01135481868701449,-0.008921404851239711
2022-04-20,-0.0010155455004611236,0.012577519557070982,0.004423973163576678,0.0035081998342234577,0.01367736156240329,0.0037154675883104282,-0.03225517327917027,-0.0007414933149355596,0.009689436218093928,0.012559512819034113,0.0022789794704016764
2022-04-21,-0.004843798791031029,-0.010677274748330468,-0.0028819337832858283,-0.00775166619736678,0.003790377372451248,-0.019381087640830463,-0.060469312150464694,-0.014953565931433488,-0.006152726275633014,0.0015034432726068747,-0.010572872910962872
2022-04-22,-0.02782136128214341,-0.065497244039603,-0.009925910037228758,-0.02872254825749243,-0.014499419742466824,-0.02414461006504287,-0.033097071916701526,-0.027439283626507827,-0.03825359216023161,-0.01882777132096769,-0.021831750559102803
2022-04-25,0.006737058368601945,0.0018492104431775402,0.02462266297789384,-0.0003155105958528859,0.010574719953996059,0.02441330402603148,0.0198309028195085,0.005797828040040365,0.008550733648675868,0.0005099719346315368,-0.033713055334884556
2022-04-26,-0.03732776959205231,-0.02953373742333365,-0.007150005573274054,-0.029581195734432852,-0.013497103123151666,-0.0374036283720145,-0.05597439195454734,-0.02896072182342846,-0.042152857440749036,-0.010449941080397207,0.00036466568472337535
2022-04-27,-0.0014670381665532473,0.017403799250163,-0.013970251447167903,-0.013005926881505148,0.007840110886875085,0.04810907830312705,-0.019852916843796198,0.0028118586365386555,0.0646940664813791,-0.006825587178070802,0.028557600781040637
2022-04-28,0.045155524245327205,-0.007104232668461941,0.00746849597968513,0.01581281391987477,0.009609518803374018,0.0226325569204604,0.07423270309578256,0.025259169637420475,0.030591855160440717,0.012772454227986785,0.030245588601339524
2022-04-29,-0.03660466947441865,-0.00894381060873306,-0.016352290475239895,-0.03226853970530963,-0.02387073225065528,-0.04181198627374416,-0.06243034712613371,-0.036955747878315126,-0.03412509400404573,-0.02061344290734768,-0.02236226910317507
2022-05-02,0.0019664666417034127,0.007267168892670872,-0.010085610503582365,0.009131989586947054,-0.01810857800524035,0.025043050396874822,0.053162254065214354,0.006019497326220202,-0.007506935743789911,-0.006601635784445836,0.013606927080155984
2022-05-03,0.00962257803579214,0.007308733979198623,-0.0019591008512430674,0.02141977081802038,-0.005674624387209337,-0.009456080598236438,0.003532376329366649,0.004584068507262673,-0.01404065149898892,0.003487266672558942,0.020599588497894894
2022-05-04,0.041008236854202185,0.04199036728603667,0.010712877464328585,0.033081452683684676,0.030912996801212955,0.029101085637343704,0.037343187519921495,0.030453049742869887,0.028576970416772207,0.013835204790838551,0.03980037888749255
2022-05-05,-0.05571623102452339,-0.029920187813464283,-0.019089808840804356,-0.025019656070803586,-0.007996210456595154,-0.043555189909685765,-0.0732762197399408,-0.0355430199087543,-0.04325944880934984,-0.008568102796957189,-0.01515841310239674
2022-05-06,0.00472749842002429,-0.005927991316728165,-0.0022064413578901654,-0.001614138559017153,0.0035652517119306726,-0.009446345226472364,-0.008968605768239768,-0.005968711789176462,-0.011791028347305721,-0.020819677611564558,0.015280942043322643
2022-05-09,-0.03318933707919547,-0.03894711138581741,0.005443137723960989,-0.01503383230879407,-0.002008023949656823,-0.0369454080543532,-0.09236935901656906,-0.03201727736139015,-0.04841748901914977,0.01170100590878409,-0.07885255762981913
2022-05-10,0.01611211618772046,-0.015996821470193878,-0.0013535876779687817,-0.024372174201086838,-0.00928635247340115,0.018595709018949025,0.038053069878180024,0.002310441217777681,0.0030054989178032177,-0.014077208630239424,0.006630235007164975
2022-05-11,-0.05184150862653425,0.010936227863565184,-0.0054208135337078245,-0.00630837985033228,0.004686799871282066,-0.033209809618473196,-0.05484506809179979,-0.015886192178989456,0.01622067427036722,-0.010456874884429035,0.020818694824030537
2022-05-12,-0.026894046726957277,-0.01062300600635524,0.009879221987905806,-0.000846591078348391,0.003109845468945327,-0.019957676657184065,-0.027360270693447153,-0.0010438054153735221,-0.012096220647297096,-0.0009485807384638223,0.0045395304280066995
2022-05-13,0.03191619916422761,0.0064028219336866865,-0.005734627896940014,0.008895301375327902,0.018756688406850852,0.022596467986387037,0.09465231129359686,0.023907921241915764,0.027117632666994407,0.003864971769730774,0.02966403776095805
2022-05-16,-0.010672213150546006,0.013997135674227001,0.006955100246045731,-0.006969286461165347,0.003651816206146963,0.00145501843941509,-0.024963302448974045,-0.004057685226360408,-0.007127409915791083,0.0010807814769084878,0.023519963094387863
2022-05-17,0.025422529735871446,0.0284762578610136,0.004155250390274645,0.03314725653063322,-0.0027288803411626983,0.020344409984182743,0.05288463722725001,0.020570456664833037,0.03129263183483566,-0.11375764507494124,0.012754548925776099
2022-05-18,-0.056418996929324394,-0.024168120009909533,-0.0185660240314498,-0.01710594280810518,-0.06962594466714855,-0.04552973178118147,-0.06816311796236185,-0.0403115252167171,-0.01965677999013793,-0.06791012406767205,-0.015850746735238785
2022-05-19,-0.02464130756526406,-0.005674804099804365,-0.008889031613585896,-0.014822071516846336,-0.019607837597338862,-0.0036995130400047094,0.010981561638377269,-0.006124737775278222,-0.013100712573711593,-0.027444250324504593,0.005405545887172458
2022-05-20,0.0017468942339684546,-0.04323857102127138,0.017477553836063864,-0.008198928064611422,0.01633325417812692,-0.0022914221750978125,-0.025111376601160806,0.00043669035864057903,0.008410841295397153,0.001091772675573699,0.007899862883310682
2022-05-23,0.04011958848582986,0.03199880636442276,0.020415055654362302,0.061871256774221894,0.030829806853639008,0.03203200971726239,0.012219949931162821,0.018709988906599584,0.04285754379751183,0.028523658372464622,0.022098794667329225
2022-05-24,-0.019215948159129193,0.007347408705977498,0.010922878387888302,0.01412529603521584,0.018453720630977166,-0.003951508286864969,-0.04402909898786622,-0.007633837142798305,-0.023752072730564233,0.012479444939878181,0.005431921341087609
2022-05-25,0.0011397694711450246,0.01779732381861643,-0.009812857585883128,0.006964208451637699,0.0007811013975353998,0.01117011415101854,0.05082369821717192,0.008834805062058582,0.0059713669162959615,-0.006122452535143541,0.020127131373090856
2022-05-26,0.023199438274121853,0.017581274728301732,-0.0008904744970582579,0.017290242500071384,0.003589735804755634,0.012875275555263022,0.05160530956277354,0.019981633528850518,0.02310645598701555,0.021317949680324633,0.003530564092899091
2022-05-27,0.04075667727903709,0.019484911388421677,0.009082728578312826,0.014137818755253662,0.005909861287305862,0.02760420719590506,0.05377850885113045,0.024548883972661084,0.0207623429597934,0.019682396500907196,0.009830124207198976
2022-05-31,-0.005345952117244646,-0.005941047250636156,-0.008614389607127682,0.007313043441746769,-0.020098931083679217,-0.005013832076912417,-0.007389201136825063,-0.0056110350433715706,-0.0033350501351464557,0.0011677898352349114,-0.016292544614700644
2022-06-01,-0.0008734189804026071,0.007968789577787794,-0.010137703511925111,-0.017545106299005853,-0.004891280105602247,0.0020231104226384744,-0.0188518022937727,-0.008088311178228391,-0.010557692752666936,-0.024722233197178478,0.01916670976451118
2022-06-02,0.016811161820162734,0.011168639186893259,-0.0031513138488689085,0.01608822507234753,0.010464705120756257,0.007928479389276655,0.06943247629052429,0.01904359156489499,0.02438913970510015,0.016420993434667075,-0.0017376304638618834
2022-06-03,-0.03855555157532664,0.013181892667336381,-0.004120814453436705,-0.01393943766455008,-0.011925301429066337,-0.016606864127620358,-0.04450834073070564,-0.016411540351995657,-0.011160360525419688,-0.017175113625099603,0.014538811721494849
2022-06-06,0.0052275509256884956,0.0032749182427795898,-0.00011337682486456391,-0.00330382483740832,-0.0015880458242488737,-0.004703210513847589,0.0035257527826066948,0.0030445513226673437,0.0013639511117538028,-0.003591036568711181,-0.0025228449554592913
2022-06-07,0.017585982678583578,0.0155166378808822,0.010998022379123285,0.0026210193383193747,0.006044213809748955,0.01395354841889862,0.007452599708205554,0.009592355889704418,0.007325952920327783,-0.012012331866610215,0.04583169021936473
2022-06-08,-0.0050432962123259095,0.011889071490937875,-0.005943605604313951,-0.015914501282145666,-0.005691601944896041,-0.00766976689057175,-0.014480578560054691,-0.010872277128234908,-0.00466197593483797,-0.008673025534969514,0.011802235197382105
2022-06-09,-0.03595593676969577,-0.02667542133754308,-0.02013784187094625,-0.02101569081212784,-0.017332149702494193,-0.020783346634606792,-0.0321751451688258,-0.023782885811027166,-0.034613716717239895,-0.010466208437470037,-0.02160820659343632
2022-06-10,-0.0386284860518642,-0.037957783155794345,-0.0066777527134623815,-0.045965877126335264,-0.006310584298775401,-0.04456359167002588,-0.059508049467622004,-0.02899563237178715,-0.03202167957295554,0.005618700356365913,-0.018274236159661283
2022-06-13,-0.038284936022838334,-0.03857205797009666,-0.010084215425947618,-0.029778537726898535,-0.0011398639779683917,-0.042412768507987475,-0.07817817654267067,-0.03796813165729662,-0.036339202909426715,-0.018816635318935404,-0.04588891898950742
2022-06-14,0.006672762248809416,-0.0009185683097100439,-0.01533856335513828,-0.01663935443805542,-0.027422062809798087,0.009205089887017293,0.01207891919920523,-0.0030132095963314454,0.006553707550304377,0.00041906522395551704,0.0026083061058232992
2022-06-15,0.020111638180679847,-0.0033382405138695503,0.010701996518806656,0.01183601811949031,0.007428642397686147,0.02973523426843583,0.04363445336411731,0.014256266872265222,0.01364213995072805,-0.000670122917218352,-0.012591116096077548
2022-06-16,-0.039651626002384255,-0.0544176665634607,0.0005295950124379889,-0.01715635595281484,-0.0100551718215246,-0.026970064888620304,-0.05602930291186725,-0.03309614822179385,-0.03624596185742568,0.010387177748151233,-0.036884984357537176
2022-06-17,0.01153284365790519,-0.011037387077021843,-0.0036453943983463244,-0.003526305090620241,0.006094528474712035,0.010940042249075521,0.01788336230823684,0.002155880181493597,0.00507799732308567,-0.01931680056943086,-0.05766474064820615
2022-06-21,0.03276113012381798,0.019362413685003466,0.020949107700920733,0.02477201264349782,0.021369609763583375,0.02459120372381074,0.043199140707259165,0.02517359224387672,0.02305121514155517,0.03280054538245025,0.062238754811521524
2022-06-22,-0.003827292632372914,-0.043489202185261755,0.0157791789945112,-0.005611634316013525,0.0074135519265392524,-0.002404095514689897,-0.012435187337156539,-0.0018131008315989128,-0.002932018644083434,-0.012114068258588184,-0.039571415067965465
2022-06-23,0.021573672067856764,-0.04876740520472034,0.022305697762696752,-0.010939236428368693,0.011937768719285424,0.022636509658154003,-0.008251609497002654,0.009802749726461668,0.014549684665771334,0.02427706178973188,-0.030161840850918553
2022-06-24,0.024517363238611756,0.03817069964382869,0.014638751394392635,0.02984537210593774,0.018745850305769363,0.034149982645762966,0.05553126521052687,0.031793615321226154,0.045107671532149674,0.0008089066620067253,0.019833481251920748
2022-06-27,0.0,0.011321448480658525,-0.0009325764248587776,-0.008012306074053122,-0.002062087564616122,-0.010497106464844252,-0.01500631666222918,-0.0038196875714937573,-0.009488424428460873,0.0032330114435319413,0.024510725821002888
2022-06-28,-0.029789587735944534,-0.0007994536193787205,-0.028442627428859057,-0.0048117760157065925,-0.010014310055570186,-0.03174888858855662,-0.05258161022652852,-0.02043271192457763,-0.02672453602248359,-0.014099375731549513,0.0277434805883352
2022-06-29,0.01302364866012673,-0.0211270584094293,0.00028260901545995587,-0.004489665378689112,0.007225406837864101,0.014737978948344388,-0.027531026460415053,-0.0008144776403051779,0.006965532041225186,-0.0036773130774458984,-0.036939654921677834
2022-06-30,-0.01802758699176854,-0.025724843876861914,0.0029379163434997135,-0.023330442834689213,0.0028694709865701995,-0.013179170449901578,-0.02464273601377509,-0.0081242441635907,-0.013082807142466901,-0.002788710742335665,-0.02814355070447494
2022-07-01,0.01616415574385255,-0.002629257390325268,0.011323437762286392,0.012787498636010586,0.02336667798227121,0.010707429551884085,-0.041955395872076084,0.010576621106817674,0.011631023778158056,0.008636479570282907,0.022302774140409376
2022-07-05,0.01893042345630125,-0.02540809935991928,-0.007687336985357396,-0.0038036655721755963,-0.01708602603418574,0.012597395803873424,0.03036551082725314,0.0018884708613244872,0.006827975018890431,0.013210314656008082,-0.03129647781448197
2022-07-06,0.009607237441210392,-0.0083445625733789,0.0008982570122495481,-0.006482001332466236,0.002054334398028823,0.01278285171892013,0.01109331055134355,0.003377297738688112,0.0028922393108530287,0.007082634539693489,-0.01804043472275696
2022-07-07,0.023999461559966573,0.0462535820064407,0.0011217175427058468,0.025292787022937135,-0.007885155222855267,0.008226584146479476,0.04811627308715072,0.01497729221604871,0.008353298793732478,0.0015185007447999777,0.03194067591412231
2022-07-08,0.004714943324322096,-0.006545207221133387,-0.0012328041805205192,-0.00313807493057916,0.0036559681445720305,-0.002756720313695893,-0.001261044998700278,-0.0008225890790563017,0.003796817392597074,0.00063821262882513,0.0016287665225833692
2022-07-11,-0.01475804766450528,-0.02278067549030882,0.00039287103331142603,-0.013116558439458248,-0.003167590346098814,-0.011769011972643129,-0.04331351129930816,-0.011423596307784334,0.007319267043719213,0.00039876022170415304,-0.00511139495923707
2022-07-12,0.006833837557838729,-0.0030281528277109615,-0.01401720329793732,0.0009746567641857329,-0.004289743353881215,-0.04098147186675816,-0.004619908423591834,-0.008848796746973031,-0.0011702684143476416,-0.0030290632237938153,-0.013311545802110025
2022-07-13,-0.002536771285183259,-0.0035533535748263345,-0.0023318554041248385,-0.00938304238054366,-0.004627420756848966,-0.0037449711745953795,0.005436869909077213,-0.005251953610758253,-0.003271310418641704,0.002398681868116981,0.00402358991579832
2022-07-14,0.020482615372847235,-0.02260291181092433,0.0013682193976944923,-0.03493880419422779,-0.0032061822674129825,0.005381498481110247,0.013716763567535262,-0.002428317303753702,0.008621096297118491,0.019542007966762087,-0.020037533285413134
2022-07-15,0.011450047962761944,0.020242506033832264,0.014514970143933104,0.04583323604268341,0.005146626573158342,0.010390441325302202,0.02537090138386744,0.019104952948530984,0.020057202803102303,0.009779418150891894,0.01683882792647906
2022-07-18,-0.02064310995963048,0.0006342777528165477,-0.022442970653052008,-0.010269800408871932,-0.01360016029998845,-0.009621414991012212,0.021507595787815026,-0.008256759101887168,-0.013473306672743712,-0.0023241584862363496,0.01845279681394474
2022-07-19,0.02672164844582947,0.04179029005147483,-0.01457807444550574,0.024778601358375285,0.014274077577017152,0.020766988381016427,0.055337773241570076,0.027018999046773073,0.0311278423758532,0.0061348153476747935,0.025203534226737156
2022-07-20,0.013510403001033566,0.002674037647318217,-0.005708213907259396,-0.00017463397489303478,-0.01647208110155851,0.010557630540538154,0.04796401095177916,0.006373198915142986,-0.001357503119245096,0.008335994010162162,0.010988611238546886
2022-07-21,0.01509378618827939,0.0056675033945277065,0.0035145712508974913,0.00680978634791618,-0.002276392580718878,0.009798868123576554,0.013646181855286876,0.010183152728289402,0.013216571794474996,0.01462033023622844,-0.0166961887735686
2022-07-22,-0.00811078301002821,-0.013094467008009536,0.004728329008528487,-0.004855850126934236,0.0037483904044675054,-0.016915877053827022,-0.04049867344099378,-0.00927804615538752,-0.011517613006456151,-0.002565157027945464,-0.007635478609781421
2022-07-25,-0.007398396296943166,0.01785917068514853,0.001975457957021254,0.004008262637670068,0.009741641865834705,-0.005876320214021846,-0.017033123342629075,0.0012148738565078698,0.002667079592025612,-0.0014372742388494286,0.03330300880206338
2022-07-26,-0.008826261228471521,-0.0031902298695806186,0.007074093937366133,-0.01562228583439118,0.016401411687413603,-0.026774317435231287,-0.028841777603710428,-0.011830830477664755,-0.008307111307624848,-0.0760488360988234,-0.0038899642626382125
2022-07-27,0.03423510278508468,0.022181567752474818,-0.002763773759038024,0.016046455887939848,-0.0031640146430054195,0.06685185950387362,0.07602994196589452,0.025966182381234715,-0.009506416055155564,0.03779311426245768,0.021644337656418156
2022-07-28,0.0035714636717041337,0.013981188948970713,0.0057737371340431665,-0.0037313816601296512,0.01666407383865609,0.028540520391208357,0.010904756795368176,0.012542555831235536,0.004181260420349497,0.024962515652882544,0.011685190046686778
2022-07-29,0.032793041002330936,0.055419576740790566,0.0018368519591693833,0.004790659765633087,0.0017170504063397374,0.015665265412022844,0.009953534573616807,0.014578717766083438,0.003595795321237105,0.017726056036564186,0.04630836287080076
2022-08-01,-0.0061532467226471654,-0.017099687543639552,-0.0034953458843015595,-0.00996890337545131,0.005454324015819578,-0.009724382028796441,0.015305677591646694,-0.002961085786155282,-0.0035360279677509876,0.0037109070058678473,-0.025275908093859156
2022-08-02,-0.00928740087022284,-0.058247100137133856,-0.005692560942454072,-0.015585271835315107,-0.01363920066034463,-0.011474389112672623,0.004609284304401662,-0.006597564624845842,-0.024129213840741293,0.001056144921466995,-0.004339530688271087
2022-08-03,0.038247565455158616,-0.003487222161012271,0.009657690197888646,0.010495464299324242,0.004399825307202843,0.027836451764550407,0.01980999926905347,0.015659582310677544,0.010762937759286828,-0.01643026198464037,-0.032422955722387514
2022-08-04,-0.0019264066019315518,0.0042105714456242005,-0.016037460466178377,-0.011002709557900392,-0.003911221213896532,0.004177560852507423,0.017043315368402867,-0.0006756564132556209,0.023935195259015885,-0.03777804804104479,-0.04207830195136553
2022-08-05,-0.001389040259262453,0.009529525621196022,-0.003958106237660797,0.030260088030163113,-0.004554675178253809,-0.0026089537308249255,-0.011761342631348315,-0.0016901276196762405,0.01124274390617841,0.008043440280043779,0.014451042329251651
2022-08-08,-0.002902833477566258,0.002265440883574499,-0.005318529815122486,-0.012180510399119715,-0.006468831783016826,-0.009155112122696929,-0.06298407839370579,-0.0011610246418157777,-0.011812404252684039,0.008137200818105317,0.005652951233566128
2022-08-09,0.0003032902228170542,0.0011839981231112073,-0.0001174195824269475,0.00900737389974271,0.0012702929607177893,0.007063675926735513,-0.03973479465225038,-0.003971139818156333,-0.014344768657486129,0.009873843996786036,0.018437077330370144
2022-08-10,0.026194652532619767,0.025211064220095336,0.002879180482110888,0.026087761718536218,0.009516267411184609,0.024300017117173,0.05917163008974513,0.021004118849070164,0.008751189707694396,0.002095156638900031,0.009493471540679366
2022-08-11,-0.004431698681594209,0.01719810019875445,-0.020682987091721006,0.014781738459621385,-0.006755673353675773,-0.0074004400078843124,-0.008565307097802122,0.0,-0.0030464861214067884,0.00964382470712577,0.02892780252816518
2022-08-12,0.021425664837959157,0.014639047431872054,-0.011008775381064373,0.016563927361563202,0.007592501385734751,0.017037009604362607,0.04274901390947039,0.016928998806866824,0.0011843672747029466,0.018487236528152762,0.00869227674853068
2022-08-15,0.006333549160149499,-0.0045215956455439965,0.004779133798963331,0.002702033028977757,0.012558838605563505,0.005344282088194374,0.01726429672896912,0.004120656712043758,0.024085581465871364,0.0028738993752515096,-0.017872663010332634
2022-08-16,-0.0009238687790419364,0.008012423814236502,0.008910869344883388,0.009554225820715967,0.008217012544932345,-0.002589795093855929,-0.008039094637592226,0.0019587121025015364,0.003326736036265876,0.05105581643585588,-0.009315322791936587
2022-08-17,0.008784689804986145,-0.008049862868218738,5.9477937006668924e-05,-0.00841216665747635,-0.002306531419321578,-0.002636066471158993,-0.028814982307611592,-0.007097876765647215,-0.012065863886442263,0.0010760791476511766,0.008090793767055793
2022-08-18,-0.002291854189025333,0.00724754871479516,-0.004833265768916628,-0.007749497129860283,0.005240506865009653,-0.003947533896045408,0.02388869758393497,0.002906351581009714,0.0034029156049106835,-0.003225196038091349,0.023644367596490357
2022-08-19,-0.015101702199252331,-0.008867586891628698,0.015230181961643385,-0.024745058451631552,-0.0007668890298280218,-0.013853932834116955,-0.049219634548790525,-0.01343802173973574,-0.0112890647547218,-0.014740806693807507,-0.00317876649539639
2022-08-22,-0.023029433607299032,-0.019631891024601278,-0.0035079294052723364,-0.01652208282362655,-0.01488402092407104,-0.029355454180074014,-0.04566085176039536,-0.020822410037867445,-0.019782087133410564,-0.017880719712740745,-0.0007438355478622816
2022-08-23,-0.0020290873262602815,0.028421016558554335,-0.008711881837528024,-0.009856827150397263,0.0010903283198508973,-0.004716521434839693,0.00863002857849926,-0.002419380340172972,-0.008676435000413263,-0.004235614219175954,0.0424422291709583
2022-08-24,0.0017940605831450185,-0.01546584520001082,-0.003310488630620334,0.0024239034676496463,0.0014004574391353053,-0.0023511620490337393,0.002386212401291221,0.0032013147852838486,-0.0006287448504330717,0.00723888572866116,0.005918556556124832
2022-08-25,0.014922617417334472,0.024309977683571793,0.00936109787843531,0.023747933002420174,0.0048165923905842956,0.011095563338191727,0.040122985821203105,0.014117478954684737,0.015241948876070888,0.006668107205898943,0.005173239168820842
2022-08-26,-0.037699239435069476,-0.03499594411366491,-0.017112533398147445,-0.0327289492037679,-0.02412254752673304,-0.03858744034486061,-0.09227917705800892,-0.03384900253066325,-0.03302851892356928,-0.03142714588168216,-0.012311880268959352
2022-08-29,-0.013690292471925547,-0.0007295663368870331,-0.007731163966867127,-0.002441650863279188,-0.006021153739830809,-0.010667794997158198,-0.028228903692860907,-0.0066122541444046945,-0.0027602422918913128,0.009726667233882935,0.022989756116168047
2022-08-30,-0.015305316046632877,-0.0252371846337911,-0.003496889190001795,0.00017482001034374584,-0.00924592114151046,-0.008521034540661332,-0.021074610302276642,-0.01097778320439391,-0.004695168075838141,-0.0030105058470845103,-0.03805456008065078
2022-08-31,-0.010635136631413467,-0.011928861198101659,-0.006710530821765426,-0.005943649614078228,-0.007079759317324519,-0.005703997178671871,-0.02417884630401157,-0.0076092847843085565,-0.013258717364093231,0.0005285038573197287,-0.007475816898341314
2022-09-01,0.004706651171274778,-0.012289951589255499,0.024792385503897618,0.00685850839674651,0.004699477745393921,-0.004092317166858983,-0.07665305594381533,0.003137961208321105,0.0071462335366923035,0.014560428254578817,-0.01799340635021196
2022-09-02,-0.013610901789156582,-0.008824642844342256,-0.0157252320085417,-0.0069863530770066795,-0.013709565379552147,-0.01666667069570249,-0.020807841936045235,-0.010544394559180992,-0.01184230829181343,-0.011005395998469614,0.01832310135855253
2022-09-06,-0.008215183334759901,-0.0009398218098568556,0.002703683839787141,0.0002637612322147209,0.0004905201661409286,-0.010973905369011328,-0.013336369943168669,-0.003773044429652317,0.00444990540396728,-0.004962256235941931,-0.00669526301553347
2022-09-07,0.00925378292722856,0.0011066439785594184,0.005454395910772014,0.018990678706024555,0.018470123981340292,0.019111464131811307,0.018795047097347917,0.017964811876125752,0.00896080673038635,0.02569132285337461,-0.008530700181624717
2022-09-08,-0.009617719997795482,0.012661747929910705,0.008044987649733493,0.02329590635742207,-0.003049504756818311,0.0016661207241175369,0.02012538498754246,0.006536302133201,0.0014471311614168147,0.005083377992010085,0.008179360645051759
2022-09-09,0.018839683216787195,0.03461659656962035,0.0019347444663437852,0.0048061827819427805,0.0032197402417233345,0.022976915700742007,0.02837737816137431,0.015535320998008029,0.022370455666149258,0.003005122114158265,0.016752459399255182
2022-09-12,0.038508234098646454,0.015357016731680107,-0.0004222124177055697,0.011831758485917554,0.0028885556340332297,0.008280976450411925,0.00820197751732632,0.010747790127187962,0.0069689737031717325,0.008988530075790813,0.011502611970872767
2022-09-13,-0.05867955824225157,-0.04204772318046113,-0.02602021539771948,-0.034748802464358186,-0.03248018086760862,-0.05497837603101763,-0.09472597998654642,-0.04348252173683487,-0.03368346396717925,-0.02064156375588022,-0.023358116201043888
2022-09-14,0.00955535514341066,0.0018445946035392513,0.02064084586567838,-0.0023197688724430066,0.00529188101064193,0.0009128062102299328,-0.00022847054622954222,0.0038158120496354364,-0.001302078724000566,-0.0022187403765011604,0.02454614826352186
2022-09-15,-0.018929929127983414,-0.011697833110139055,0.0025504611760263085,0.015070775216632137,-0.013587510196439556,-0.027119176862571925,-0.015158530562260464,-0.011353336917183432,-0.02026004792748637,-0.0107470489991206,-0.029077406384536264
2022-09-16,-0.010960124894826007,-0.01654889975571916,0.015265485950546998,-0.006702406941640593,0.00016805278002451907,-0.002608364827826115,0.02080604446090284,-0.007628934942255028,-0.01059492520593186,-0.002097796990504719,-0.017083263240907365
2022-09-19,0.02508280242689076,0.014710164807899995,-0.007875850659467276,0.0092244613176935,0.007558027326028727,-0.0008988215522207632,0.013941578540304311,0.0077548581998725385,-0.0008796209658410437,0.008559267893795353,-0.00010745270250034356
2022-09-20,0.01566545639683037,-0.022623787323947986,-0.007878321261104326,-0.019719104824478362,-0.00150045107283725,-0.008465649806120523,-0.0153938369070441,-0.01147849278251678,-0.005488380732898812,-0.005806856199204402,-0.008154209251346023
2022-09-21,-0.02026758410013152,-0.03393440473095266,-0.010244233861250951,-0.028835189327517496,-0.008347037835807702,-0.014435710956298142,0.006451005747981409,-0.017443795960194297,-0.026292738652004766,0.009135170262192904,-0.01611875959319209
2022-09-22,-0.006375142686892876,-0.008142024453317465,0.017760753235961824,-0.011378878738627751,-0.002356955151645801,0.008495501550525253,-0.052786398812641466,-0.008399613879604306,-0.006576846590694352,-0.010239487680332116,-0.004177919650465212
2022-09-23,-0.015123827508013221,-0.03699786294930929,0.0032497124628372287,-0.018613413857547112,-0.011137559493582194,-0.012698401710439344,-0.003582497374149507,-0.016755093901369644,-0.009849674213813997,-0.024964639092751928,-0.053218575765136555
2022-09-26,0.0022602817504489003,-0.009863734969923987,-0.006118201772711274,-0.021532041664484414,-0.012457168259458085,-0.0019753127903802126,-0.023010524895827666,-0.009892560968776776,-0.018319294079776727,0.009611070569972124,-0.020641487148892246
2022-09-27,0.0065660660264383885,-0.0011066774440352534,-0.004586511281491346,-0.008802396444501426,-0.025747380928136998,-0.00437983227874883,0.015129135481546596,-0.002552790018367501,-0.015061771711903704,-0.002741405027470112,0.02095748152125476
2022-09-28,-0.012651325407673997,0.03275044562976426,0.008609179728551464,0.020217391114446315,0.010642062783190243,0.019711473013376946,0.02602128468766529,0.019676596669826685,0.007365010715215448,0.01649483349458336,0.03638914329698584
2022-09-29,-0.049119090792154374,-0.011087227610365402,-0.01100027556927552,-0.016946019163673,-0.007195524938025777,-0.014809109694734257,-0.04051495426729834,-0.020889081335231485,0.004911073307475533,-0.006460941289937905,-0.00202571953888675
2022-09-30,-0.030039284222055707,-0.010970335639050366,-0.0071111203012765856,-0.01563669041136151,-0.009722541485766012,-0.019368351190716004,-0.0066288147722372015,-0.015463633259166665,-0.01338420897126702,-0.019281560478002113,-0.015448839283347726
2022-10-03,0.03075251929610201,0.04357618471550184,-0.0009793411600793611,0.030909218734515242,0.011246199706312687,0.03366265904315435,0.03072757650233582,0.02640121823051378,0.022516199931052583,0.021819514313750288,0.052800240235936435
2022-10-04,0.02562304956026451,0.049056899155746736,0.014828137198391822,0.046783457812014984,0.002294623695703324,0.03381229348487924,0.052349719744596124,0.030986590758744548,0.022020125140740365,0.012978163778879281,0.03644486161004434
2022-10-05,0.0020531043122318238,-0.006958924155342272,-0.0030791112513430807,-0.012346857853630877,-0.009510241010099452,0.001285778539411364,0.003189697241605227,-0.0023284535256403727,0.01088084365732378,-0.00990677491349412,0.04041172941557014
2022-10-06,-0.006625526623938338,0.002410549113695648,-0.019381179509496582,-0.020382086864078275,-0.02151491473172662,-0.009670930819355328,-0.005980647487184965,-0.01031548001362459,-0.011083192912353934,-0.009329031341833605,0.029660832976897478
2022-10-07,-0.03671860696498275,-0.007046329166248255,-0.010561292721392501,-0.01997425549647769,-0.009449547428719174,-0.05085296981412579,-0.08027433990065069,-0.02789383372018328,-0.009483411688923526,-0.023693960564633132,-0.01009207846775173
2022-10-10,0.00235554715266173,0.006307901793775494,0.0013107333066528781,-0.009341386939840435,-0.0022013353866520147,-0.021302950845576873,-0.033620379601556394,-0.007635573249961336,-0.008975499437050005,0.005911714990072481,-0.021676728625959818
2022-10-11,-0.010255038798990257,0.0060445858190985025,0.014463031866581266,-0.028859762285717516,0.0016546243821695672,-0.016750236850644584,-0.007197810894212675,-0.006332897751799016,-0.01668683884666977,0.025904724657020983,-0.008498694529526563
2022-10-12,-0.004604895410695087,-0.0013907835815324399,-0.0002456524995559928,0.01618268155233138,0.012114598167434654,0.001508183266119456,-0.007422702326070008,-0.003298571542139528,-0.005023963300113787,-0.011306120115680551,0.004387662764934852
2022-10-13,0.03361291569383984,0.020278678226727465,0.01512064658241119,0.055593107436655576,0.013239077102654928,0.037608135912712504,0.03999995677046431,0.0263911985096692,0.036018848673583514,0.008462263766363165,0.03494892798997595
2022-10-14,-0.03223991805499982,-0.027028649750564293,-0.004178038430372677,0.016640651286677688,-0.015929862087363023,-0.02424874411089928,-0.061287701444408205,-0.02278880868402766,-0.011047626856961257,-0.013985424592155127,-0.026308107883881493
2022-10-17,0.029122670454258204,0.014647502898299303,0.01295151250612836,0.04200033553272875,0.01291376124862631,0.03924569474358908,0.05887590990507041,0.025697038028797747,0.014401679750149832,0.007206814896529856,0.014416795752622003
2022-10-18,0.009409598989393864,0.015210128797977562,-0.0034816745693677653,0.025720680474383473,0.013467378220666681,0.0040838569089789445,0.0066453804541228845,0.011749662653353088,0.010364312766938166,0.021085299779117772,0.0017886193105958181
2022-10-19,0.0007649024603388899,0.00468530307184678,-0.007951078671679213,-0.019606203211840367,-0.008504690231956546,-0.008469631313663517,0.007019492883681089,-0.007086715462456317,-0.0040604496344798235,-0.00283276518993969,0.02966279404316219
2022-10-20,-0.0032670967764242276,-0.0209858930314758,0.0025500995033560514,-0.0032614696864591286,-0.015725623319474802,-0.0013955241540806185,0.011866022073039773,-0.008385082278146716,0.0043452934722516545,0.002467164982659087,0.001349075854314874
2022-10-21,0.02705929513410954,0.06066695239366027,0.021803736800287465,0.05252723622115196,0.01597686955187183,0.025280424522989176,0.022306088316768058,0.02430142975497107,0.01682524351994963,0.020210367386854777,0.01857009688569078
2022-10-24,0.014802688170113765,0.005677541081667625,0.013454958481655233,0.0012272465223017726,0.028770781598632222,0.02118798769528052,0.010669109959850376,0.012236442557892246,0.0017859061190119707,0.019078786861248753,0.006990377047870089
2022-10-25,0.019337388061028804,0.018504962048218054,-0.001578991876713065,0.0026148033036017537,0.023970698770584553,0.01379176636347279,0.05254375946486167,0.015968747643671177,0.019244094428525038,0.004734437729422947,-0.006754101842510685
2022-10-26,-0.019626917060585503,0.010880998655548701,0.008786526283399043,0.011491248869119897,0.007463893160254198,-0.07715632877417555,-0.02752424537638054,-0.007534270138039978,0.04604363437960912,0.007638900394614234,0.011900134007503338
2022-10-27,-0.030465578659597425,0.07707130469594747,0.000580916617475058,0.0039481885423657825,0.0023572806058536067,-0.01975619527971495,0.021712200291111206,-0.005339901732513863,0.00472136142192392,-0.002904923138703386,0.0038268757728501246
2022-10-28,0.0755526076326134,0.033939788712628705,0.014856750116022166,0.011878022295446877,0.020661974787645532,0.04022038624851998,0.04993918827631805,0.02379058259238187,0.024719529962564435,0.01264858809907965,0.02928862358743678
2022-10-31,-0.015410266597961408,-0.013130203002887808,-0.0051466780881649354,-0.001586185359014891,-0.014976979045454808,-0.015856044453076756,-0.02436037583055528,-0.007223104241116496,-0.010413413709786434,-0.0012631452770680562,0.0009935939420122608
2022-11-01,-0.017542751733515383,0.009424256824210664,-0.005058315042913875,0.018032904282290207,-0.0035087439533841858,-0.01705936075040604,0.003408147537407036,-0.004375987401114778,-0.0011102575269743564,-0.004496695304642251,0.009926934777844565
2022-11-02,-0.037304928493169354,-0.018123463976916998,-0.015367864560263955,-0.009207807760170938,-0.013916937307913768,-0.035368310755017895,-0.0239237513284678,-0.025096226493915186,-0.02889862897822415,-0.00663409533939141,-0.020552072222559836
2022-11-03,-0.04240505365900915,0.022000551753557307,0.0017016642853613373,0.0018112873965985266,-0.0005103306455725987,-0.026578849863382548,0.015281130050017966,-0.010296767185619005,-0.03085354539771945,-0.00021324170654213326,0.013593578646366122
2022-11-04,-0.0019473029535120867,0.03917719244294471,0.0044516455853609305,0.027358601974784014,0.00816634255770543,0.03332548360312315,0.054764920184978694,0.014393112972917788,0.011450510047425144,0.0017767698373660767,0.01089088271554517
2022-11-07,0.0039022046817260847,0.0033355532060663773,0.008747273637920161,0.005280169136783197,0.00388117051000636,0.029269568390853706,0.010242963690349383,0.009565525125008856,0.015839280692074853,0.010498640446428231,0.011842309470023515
2022-11-08,0.004174894979748878,0.005249057405248392,0.0049719144215905064,0.0006089504426465275,0.001849035560756107,0.004388477840545413,0.021047541041909534,0.005395490700377259,0.008395714163595747,0.002386778145939683,0.0031680708706147698
2022-11-09,-0.03318966514551769,-0.018580634873337387,-0.007995808788295422,-0.013008790372446843,-0.013926206966413446,-0.019049991642056563,-0.05656762380009128,-0.02060229957452464,-0.036755448820218084,-0.023250988038813647,-0.04473703061757062
2022-11-10,0.08897417438134614,0.030637727242377455,0.011713527418170777,0.041159117563068115,0.03590267770999356,0.08226794521185554,0.14329276904058452,0.054954329274855995,0.060021620894735284,0.020721007627676702,0.014692384012495951
2022-11-11,0.019268994525409644,0.01738011117537841,-0.029919031951886166,0.0016289596220810942,0.0072273452864577425,0.016997351168981156,0.03663488291177419,0.00967831660654217,-0.002772767897065598,0.0015458076605541216,0.0312218340042405
2022-11-14,-0.009485530696612843,4.2019301412565824e-05,0.01571643223630992,-0.010273570032488744,-0.009621650151147354,-0.022500148706470102,-0.0019602084018434107,-0.008506466903722587,0.00907313313334579,-0.029387184514502174,0.00291942726564276
2022-11-15,0.011869287453448285,-0.008075907035621332,0.0027920973463053667,-0.0072437069253963315,-0.0016465494234235711,0.0017387706836538008,0.022767846142112136,0.008528974624218977,0.015131029470948576,0.06539495428442899,0.006703696522946112
2022-11-16,-0.008331127812736927,-0.009250240778326035,0.006206780182825833,0.001353863408386724,-0.0018142688233816484,0.0018235548418932268,-0.045361724360703404,-0.007628750348996016,0.0007142385355198844,0.007189149486001911,-0.010689687859462005
2022-11-17,0.012971344648295746,-0.008518906211318455,0.008070987740583346,-0.0043568843748665875,0.0031393624317612723,-0.00020696593586089218,-0.014644925968656852,-0.003059910022105261,0.004045208788037158,-0.003366723729280152,0.0013285265040581251
2022-11-18,0.0037819400086895882,0.0042959806413020996,0.007663159148132648,0.009808313091592469,0.007082726554960894,-0.0019033379386509397,-0.017095009508848236,0.004540354568607796,-0.000900711187470149,0.015067424126388174,-0.008667942881367297
2022-11-21,-0.021680351337964643,0.003197520961258471,0.005140847144030181,-0.005902487845622306,0.015374778653446608,0.003440829910817067,-0.005970629678940909,-0.0036359120269588985,-0.02125226077796416,0.00612383514870829,-0.009903577773691663
2022-11-22,0.014660989645632894,0.021923520379512063,0.004830444130581091,0.014956704737159265,0.004349191879669201,0.012311550458412146,0.04707193178893809,0.01345686971362503,0.019435743154009977,0.0035727468656254757,0.028926625704159825
2022-11-23,0.005926468435066612,-0.0014329413612284014,0.00107458049350595,0.010663464419170765,0.004490741961923117,0.010406831605564992,0.029991262250166795,0.006301630645245693,0.006656046161939377,0.004812342460115415,-0.004991993095043945
2022-11-25,-0.019593551094240103,-0.005149377926720433,0.0012992458034226662,0.0019052640986247926,0.0009579316893544298,-0.00036352060867095304,-0.015073324210682748,-0.0002237257135500048,0.009729525915350479,0.004264711445443492,-0.0035209588429174765
2022-11-28,-0.026264318910506623,-0.014425211955820694,0.0005078859642480005,-0.017478573104541706,0.00015958178155117686,-0.023152477306258246,-0.027228211184782802,-0.015957173396343283,-0.011834016757721888,0.002874284310709019,-0.030032686712032852
2022-11-29,-0.021148144501776156,0.01213961591212076,-0.006992801707064067,0.01644954354814221,-0.003508811987001481,-0.005914870165740105,-0.011878560300152552,-0.0017173575725376589,-0.010413785065951142,-0.003517353378021393,0.006647947552755662
2022-11-30,0.04859388762642869,0.005486435169592241,0.010847080269411391,0.011862991890883912,0.025306304372316513,0.06162369013670799,0.08237961327747789,0.0315005458822597,0.037979559121361195,-0.003595770658633368,0.007237103691233759
2022-12-01,0.001891420531981547,-0.003045414388370027,0.004157212952478728,-0.014039607835901968,0.00282968018927221,-0.0017638072846789532,0.012527142367712463,-0.000735815959813535,0.0,0.006232919061130993,-0.004849997405265594
2022-12-02,-0.003371407011547256,0.0018667107253087512,0.0007831414107344337,-0.007927215720116787,0.008778859374366732,0.0012955551601123716,-0.015115312126900315,-0.0011536481821657896,0.003041417795269563,-0.0009780079633670002,-0.008483811534848451
2022-12-05,-0.007982919435283953,-0.015076384051867509,-0.000558975981701515,-0.028040831605901317,-0.013675249975690584,-0.01890044049480244,-0.015762095124434383,-0.017989189608294875,-0.018285337729940232,-0.010246619020925274,-0.02739863813273613
2022-12-06,-0.02537005090286737,-0.01840320560807729,-0.014990466284662607,0.001674645426840593,-0.00047266476543139646,-0.020303673855656457,-0.03750738279935495,-0.014414796523964601,-0.0215276375068999,-0.011605738406902266,-0.027795874224170625
2022-12-07,-0.013785083946951437,0.0030225135642940604,0.006076114787778364,-0.0006840347158382221,0.0015762498178570894,-0.003059761707100206,0.008319054525714353,-0.00170110810157309,-0.006074139826047986,-0.005204049880411676,-0.002213964281794323
2022-12-08,0.012132680737251267,0.008472309820763524,0.00016894879506401672,0.010494296780301893,0.004249296594563523,0.01239926854603457,0.06507459458228748,0.007833782882866291,0.006207642129943958,0.0015483549651089668,0.007428787602344222
2022-12-09,-0.0034349035412815088,-0.015719587002146707,-0.008239035420507967,-0.005418463630661008,-0.010499889275944363,-0.00800327159178571,-0.00978495456905848,-0.007470181055943215,-0.0019129676541852492,-0.023322708120429914,-0.00842748424505746
2022-12-12,0.016389929913537715,0.025386032638240685,0.011949577687017543,0.015511695377412593,0.013145316240261273,0.028889353692231223,0.03140990323443882,0.014416987553252936,0.028222273987288382,0.01864966868635376,0.0246281452926278
2022-12-13,0.0067826459203226275,0.01042668912946243,0.0077034951269741025,-0.0009687755195156855,0.0003128232810361009,0.017464550186157224,0.030624193217296813,0.007570047227906995,-0.007223132135072308,-0.003580729821882178,0.010934167286981822
2022-12-14,-0.015535791128579945,-0.004289142153043546,0.003069083907407233,-0.0049967722771132594,0.0,0.00116758243855819,-0.022022599079218663,-0.006393530598271635,0.0013143785822278264,-0.005559676917208156,-0.007365989374092385
2022-12-15,-0.04685408546461023,-0.01629123250071063,-0.012628122665293673,-0.024810881476482805,-0.013752184450100402,-0.03191820896797237,-0.04085109604709203,-0.024461398557521385,-0.025360795976126727,-0.008931678666928122,-0.009581120689315048
2022-12-16,-0.014578849714535713,0.008930869350861625,-0.010253969067163138,-0.00622598647333783,-0.005704331643883509,-0.017348533561877377,-0.022475461565464316,-0.011806359995190974,-0.004906239691823577,-0.017955394571035788,-0.007018192860665073
2022-12-19,-0.015909656198129007,-0.0018476951266936936,-0.0010816150835755156,0.005955554209488012,0.0014341970091276135,-0.017328115226431295,-0.01912971174271061,-0.008479764597451256,-0.01000501398332454,0.0003502205888799015,0.004488964638830861
2022-12-20,-0.0005289426715004986,0.01226903053707451,0.0010827862415065947,0.004843994661158257,-0.0007955826547227929,0.005614565001091476,-0.010397413395266786,0.0013685370846674427,0.002636161103019008,0.00875353436217896,0.014452920168870342
2022-12-21,0.02380938696857382,0.02802596020952719,0.011442105980190354,0.0112478281477153,0.016085222951291556,0.010876585162696184,0.025862573022966684,0.014952315533536709,0.007060885311478193,0.007844630969762623,0.012840949750265507
2022-12-22,-0.023772484005359362,-0.017333460156790936,-0.0036586426133411454,-0.011349854951170912,-0.007209995427108984,-0.025528670036435996,-0.0704200347169448,-0.014266142839588825,-0.008461896496038568,-0.011709670312134213,-0.02017400713830686
2022-12-23,-0.002798079425883837,0.00980898521084761,0.002541965098938448,0.004744979433640273,0.007578158104680099,0.00226697669589071,-0.008670683213148234,0.005752209273550246,0.003755106782433737,0.002021027591030178,0.026445048843277696
2022-12-27,-0.013878665124069656,0.013632380745549622,-0.00028178792006894327,0.0035044059241846615,0.00611094376205501,-0.007414050653114845,-0.07135325158322525,-0.003943429527586084,0.0022346759205960076,0.0002783545285081068,0.01389408508092993
2022-12-28,-0.030684974044168145,-0.015464430328290146,-0.004339461638130371,0.0054650973876599895,-0.009967393611171937,-0.010254943409891748,-0.006019514128628778,-0.012427747551194912,-0.006301700162966717,-0.017523085477798794,-0.016426325937691333
2022-12-29,0.028324350558391442,0.003425382226068585,0.00509428985473126,0.005737676665821256,0.0059777805005001294,0.02762972456727475,0.04039615985718381,0.018000184890168747,0.014976243227272645,0.006086545857391101,0.0075659536278933626
2022-12-30,0.002469001738250487,-0.0026642475017718548,-0.0051248208325932465,0.006605684606045825,-0.00531661527615912,-0.004937418688573003,0.0007530889343969616,-0.0026339200694653897,-0.0014418786272941686,-0.002532232008589652,0.010073314853499715
2023-01-03,-0.0374048778658459,-0.0028385694716018817,0.008717721396301226,0.007606086882454122,-0.01037580440867436,-0.0010010605430920139,-0.02045969650319812,-0.004210012227946369,-0.0017807741566197022,0.012765333685000435,-0.03436102332517732
2023-01-04,0.010314220150760445,0.010381800109509731,0.010887226123879268,0.009325068307438622,-0.0004765020315184998,-0.0437430464556533,0.030317711314623574,0.00772020179112487,0.025170054198647707,0.0011139890567981592,0.002910719607894796
2023-01-05,-0.01060466536258986,-0.00447470231022129,-0.007383466215082679,-0.00022144903419185624,-0.011443114406601507,-0.029637792207685476,-0.032815554088682086,-0.011413367149978204,-0.00705525302773935,-0.0034082149145897578,0.022373993255371705
2023-01-06,0.036794058515578376,0.035708432877588736,0.008109534199472135,0.01913541812422581,0.01929262506010243,0.011785385858934738,0.04164028994472013,0.02293186136179015,0.031452634861009576,0.024499159859588282,0.012086855745524705
2023-01-09,0.004088827178573506,-0.00900121532054432,-0.02590828655594124,-0.004132262869284031,-0.012460736554903873,0.00973636240525444,0.05175319472582718,-0.000566721529521419,0.0039037635450280828,-0.012467843489664565,-0.018637352341574598
2023-01-10,0.0044563949861218255,0.01577330737786342,-0.0023919967594600022,0.008953662159863818,-0.007666381127406807,0.0076171934649675865,0.01798050935194917,0.007012866467201784,0.011390447286390382,-0.000620829176521176,0.014934809825009276
2023-01-11,0.021112376858217763,0.000878300067215676,-0.001598681068819774,0.007431918140181404,-0.0019314361941364933,0.03023809892803553,0.005782822900012308,0.0126479194204423,0.004568394566611067,0.008767183468165518,0.01162705765787142
2023-01-12,-0.0005996001812982321,0.01730943848304789,-0.0050320021068960274,-0.0010028817747382845,-0.012901204544069844,0.011621424977587225,0.03187311966872364,0.003640662121669136,0.006843621157285762,-0.009033026357832652,0.016610907740639336
2023-01-13,0.010119525554768138,0.013290550352501596,-0.0032757938899702355,0.02523488395340001,0.003594211136628722,0.0030186900994411126,0.023499512812295675,0.003879432783205239,-0.002504104123634998,0.003314618582257456,-0.000617847572006669
2023-01-17,0.008756205637314718,-0.008512029351644412,-0.0061696577929352125,-0.01545347233836436,0.004069631462505274,0.004681848360224894,0.047517499686944964,-0.0018317470899562593,-0.00026895534456017334,-0.006056779684720848,-0.001944392525453309
2023-01-18,-0.005370032608539299,-0.013423918622297082,-0.01508500249610778,-0.030042501492233642,-0.03031769016410435,-0.01888908563863534,-0.018359525591310044,-0.01578814385562799,-0.015874461610772994,-0.024721193563963295,-0.020543648953410987
2023-01-19,0.00044403694194539156,-0.023328829956482555,-0.0013546339212838765,-0.013326614727263486,-0.001504695985555693,-0.016453986875116677,-0.03521909047766458,-0.007279483428316191,0.004328743410406455,-0.014271741533753213,0.0064188170388359556
2023-01-20,0.01922070943712062,0.016113985853458468,-0.004659917076386355,0.002449046628367313,0.006028137400330591,0.035743494581002455,0.06406216505894968,0.018628618646537642,0.017694348508321633,0.012317459074787651,0.018235634814161017
2023-01-23,0.0235002881934554,0.011973977856525764,-0.002548555419611631,0.016212333885705865,0.002496462370857655,0.009824476316136588,0.07590121257543103,0.011998820039305746,-0.0005796289354733641,0.014942177067456486,-0.005204991443248819
2023-01-24,0.010062958510021813,0.01942988447580718,0.0,0.008596105755272365,0.005313020257233125,-0.00222620945660279,0.003751263277548711,-0.0010733205477034824,-0.0012935263073525771,0.0026641468100543353,0.009311828058356397
2023-01-25,-0.004700730194025948,0.0032219969239524193,0.007129766060325338,0.004839415222542831,0.0062759288805851465,-0.005908221825836724,0.0030109103826496675,0.00037458646555399433,0.00451112103860285,-0.0047545909771845585,-0.005272006887030223
2023-01-26,0.014803462782959187,0.014239426460493254,-0.0036575014425304087,0.006181905558269696,-0.001969475217205363,0.030713608005776605,0.024788890066132163,0.01099047836797884,-0.0008447935858404421,-0.0009133637363702984,0.04019081358457521
2023-01-27,0.01368443405327735,0.009232494414625148,-0.003907803889069972,0.0024288559668914633,-0.005262274686884338,0.0006451292834022126,0.02843149690885194,0.002297716532322358,0.02994972565456222,0.007664805083511528,-0.018257538162083087
2023-01-30,-0.02007834486841964,-0.011491775874565402,-0.037032527186362185,-0.00848057503447619,0.002479611380907798,-0.021961485538469105,-0.05907182778467901,-0.01254667268776466,-0.010110613465970197,-0.008025403854539093,-0.017732099910291788
2023-01-31,0.009021139320890548,-0.03521994160686104,0.008765230702074023,0.005965682701529307,0.011213779867773166,0.02101268030984449,0.01956976836405344,0.014703162942787174,0.004845179057783033,0.012100034733933285,0.021574713417666702
2023-02-01,0.007900734493851314,-0.010900127737365928,0.009178885357531863,-0.002643700859752296,0.00016324009651458304,0.0199346105561371,0.0719662475826306,0.010627888384401762,0.0029970583569962628,0.005560569854037523,-0.010947415869825616
2023-02-02,0.03706262590910647,-0.01859418251754752,0.0037593977256888955,-0.004656336289479701,-0.017120580802593488,0.0468842300316521,0.03657516524091031,0.01455698041578124,-0.0058032616909931,-0.007257931118109906,-0.03128809223656748
2023-02-03,0.024399679602765012,0.0116780594790169,-0.005618129530220561,0.015474245880068294,-0.007465310628004929,-0.0236203249450887,-0.028052839717896516,-0.010629200616388279,0.002483001645184668,-0.013298796149683767,0.0069275199547977895
2023-02-06,-0.01792859417074366,0.014772426931997984,-0.007593638047435847,0.005882573617165043,0.0056827981103682035,-0.006115877481995491,-0.0005211112570718823,-0.0061112957538349555,-0.0029983729189201336,-0.00726849944074881,-0.0016974456510625568
2023-02-07,0.01924486902867062,-0.007000231989340966,0.00024489466528998527,0.01218992559309795,-0.0016617721941933894,0.042022134746520834,0.05140108979189795,0.013078689489489426,0.008193956585602624,0.0021325817988793183,0.028550782616088455
2023-02-08,-0.017653020268914354,-0.003164272608606966,0.0012853046319891703,-0.007030632805313353,-0.0058265882698296245,-0.003102389650614823,0.001443194892090105,-0.010934802673660537,-0.004841904363140803,-0.00539069431077599,-0.008701833955592875
2023-02-09,-0.006911595116276037,-0.01040697813420588,-0.013507816440883835,-0.015563827381677164,-0.001674577067985461,-0.011659899800806617,0.005944814934222276,-0.00866920212376543,-0.0017410983843132444,0.00927087870642862,0.003774833510149067
2023-02-10,0.0024561823951996242,0.00564378805898702,0.004646672073629565,0.004415135851828955,0.0,-0.001972156101373246,-0.04799239370615138,0.0023336659339106003,-0.00937423168953122,0.015545574699019848,0.042151184038996536
2023-02-13,0.018807063409288727,0.0019382322628307413,0.0037005195445218853,0.010848120334259193,0.016437431721811446,0.031243041777458957,0.02459443166857067,0.011739013618119465,0.007394287607324079,0.015237871902104683,-0.0038896602843463413
2023-02-14,-0.0042251518291199774,-0.015273023818679676,-0.004362834643052649,0.004418976877319736,-0.01666680164012302,0.003132621521827028,0.05429606484936067,-0.0004601509437346385,0.0022282806026212576,-0.002878304250807928,-0.011714763110339699
2023-02-15,0.013903331738748248,0.017760797403411077,-0.016477250740277838,0.004189890736418844,0.0,-0.007992991371716163,-0.009011527272001052,0.0032473674937159025,-0.002048697844377112,0.007423116493338933,-0.0030064464355566978
2023-02-16,-0.010429221610834594,-0.00876574446074141,-0.007090340785383287,-0.013768926033201456,-0.006208842950891524,-0.026622461357650895,-0.033473679278151924,-0.013768800807406167,-0.013498328159565198,-0.015692143772570444,-0.0029293193149347863
2023-02-17,-0.007546660481523859,0.005151720161410189,0.02087712083909654,0.00296148564130827,0.015197583589210195,-0.015601788118406734,-0.027906711247759564,-0.0024981385322839778,-0.010051867266618997,0.015041250372035186,-0.03845148754941363
2023-02-21,-0.02667992459637125,-0.028572465097600253,-0.014901373323103817,-0.01834927676331566,-0.005322810486722673,-0.020886651146545088,-0.034271635683821744,-0.020061020183743894,-0.013150850280926885,0.006077494463204713,-0.00098855339113324
2023-02-22,0.0028959622030599874,-0.011715386914081138,-0.001392280907462573,-0.00766317292792551,0.0030100367810845796,-0.004590933467088498,0.004792988238303542,-0.0013782368452914806,-0.0027195847179459776,-0.020973311731398714,-0.012953137708959228
2023-02-23,0.003290482012329843,0.00025207887330958023,-0.00031694116465885713,0.00801099870920119,0.0018339936984990146,0.012961663530393963,0.14021399015634972,0.005319629430194928,0.005045012330119558,-0.014905738494914278,0.009204304676579511
2023-02-24,-0.01800521323898041,-0.00748037503992427,-0.011158163779885433,0.009021219690787285,-0.004160453890227123,-0.021784450413346312,-0.015973673351943107,-0.010682614315045691,-0.007145053455273498,0.002674459253811712,9.049529040394688e-05
2023-02-27,0.008247435963374627,0.016132402807483848,-0.002179887581020945,0.008727426030193719,-0.00033427209494008014,0.0037719171905543636,0.009233179947760295,0.0034060229623325,0.0036436898244207594,-0.007229642706185535,-0.0018059781402212094
2023-02-28,-0.003447732624799804,-0.0017920044516656075,-0.015228393008387187,0.008371160260939758,-0.005182101297095398,-0.002958086309889807,-0.012127240202844058,-0.0036960236229666155,-0.0018606612332312533,0.004878396911826011,-0.005789185757910431
2023-03-01,-0.014245939562992804,0.03807162518900786,-0.004502233269312872,-0.0055808673646587925,-0.010922663645516528,-0.01262918674250757,-0.022312028669849826,-0.0038360264799957022,-0.00718371257525896,-0.013930826408978358,0.008916545901375583
2023-03-02,0.004128954137612384,0.014114937043011588,-0.0007865239228218579,-0.010382321984143572,0.01461107781577553,0.01965312334236269,0.027139003194146527,0.00777735599326812,0.0032055320534936094,0.0024973639455783125,0.004598965484015061
2023-03-03,0.035090320009489195,0.012411935798128937,0.010298463810738623,0.018359591639083517,-0.00468857492556396,0.01664604280578419,0.02470590521453775,0.01603783484897159,0.021501120564804133,0.001209903600438711,0.012656975059250453
2023-03-06,0.018539479093112154,-0.005209546493319284,0.009998570543254592,-0.005847111572477415,0.015477642811691616,0.006189113111263467,-0.014064366627805636,0.0006925045893235726,0.013317313143178078,-0.000142074901854361,0.00886462247190467
2023-03-07,-0.014496753318697708,-0.030868463225130705,-0.009449862471550996,-0.029407680557019478,-0.005798455534859137,-0.010589089762065962,-0.011125249671291138,-0.015328401146821102,-0.015788493783349455,-0.00995385849599828,-0.019330584866669498
2023-03-08,0.00837755014020325,0.010481766375661339,-0.007333312206145637,-0.005915441581598624,0.000499987732957452,-0.0017706272967817904,0.03834580301608104,0.001632142476494014,-0.004391090874645953,-0.00825864666132825,-0.014604193949488864
2023-03-09,-0.014914963847257101,-0.031199741996252417,-0.01124447526495198,-0.05413620050861634,-0.009660259987710917,-0.005439402934901971,-0.03080909603087223,-0.018450031870404282,-0.00981147477856914,-0.00673404508791553,-0.007728854117975192
2023-03-10,-0.013878747140833037,-0.05789336589629934,0.0024465617651994176,0.025395040090619103,-0.004204464284253029,-0.014782933516442887,-0.020097445322383112,-0.014429533839200093,-0.01759005878756792,-0.0014582167132104473,-0.0123705946078424
2023-03-13,0.013266297221692147,-0.010175805843193442,0.009563905733207756,-0.0179574936636282,0.010133362333636375,0.021440958288778456,4.360990111207386e-05,-0.0014251426693355773,-0.007726558786630422,0.0029203443959953113,-0.011504729815220549
2023-03-14,0.014088958017018038,0.004316965150597429,0.005618617481105703,0.025676249167064347,0.0036784129673217425,0.027055947192727414,0.04776632170852824,0.01653021995928694,0.019536749471831705,0.005314083466350095,0.003754205874786143
2023-03-15,0.002621681659672026,-0.03726689307899833,0.002793721523800974,-0.047244123028520435,0.006663365065958882,0.017830070412580223,0.006856968933792507,-0.006254308982939105,-0.010473035975805178,0.01115146613521989,-0.04974730660582627
2023-03-16,0.018694099844056344,0.006674103555931898,-0.0020734991973235806,0.019413755260005106,0.005502595139720734,0.040536641900067005,0.05419344435871243,0.017545031923386967,0.004991608482199483,-0.005680705792831642,-0.005806089097746048
2023-03-17,-0.0054542029185781216,-0.0169174246709467,-0.010712060892659747,-0.037781998415015616,-0.004643362610838531,0.01169446334282398,0.007203993648033702,-0.011692762177070049,-0.00027607409402863325,0.008099466432928581,-0.01177868084197331
2023-03-20,0.015483911468468614,0.024649940184207964,0.009909498081675627,0.010571379738764097,0.009663368946325246,-0.025766797341506997,0.006802682171529684,0.009615770300276605,0.0034961293983757358,0.010760571640308747,0.026141828280056068
2023-03-21,0.011944243658711828,0.02092528425618201,0.0,0.02682091430396505,-0.0046203756146649955,0.005693809470085576,0.011544615099430278,0.01313058197305228,0.017419171700610914,-0.0034066774483293427,0.044802608301188984
2023-03-22,-0.009103467409024457,-0.02209679617332816,-0.018454806219682207,-0.0258138577863799,-0.004476095403726177,-0.005442241749384902,0.01026744317444428,-0.017046661424809817,-0.008605572511837467,-0.006409375951159979,-0.02288884673099867
2023-03-23,0.0069693529299446055,-0.0023188607547368623,0.0005296998530437413,-0.0026734377455828184,-0.002165119007783045,0.019721630681127644,0.027315856515246706,0.002703491648537115,0.011588646517171952,0.008099194223453177,-0.011282189014874655
2023-03-24,0.008305574641957802,-0.011073533108255984,0.010057525506068643,-0.015215975701906248,0.01635515181045899,0.010480260124598129,-0.015151909202977487,0.006562153002718674,-0.0069635497913557165,0.008176230073651203,0.0011602856849752818
2023-03-27,-0.012293280575698118,0.004561978346275808,0.004257931280575056,0.028660620906074907,0.007389180391181638,-0.014933908705558663,-0.009260903451248859,0.001869598422373997,0.0034837583944098416,0.01671376549754089,0.021926203627672614
2023-03-28,-0.003980325186332068,0.009908125805077717,-0.00965408864238515,0.003035461801809136,0.0011410244021683447,-0.004160725672243792,-0.004560705819094513,-0.0022446079810725106,-0.006672327839147063,-0.0038845298895577862,0.012476352999987839
2023-03-29,0.019790687535405915,0.012899783805688791,0.009814296341081885,0.0020172604235335623,0.0071639302833192975,0.019183813732523758,0.0217341102373374,0.014534808490172857,0.013479799255852631,0.004317374060680335,0.017177067805615343
2023-03-30,0.009890033955580968,0.006905786703546468,0.0007825085852652958,-0.0030201191204811684,-0.0001617371561491998,0.012619614734997286,0.014786570649305775,0.005855257607331188,-0.00420970255955655,0.009984237104235572,0.004863984039998659
2023-03-31,0.015644026467092065,0.019150345535277946,0.010232686740052843,0.012116429129173545,0.0029103142206656774,0.01496235273655655,0.014388523856261326,0.014094639113176877,0.013941363128932016,0.012219305950983195,0.0015527978059903802
2023-04-03,0.007701577270171178,0.004500913618916025,0.011935635090849495,-0.0011508963905113578,0.0059649639589687276,-0.0037113451769290595,0.006768167155646321,0.0038104829909897386,0.01570136587910742,0.008409551957965222,0.05900047958535026
2023-04-04,-0.0032495017819111904,-0.054030457376944785,0.010455810426410528,-0.013368296916816735,-0.003045066745613112,-0.00017396337286201824,-0.01830861268070616,-0.005547878000687345,-0.005851651605459196,-0.00981901905916216,-0.009558242440243059
2023-04-05,-0.011290407526900914,-0.018027288234052086,0.04492420393859575,0.0014911237756383144,0.009484082052795051,-0.009889401748592541,-0.02083563222479945,-0.002618370293031025,0.0022402214635421913,0.016572807217382968,0.01712735713063185
2023-04-06,0.0054960754753112795,-0.020418610049072194,-0.00277779438424286,-0.001097032738646364,0.0006369307519153988,0.02553293116213151,0.005803394184291211,0.0039008530580915135,-0.00955426173118934,0.007549781333495709,-0.01658233181301294
2023-04-10,-0.01597240381746312,0.03040602798834069,-0.005025724053903224,0.0032949057485589517,-0.002386953281900528,-0.007578865498945819,0.02004651442265204,0.001026358827913576,0.0019469070036810532,-0.0019230248559996,-0.004433045026181914
2023-04-11,-0.007591185064456996,0.023523281237782134,-0.000304224647894924,0.004926287906003912,-0.0017546831119317208,-0.022668650654125155,-0.014866250798438174,0.0002684938426886774,0.008921072653589324,-0.002923412383701529,0.007071781020927315
2023-04-12,-0.004353188948423181,-0.0004532788873805593,-0.002130731371653427,-0.00015572783448281058,0.0017577674367676988,0.002333679145573697,-0.024807785179471575,-0.004075836018585743,-0.0028015139965807956,-0.004864283839313699,-0.001040109523097743
2023-04-13,0.03410358366783739,0.005305943009155989,0.013360299557680033,0.0038132121834533184,0.007337723121854545,0.022399288074968604,-0.0012075685549436388,0.01328277665588029,0.021421411112026778,0.0010045702382552868,0.004686067511324943
2023-04-14,-0.0021140155233070335,0.009067596106572706,-0.0016255545130023918,0.07550950066587303,-0.001583601233798193,-0.01276536127890826,0.011147474253434098,-0.00244279178796869,0.005715701188258482,-0.006756735834907435,0.0024187055182123274
2023-04-17,0.00012098177554920042,0.006974229565004597,-0.0010250250817465112,0.007929060666866938,0.00650273702547377,0.009296100642363303,0.009118887316606816,0.0035882508200351104,-0.002307468295620896,0.0070046178135578785,-0.011633014534982
2023-04-18,0.007504745147084213,-0.00017734804274960325,-0.02812828087561936,0.011228028004812707,0.0015757994049303559,-0.001489079128793258,0.024627758003187727,0.0006521923641031879,0.0005139045652893248,0.0022069969972999814,0.01952933464651818
2023-04-19,0.006968393024477493,-0.0024424671660474573,0.009440474204045035,-0.0012727822037053027,0.0018878785120453045,0.00027739305249285806,0.009541940963993856,-0.00016902503412741243,-0.004409100042873537,0.0010676043272548341,-0.0031641085018447868
2023-04-20,-0.0058463143337437184,-0.010594238131196976,0.006460214443602341,-0.0029036102503194883,0.0043970350358462085,-0.008112175078842432,-0.029608791025915404,-0.005457161032544455,0.008728458719274856,0.006399585788146922,-0.007978072415384174
2023-04-21,-0.009780951536217719,-0.00361873756074782,-0.005440496708711828,-0.0019174061926706676,0.0014072509197708971,-0.001223385885672279,0.0005534791371366587,0.0007771893535248875,-0.002344434443444232,0.005033952112713402,0.003199605568592334
2023-04-24,0.001878503180272828,0.014346061845585067,0.006085009210443415,0.0013520379654314851,-0.0015613492800415907,-0.013962696025326848,-0.00283916078396218,0.001043006871102925,-0.005511738457805504,0.0067885610118636475,0.018877618103634974
2023-04-25,-0.009435633242578567,-0.02148315622135888,0.009164168794091765,-0.021743749553204128,-0.0015637252507554322,-0.022536127704723685,-0.029620602275802543,-0.01587360172575647,-0.013619035401374102,-0.007790054295659821,-0.014213165819308426
2023-04-26,-6.12119878995454e-05,-0.011160484361831813,-0.01549837585847258,-0.017723798027906357,-0.004698522951246287,0.07243480114241874,0.027247337008487804,-0.004235999891950781,-0.006272090583314016,-0.004354530120053601,-0.00918288227512054
2023-04-27,0.02839539650103351,-0.008603516603255423,0.002336959247319026,0.013458668603116841,0.0020455455968644287,0.032027561431675844,0.010016329677549507,0.019908155881342537,0.0037693324833023567,0.0031145667597605176,0.011953145350291683
2023-04-28,0.007541152166828935,0.020855764463358906,0.004294356945450328,0.00868302737854898,0.007380763283244329,0.007971651420602521,0.01920956751463665,0.008535166257267468,0.01624397919912801,-0.0027084048284309326,0.01292481242427046
2023-05-01,-0.0005304411975936008,-0.006992818362383746,-0.000610651308774246,0.02141186761461711,0.002338340485098289,-0.005532641853297493,0.041839208776446535,-0.0010095742527453933,-0.0009452953895191518,0.0041068168615814304,-0.031012353297315554
2023-05-02,-0.006191430011295962,-0.009757592135917204,0.008740613717985735,-0.016147342334002057,-0.004510040522522463,-0.0004909926617499005,-0.024212938036753506,-0.011239506769881391,-0.023783976219925562,-0.00270465269320197,-0.03985342768797351
2023-05-03,-0.0064671854780852245,0.0022775829178229845,-0.013088322996334778,-0.021163111374375543,-0.005624146449113576,-0.003307115059023924,-0.014462922462784134,-0.006863823466658037,-0.0044056591343485385,-0.0037040174457808606,-0.01970935921614736
2023-05-04,-0.009913451381543092,-0.024392349663384993,-0.00454361916642998,-0.013678442250965817,0.0010996611901064046,0.0033180883590031574,-0.008632508545579731,-0.007082850430013554,-0.0016815477714887672,0.002798821560429321,-0.01751130788381272
2023-05-05,0.046926982098835834,0.022387966654188185,0.003392191769479247,0.01953467410465981,0.0047080427718764195,0.01715730595545173,0.04056317951586297,0.018512447933323406,0.027393675843836673,0.008639731117561666,0.024896227610916588
2023-05-08,-0.0004035769000116929,-0.00139487582794251,-0.0022739993319836893,0.002413396100675591,-0.0015620155181107487,-0.0064382622023424485,0.016422525382199238,0.0002666058045168729,0.0019413948187541052,0.006259442822722505,0.003956366389445298
2023-05-09,-0.009971150596032041,-0.006052259604078847,-0.007763073402486609,-0.004814871953932265,-0.00829160763325787,-0.005345632684029988,-0.019896441338886794,-0.004385420950031471,0.004435312770677768,0.0017024420276254837,0.0002750737993841845
2023-05-10,0.01042075021535882,-0.0014989783302932214,0.003725445289386231,0.000513130732717082,0.001735240537031224,0.017296369552148416,0.010990209221366953,0.004672368966426754,-0.008531311056901192,-0.002810913870856746,-0.012827557059973516
2023-05-11,0.001094925437943317,-0.014729868132280388,-0.00408284193204278,-0.003150678325976375,0.005669318056644057,-0.00704441517249399,-0.010628430396247057,-0.0017438742796334061,0.0008230978712067127,0.003736540706459568,-0.018099096616476906
2023-05-12,-0.005417542325218183,-0.002333103909291423,-0.0013046107713151622,-0.014332939354526175,0.003914954360377587,-0.0036759669137738094,-0.008328015354301832,-0.0013103448116247307,0.0016018624421576533,-0.0003264097453115067,-9.456879204139401e-05
2023-05-15,-0.0028972879415922748,0.008351552962770015,-0.0076501255068546214,0.008426234391539111,-0.0026515934905274596,0.0015859170645728948,0.021630173069709713,0.0034500680249409665,0.006180287405865403,-0.0077743637025701195,0.0019069155626700862
2023-05-16,0.0,-0.019357225915199283,-0.001316069989723223,-0.006729091577794777,-0.011260738172866214,0.0073674761282664925,0.008980087173571016,-0.006682800209454998,-0.010051042440595737,-0.013826741369030171,-0.024269366805568904
2023-05-17,0.003603043825238572,0.023648546419714034,-0.002196551150353776,0.030747254554502668,-0.0011071408292299134,0.009451541254720697,0.03303324168591448,0.012139093652264288,0.009458864846807025,-0.0016690740077186517,0.022434715378886416
2023-05-18,0.01366613791808291,0.012352827130023503,-0.0032077739756354307,0.0075842636693606025,-0.005542438106316494,0.01439511992600373,0.04970522939009214,0.0096332720942236,0.004083385230631453,0.012973930838596992,0.00906303426505728
2023-05-19,0.0006285427345860128,0.00027933668338708806,0.002713336836758451,-0.0022939997301176795,0.0004777482054358906,-0.000565220934888977,-0.013069017924641435,-0.0014551541100499277,-0.001241605927951528,-0.010298949301713711,0.004632672260405757
2023-05-22,-0.005480990288308507,-0.0024211354881180647,-0.005389285169692504,-0.008262836327377787,-0.021009145718864808,0.008921370918279825,-0.0028148686933600064,0.0004062626885885656,-0.008700774688382928,-0.00880537987974761,-0.012139987986370837
2023-05-23,-0.015154992648243493,-0.007234154813659965,-0.0003825376398245428,-0.010432464265496932,-0.001788208363747712,-0.018432062293353813,-0.015653026220265542,-0.0112229189428521,-0.02896921459443469,-0.0018843211430699114,0.013623012947378
2023-05-24,0.0016322281086129653,-0.014150698662078853,-0.0009565507582623978,-0.009151491029790626,-0.00846916963776534,-0.004472704088862356,-0.00488783106256796,-0.007244844509494142,-0.010374956963041027,-0.004585041432874304,0.011184067376764695
2023-05-25,0.006692413089166349,0.0013353876193671343,-0.014362318298222654,0.002438543034351648,-0.007719943601419699,0.038457989586643926,0.24369641239397488,0.00865994623468791,0.005084557182671867,-0.009957255794623365,-0.017938389957480316
2023-05-26,0.01410476519710735,0.008667225052916283,-0.0003888478228674108,0.009361006997771204,-0.002483176926338704,0.021385445451835405,0.025434276142016765,0.012950585803238157,0.0072969332292034395,0.001778932488419871,-0.006530392522791417
2023-05-30,0.010659346406796777,-0.008970635610954014,0.000129594424483237,0.0037972722008203785,-0.007965473241469345,-0.005046733287024541,0.029913270331268782,0.00038106369304746757,-0.014977135571480948,-0.002458788164998338,-0.0088596627112556
2023-05-31,-0.00028179002026984534,-0.019771240535157886,0.0044699427905583455,-0.012730935161781365,-0.002007392982117051,-0.008513968390028381,-0.0567674049643736,-0.005545187199442081,-0.0027521620784972667,0.00554574768264704,-0.017877797020769748
2023-06-01,0.016022475531305203,0.016136161519421988,-0.003353703891673554,0.013779360919668138,0.005699030231700819,0.012759089482576869,0.05117083865067351,0.00950088653736958,0.024747623175379374,0.003676640480126503,0.011548404174666516
2023-06-02,0.0047753257395737325,0.08399091972688799,0.015724262085260676,0.021005873485217874,0.019333320644488783,0.008479271243500008,-0.011139144877221674,0.014461139832323777,0.01011029107691308,0.00956520392974669,0.02321981588355415
2023-06-05,-0.007571236654417057,-0.018355891151379256,0.008600394453543547,-0.00982439168581295,-0.006703756750849332,0.001610137373489362,-0.003966669864496564,-0.0019162098424383434,-0.008828998723966586,0.006585010240886202,-0.0044441105726098495
2023-06-06,-0.002060184333552262,0.01892365795509643,-0.0008844129967787717,0.0017974005243883706,-0.007242731938749136,-0.006727490733833497,-0.01319854554567268,0.0021776109258719867,0.006394181537810351,-0.00013347336855062952,0.008168045950605274
2023-06-07,-0.007756296400413976,0.03913030777532911,0.0021495508265321206,0.00968899620152519,-0.0014923488318926426,-0.030867892117555473,-0.03040100409744062,-0.003457873017745472,-0.012926072254450305,0.0014688766996937552,0.022420972408673023
2023-06-08,0.015465134814926174,-0.004669862206030162,0.010976441065680742,0.00028404742973831,0.0024908724830436935,0.0058136996231688,0.027618359516911717,0.006048552856186884,-0.009854823507350008,0.014466451891084198,-0.0031327677104769913
2023-06-09,0.0021598547894818854,0.0024738348068868987,-0.001559931238314105,0.0019896332886955026,0.0016565251819784521,0.00470381342644588,0.00675160043578793,0.0017944097900284284,0.00228641257960871,0.0060460154535872945,-0.007394295900150505
2023-06-12,0.015638751358970193,0.012211051282128071,-0.0006874004718747662,-7.087982227205192e-05,-0.004299814902928412,0.015483703829748174,0.018364651552911004,0.009071796925938846,0.011674618989922836,0.006597673378442304,-0.009032586801170583
2023-06-13,-0.002611729234487825,0.03169408503251092,0.005253314765059081,0.007234095401691842,0.003986183740024352,0.007352925256085774,0.039005034537785255,0.006592886129865416,-0.012247182790414701,0.007786928830542772,0.00018790622536246637
2023-06-14,0.0034912554862647216,-0.008637613824561297,0.005101211890117474,-0.0037319943838077796,0.006782424357802519,0.009123881078635154,0.04814492299372697,0.0011907163877833415,0.00017903181106015964,0.010109596575453406,-0.012025482301742718
2023-06-15,0.011198639781250685,0.017877535721777083,0.013431788304492986,0.011308330399692368,0.013741823209550086,0.031896516278444365,-0.008000540468945716,0.012397798939964177,0.012217816862420516,0.005482193404981794,0.0069417571385914645
2023-06-16,-0.005859598714436642,-0.00969005239091425,0.003053843095879305,0.0011880147456968526,0.00718587625362388,-0.01657559958664201,0.000914289257714973,-0.003406181627724658,0.012114933039935938,-0.013947964102793198,-0.007177290921537849
2023-06-20,0.00048638775303544435,-0.01679791802877384,-0.0006090916512559996,-0.005095482297440612,-0.006648336973214208,-0.012502617906158697,0.026140920102445175,-0.005188292758454338,-0.010659159103658777,-0.008808630568009068,-0.022924028420920783
2023-06-21,-0.0056752497640956134,0.0013683659603929144,-0.0015231497966580188,-0.0014734082964540374,0.002775065560830292,-0.013282194112120282,-0.01741699753011705,-0.005123765150788939,0.0034440020514290293,0.0019462434892882907,0.011195640732541534
2023-06-22,0.016525247064109516,-0.017144356326755705,0.010617436597070373,-0.01925256837368816,0.006837102926351646,0.01843754829102462,-0.0004645691028337673,0.0036099287241910805,0.005016582489072885,0.008351557399838505,-0.0054876523356585105
2023-06-23,-0.0017110994003953772,-0.012218630535679398,-0.0008451293438079821,-0.005230059230735273,-0.010509248704760998,-0.013805741896777746,-0.018965663206570782,-0.007560142644091328,0.005079033773736086,-0.001861997777020452,-0.008712559902319117
2023-06-26,-0.007553014197873131,0.010706401449734004,-0.011179556094848886,0.0024488221234140184,0.0003266701830122454,-0.019163222427656113,-0.037361848660783625,-0.004085668666200859,-0.01415807969584848,-0.0026371543892538263,0.018457003926992455
2023-06-27,0.015059308973809804,0.01578391086148212,-0.0020779556539937127,7.16887125178367e-05,-0.0021234114655915848,0.018167967495535065,0.03061635024892473,0.010963307794132016,0.004595590391050619,-0.00361185372522399,0.002493076270762673
2023-06-28,0.006327632447060694,0.004902531819607869,-0.0020209819418215424,-0.00438201213904732,-0.00933041142547908,0.0038260352849419643,-0.018124990245248385,0.0005043104234006002,0.00272731243023272,0.005437228414106654,0.00813010425552041
2023-06-29,0.0017963870643451507,0.009798757079197973,0.006995572819439522,0.034922985266360396,-0.0082616826496541,-0.0023822508498704265,-0.00717454365827086,0.003941423498616148,0.02789965077670442,-0.006759819104826148,0.012333863884913088
2023-06-30,0.023102638831409505,0.0074106599084498015,0.008653397041930688,0.014014020542683303,0.003332174891488293,0.01638579092536352,0.036254977207393235,0.011800696993804705,0.013485583125752099,0.01879693168814711,0.005154691327949212
2023-07-03,-0.007784771706416782,0.005202274676384677,-0.013110133006132618,0.008044516678464397,0.005978036595157388,-0.007488106930023886,0.002623590758512817,0.0011505137043690272,0.0020635379852111946,0.006489334404846447,0.0019580216329972977
2023-07-05,-0.0058712027114133924,-0.010107936810133222,-0.003305957360858258,-0.006661534516026468,0.007428260418448351,0.0004734150462615272,-0.0022631066751148676,-0.001487096684625211,0.00621919447711039,-0.0005687756659086274,-0.0051180781624737826
2023-07-06,0.002508643299566682,-0.017359034200141843,-0.007432080263316099,-0.009886723918880458,-0.007701273158728927,0.009226486022618774,-0.005057092122352946,-0.007830787228407465,-0.002380428175867144,-0.006324780291004806,-0.03732119394813638
2023-07-07,-0.005891340649653576,0.019120405119978257,-0.014541867530538544,0.007890520198871265,-0.013209852759047624,-0.01186735714262177,0.009500444370206251,-0.0025246641262238745,-0.010172589622011285,-0.023041173271191373,0.002331966020181264
2023-07-10,-0.0108558870125669,0.014805465354745362,0.0016323663696131696,0.005611772910993906,-0.007530326297405576,-0.015983717799902042,-0.007599384294030287,0.0025310541879335346,0.007232023514739172,0.009056045581970373,0.014831420439007204
2023-07-11,-0.0028099602849973593,0.016237312068772436,-0.0055167555984863,0.015638844038959654,0.0035407455159501833,0.0019288138886650597,0.0053340348119961245,0.0063685428910471575,0.010035342007683301,-0.001485094243517282,0.012226498695910415
2023-07-12,0.0089855711758835,0.0029662947617599134,-0.003466902525232185,0.004951975117947649,0.005376492002783229,0.014226840158758858,0.03530248631744404,0.008045970099074484,0.006900955812492615,0.0025219851798774506,0.004907103991272255
2023-07-13,0.0040576203947158,0.00891147957201488,0.004617792318296399,0.004859800087071653,0.008522612340313707,0.01619218878688744,0.04726443784874257,0.007936792586096031,0.004541412765378228,-0.005869574253004717,-0.01831178214800444
2023-07-14,0.0007871963256591563,-0.0009378750750149711,0.006674454684089781,0.00604561716843155,0.00911354785915841,0.0075294828543786,-0.011048984301480713,-0.0006227452524482091,-0.0006165275977424445,0.0034385593508017287,-0.03443638596485832
2023-07-17,0.017305427236178783,0.007198064147604821,-0.005004061443911301,0.024103537008006937,-0.0014777362186797482,0.0014192852864769456,0.021817043185877738,0.003472145595752707,0.0034132490947009764,0.001228495781111949,0.004358867987745985
2023-07-18,-0.0013401330609678075,0.0246639789747487,-6.28221598887313e-05,0.0018256269608301068,-0.003946895714204923,0.03979968594984262,0.02223376496025664,0.007430577273401573,-0.013197128739459218,-0.0018079925365139804,-0.004537364897528873
2023-07-19,0.0070715361584710035,0.0009145228520672788,-0.0020119013588240087,0.0038395701242917024,0.01766565311906665,-0.01226731885661192,-0.008780096024001205,0.0022239252144031774,0.002699674226212645,0.00032334770051756223,0.006936310199540774
2023-07-20,-0.010097388435519772,-0.006317913618998139,0.06072832567897701,0.012317805229109968,0.01216735127198687,-0.02312173157187203,-0.03307350727346803,-0.006634493730675484,-0.00745586260861808,0.01849697350476509,0.0176145134261958
2023-07-21,-0.006161442828897523,-0.01317548845511829,0.010749518657969359,-0.007684872221514705,0.0008012989083354682,-0.008936992992576887,-0.026603679907449385,0.0,-0.0015441087991788782,0.005651592449847254,0.004641750915455711
2023-07-24,0.004219886833385589,0.006675730719789108,0.005229374766965167,0.019683807688423594,0.00032038305561354896,0.003897938247476196,0.006838409578949101,0.004467270826008285,0.006227747209473833,0.005872183327514824,0.015689698156822196
2023-07-25,0.004513695452188493,0.010371023087081044,0.007657226058050304,-0.0074684121365978795,-0.0033621774747251143,0.017009238472141197,0.023917176360924275,0.002730066227382588,-0.00851537346678699,-0.0008160236948223654,0.0015162311465206635
2023-07-26,0.004544957270257388,-0.014271414318312137,0.0019143965713799282,0.005993993326033342,0.012851558366163918,-0.03763757026320336,-0.0049693787866513794,0.00015357195642540233,-0.006661397771864586,0.003580912122685742,-0.0055828871798696555
2023-07-27,-0.006580951325573348,-7.750798877537157e-05,0.005616115583537029,-0.011029243489240725,-0.009675059838406885,-0.020872132040277602,0.009856538142831273,-0.006629840555171906,-0.011218877574972086,-0.003630607839800515,0.0031401330626068535
2023-07-28,0.013507746802738474,0.008246244591657792,0.00454817608847069,0.005704310070586915,0.0006408328437941258,0.023131160297668707,0.018518589452889422,0.009790264228415113,0.005587950371473305,0.004712049274895103,-0.011952147886459152
2023-07-31,0.0031662834505554738,0.018200948741068368,-0.039832638523437436,0.006691538324576696,-0.008802857525847196,-0.007240601210127484,-0.0004493351703532822,0.0019039338074666734,0.008398554068696829,-0.0003126238979230811,0.02956988289584994
2023-08-01,-0.00427588495869724,0.0885468162352725,0.008117931506195664,-0.004937930442388105,-0.00258363283401708,0.0012502563239358278,-0.004750730988651308,-0.002861510278747814,0.008623190114102952,-0.0046915645772451775,-0.005781417405171352
2023-08-02,-0.015490263452811903,-0.0037415652400218935,0.006039421023441349,-0.011324633940986928,0.003076011274121049,-0.026282691983858353,-0.048121743358262914,-0.013910802955215407,-0.009258471355452658,0.0006911860220055743,-0.012474183672476546
2023-08-03,-0.007321455658938936,-0.021281572105823154,0.004296377300149867,0.006113483070051995,-0.005164629196530268,-0.002565086286332008,0.005556846319410447,-0.0028657295703292673,0.005051339757010442,0.00025137605181568823,0.017380627737200616
2023-08-04,-0.048020097600172895,-0.017800846624252853,-0.009376554348819122,-0.0021105844061746204,-0.015087748116617283,0.0034286554768352406,0.0037067311201075537,-0.004522885861743653,0.0009634360490633487,-0.005776855249573387,0.002800568207496301
2023-08-07,-0.017253693949916493,0.018846813506061544,0.024018213524549026,0.004742743984074149,0.007906520789740856,0.0071085541774931205,0.01649511998515618,0.00872842088009329,0.010544353395320671,0.013578508565461389,-0.0020480405861424966
2023-08-08,0.005311848319911716,0.0044024668913671405,0.0004620350459643152,-0.0056137482502852665,-0.004412538694577917,-0.012299026735553942,-0.016579640595200562,-0.004348656642233162,-0.009192214151240719,0.000996810501093126,0.004944109502089011
2023-08-09,-0.008954460944549103,0.005797455321854272,-0.0006351250097014205,-0.013407515591125407,0.0022982958466657433,-0.011716048910750732,-0.04724175902792116,-0.006685030270156989,0.0019640964269178607,0.0016185536249755383,0.016986890096944984
2023-08-10,-0.0012347597905945085,-0.002495217983648157,-0.005200287277426607,-0.0014955899122348626,-0.0022930257950047883,0.0021724187742431234,-0.003900809676235517,0.00035880462416670866,0.003552026744672254,-0.0004990148663224225,0.0051111983556964
2023-08-11,0.00033758788543747364,0.004932599434255502,0.009757760020957074,0.0057956926267190845,0.004103718653897026,-0.005945433076609441,-0.03616603770046156,-0.0005830881422120848,-0.000499648766575933,0.005865598511750836,0.015528660543218553
2023-08-14,0.009393039658274427,-0.00238427521169593,-0.002358265521383962,0.002071855783133847,-0.004740812168827158,0.009438755575157387,0.07093368000524647,0.005520107735216273,0.011914540653545913,-0.007444265764329661,0.0008046337370430923
2023-08-15,-0.011200216976705146,-0.02519853706411146,-0.0028828746815211526,-0.02545698113624839,-0.006734539295215725,-0.006727557863621003,0.004274114278985275,-0.01164897266592535,-0.012638858052748558,-0.005124906525831641,-0.025673245708892845
2023-08-16,-0.004959130774989218,-0.010310932328761346,-0.0031803210137426596,-0.004243162245193055,0.0001653068871714236,-0.0024283392892463507,-0.010332360810009544,-0.007338158445373,-0.0022516107436968413,0.0005025033013557056,-0.01682695858773675
2023-08-17,-0.014555113546565246,0.002404128798130456,0.009397402256118514,-0.01038699782466479,0.0021495988818585055,-0.010986283491376203,-0.0032653249926081207,-0.007619801627499201,-0.008023771842819216,-0.022416045159822207,0.01937181852423242
2023-08-18,0.0028162310032284754,-0.004978803645770635,-0.008735054731202396,0.0022876559576001654,0.005609651366746737,-0.001262371998165035,-0.0010381580626291909,0.00048130103023402704,0.00337020951673761,0.014387459137544134,0.015129278012551373
2023-08-21,0.0077367224357955955,-0.0038349810680725627,-0.029798795464811234,0.003423432965357298,-0.008531679838114203,0.01706277452904348,0.08471321544309807,0.0065063759668744225,0.005416381639859802,-0.0026593774444176876,-0.012086588227137263
2023-08-22,0.007904831995078965,-0.009348996687914779,-0.007947520251467166,-0.02073865631364047,-0.006122747866239897,0.0018018702066548986,-0.027657802483004423,-0.002708702702429844,0.0046355058745168876,-0.0031745240981529976,-0.005611312134393365
2023-08-23,0.021949059231997303,0.010473684904963365,-0.008974767201394673,0.0067632355340174755,0.0034964605604064225,0.014079386016302431,0.03170715131858781,0.011137738958379995,0.007191268425572828,0.006942425131765129,-0.008788092607344478
2023-08-24,-0.026170611938677535,-0.013661687001846001,0.0034034185218811963,-0.000949984305184226,-0.002654724152804655,-0.02149857597387894,0.0009976344107129886,-0.013858929059549219,-0.011679938871396067,-0.0076536503736018835,-0.007466333809468151
2023-08-25,0.01264321073074992,0.012105454268651616,0.014338062379176897,-0.001222459104580298,0.004658115996640566,0.00940724249625835,-0.024277563546343472,0.007049579655725724,0.012945404970751362,0.005927909394365161,0.017865640866063348
2023-08-28,0.008846071793217947,0.00818169513156608,-0.011789635122743003,0.0034682429479300225,0.002814974910306134,0.0022292959818237534,0.01775382111144408,0.006341376384739306,0.005194349199684867,0.005702680469601651,0.00840667783136717
2023-08-29,0.021810340872596923,0.019069334906265833,0.00012198309487421177,0.008132236663330739,-0.000990780239438549,0.014550210920564854,0.041614406689407746,0.014454831976887128,0.006192790719178998,0.008379582217505677,0.005954338322257113
2023-08-30,0.019172297736757216,0.008213175636965886,-0.0035298326509519695,-0.004033318431640676,-0.0004957436843989749,0.0011573963110829144,0.009839254208599435,0.004118870418318155,0.0036276305052744817,0.0071852593454160285,0.009744054680733694
2023-08-31,0.0011722481852634026,-0.004250143918845151,-0.012520780020963573,-0.01235160352356024,-0.010583775173813481,-0.0031330099442061776,0.0018472121480752612,-0.0014634308054853884,-0.0022337138793379063,0.00874687157528764,0.0027957887455942743
2023-09-01,0.008463433823896027,0.01821208043356548,-0.007422101074467613,0.0033488545344653176,-0.00869139119227591,0.002745957248248665,-0.017141303443779954,0.0018651692980347079,0.009890922126120527,-0.006395763816327116,0.02095536026982381
2023-09-05,0.001266747375731958,-0.016139700371366583,0.0012463182814161922,-0.011034184768139998,-0.008261622446748662,0.014878676808494307,0.0008039952671121675,-0.004321844057941782,-0.011164391713011979,-0.008046038534528344,8.798713295044003e-05
2023-09-06,-0.03579328453473751,0.004509362547459261,-0.01661685609502539,-0.0016527706556480615,-0.0006800594938713989,-0.0020086475022703665,-0.030549635363307348,-0.0067225834847646215,0.0033422748580143047,0.007487463492081847,0.008632148878225943
2023-09-07,-0.02924951511844598,-0.005195955798088958,0.012783999343658925,-0.008554257794223474,-0.00765552131835312,-0.008922159025195664,-0.017424049550970766,-0.0030700185141012692,0.0039811648252499054,0.012386241763970185,-0.004890671081074549
2023-09-08,0.003491893092341769,0.0030201406805101527,0.003311782431641097,0.000765656229539502,0.0,0.013215569312665654,-0.014467781376813371,0.001505912350888039,0.0006069687732315199,0.001835096859901908,0.014567930672278129
2023-09-11,0.006622402269160332,-0.0008149515359248127,0.013079409908566486,0.004379974487830118,0.009429011037146884,0.01097928233884482,-0.008645625946606006,0.006576717971864099,-0.00028323149811515513,0.003480520373731366,-0.01254203870592796
2023-09-12,-0.01706077502660097,-0.0008506018371960966,0.005655759935624172,0.013014019585287695,-0.009850460115101711,-0.018257726698830412,-0.00681730818686066,-0.005485640985070206,0.00032383887093812014,0.0010953296714326655,0.029169458251026903
2023-09-13,-0.011854709213951709,-0.020900803863169726,0.0025066550488659356,0.00047827960131940905,0.002401295004001325,0.012930629880545608,0.013706145394148495,0.0011659670580213,0.0021430840159126774,0.00024306070287072323,-0.008936870800784535
2023-09-14,0.008782563306113822,0.02406483554617056,-0.0015245527096453548,0.019397580086895294,0.008278803569143012,0.007855752550519846,0.002110504992808737,0.008622406978120223,-0.025541736199020004,0.004192959625356485,0.017863140473162842
2023-09-15,-0.004153989795314561,-0.012068078082580813,-0.013985599456624476,-0.00294805647678531,-0.008895063384079749,-0.02503695372454884,-0.03687936185991991,-0.012048317343959836,-0.0017804577805683452,-0.003691335532225559,-0.015356021960123423
2023-09-18,0.016913414063268517,0.006412433930036876,0.006317767729579371,0.0020832358933033923,0.006213246597223332,-0.0035127252507926032,0.0015034789824608374,0.000586503123567006,0.014891836640246181,-0.0074101670744066706,0.00805495222324959
2023-09-19,0.006180996554700613,-0.004520663917490286,-0.001661961845711879,-0.001274188763572326,-0.0020581989688299718,-0.0012459613071793552,-0.010143983438053894,-0.0020739709178729804,-0.004495968346711621,-0.0002446247090709397,-0.0026351327760043564
2023-09-20,-0.019992297810847326,-0.0037903409474395744,0.004377430766202339,-0.00422998631156335,0.004468794220666483,-0.023976829900689167,-0.029435160292207052,-0.009193192951669094,-0.0069797708135529435,0.0032439274346203195,-0.007926427738055186
2023-09-21,-0.008889496236052064,-0.02361701483482559,-0.007673197056498271,-0.007822045094336705,-0.015400360782703681,-0.003865584634689778,-0.028930572344753158,-0.016528431397665355,-0.02170677508618779,-0.012140830499770883,-0.014089249304265916
2023-09-22,0.004944535771371328,0.0037863319011626206,-0.007175392062882313,-0.009583040741908855,0.0010426919600712292,-0.007886731707317018,0.014457708512134904,-0.002248501529476976,-0.006466382574853324,0.002655695680283232,0.001568550839948779
2023-09-25,0.007380355644279968,0.004431150010025142,-0.0014953748976469505,0.004941063147315017,-0.010416561253682066,0.0016718193369147372,0.014708148848101343,0.004205209469901883,-0.007316525931103213,0.004434804620110144,0.011223142388165241
2023-09-26,-0.023398286695683668,-0.01731854195710214,-0.007737347634630742,-0.010379017273913327,-0.008245700150186774,-0.017005521804974277,-0.007366100099052808,-0.014691251698763619,-0.0158982566062843,-0.0034956054038717266,0.0015486409428795422
2023-09-27,-0.00889765575255641,0.011835861161767713,-0.012011117708163321,0.0058645838406057305,-0.010260073832515482,0.002082305288725772,0.013290129295687736,0.00039912898714855594,-0.000653195075179136,-0.00479983526849348,0.03255733568751973
2023-09-28,0.0015256006616284346,0.012943886480849098,-0.0014638621079572367,0.012416401618398965,-0.0025020389145630206,0.002717417574274794,0.014622837540885891,0.00579739716138028,0.009411831162785989,0.005070545259559633,-0.0060732741764716325
2023-09-29,0.0030463724477283183,-0.011728848870626085,-0.007203033748331644,-0.017413383676238015,0.003045932538234819,0.0067274243650543575,0.009515108043458564,-0.002426943276471305,-0.007122669048624686,-0.016057583256267383,-0.015819708760175466
2023-10-02,0.014835789102990882,-0.004688523512110021,-0.0038521852246587995,-0.008619506579106373,-0.008931707309868364,0.01916072104512101,0.029494975693145742,-0.00039763513059498656,0.005478129652116692,0.0010629868907614526,-0.016584542219706733
2023-10-03,-0.007770028983646093,-0.010120822191162615,0.0012243361535979602,-0.007372844201828488,-0.01081482082001306,-0.026134147891428205,-0.02824789711502662,-0.013386169542979443,-0.01063703781559322,-0.006308522153088192,0.0017296569610156798
2023-10-04,0.0073086136130726675,-0.014648333601384844,0.0011587591590511703,0.0044848212113564045,0.002915482641036693,0.017773333792233004,0.012041122453998021,0.007282061879444246,0.010532937920837648,0.012005802386052311,-0.037382472229769315
2023-10-05,0.007198194823464066,-0.01596054812026171,0.010416761913186523,0.004216121391184657,-0.04832832057837311,0.0012540420891358206,0.014690913054321797,-0.0003768611981554981,0.009774256925057623,-0.011925503365134649,-0.022511209463673687
2023-10-06,0.014750405245232523,0.020092079978240474,0.0031819165199120647,0.015395528924080581,0.014509110111754042,0.024736969772693573,0.024033176434407277,0.011872777530366863,0.006681271903600905,-0.016784042983076564,-0.01669881633151793
2023-10-09,0.0084512824834444,0.01977141891751244,0.005709262294712358,-0.002274404265210528,-0.004892710139617229,0.007822373938413119,-0.010685662434821719,0.006402271751563937,-0.002552598620175428,-0.0036443741649879735,0.03499118146511404
2023-10-10,-0.0033522000156080978,0.007040070547366328,-0.001135370331915908,0.006078754903614314,0.021747269307824224,-0.004335410223152314,0.011596203460660703,0.005204766400337402,0.009213376923103311,0.011293823273159864,-0.004237082332782305
2023-10-11,0.007903919521208724,-0.001390644444162259,-0.013766167998392032,0.00343293953362811,-0.0059224690234325195,0.012271822083735895,0.022009771253594712,0.004096329669438736,-0.0038884103992832264,0.003997306272053303,-0.03585341075812132
2023-10-12,0.005061207933376721,-0.011802520903007596,0.0009606859852706595,-0.0023265940158208043,-0.016756600614532657,-0.0037904107924161545,0.0029697730002880007,-0.006096457711300296,0.004667275932375814,0.004550502031798409,-0.00018782698864050484
2023-10-13,-0.010292732445390529,-0.006193879697859783,0.0033261733574434516,0.01501980468960662,0.0015148021003543732,-0.010357458847344403,-0.031611597244581846,-0.004980802640899729,0.003758841608973107,0.00553620126961718,0.031933993792451876
2023-10-16,-0.0007268455249798134,0.01063675347299764,0.004335297134522964,-0.001013463319023522,0.010209898313711774,0.014982058949451371,0.013946120498327996,0.010521349064222862,0.010098063177505168,0.00863416511573778,0.0007279665072972286
2023-10-17,-0.008784688500458326,0.006868775968911445,-0.009141302820127928,-0.0021644673432787975,0.011978182350500743,-0.0017436780191607548,-0.046794605467677,-4.582392060792362e-05,0.004707001015768597,0.0013027443360038582,0.013096832503170841
2023-10-18,-0.007394901983531099,-0.04925730957284369,-0.02152588642452402,-0.01098082268703926,-0.0003698183287529355,-0.005872731939396636,-0.03964690192852938,-0.01332501949415743,-0.015464446656822894,0.000743404664902636,0.01400491035139062
2023-10-19,-0.0021609200452553656,-0.0244195188410975,-0.0026842954963943733,-0.004249317230455185,0.0055503979560915795,0.003665557190945634,-0.0022512800215200857,-0.008786523905952914,-0.015412277066398361,-0.004766727563303985,0.0006197587962162299
2023-10-20,-0.014704167680878788,-0.009499533997830434,0.004464119973590641,-0.01610570457933269,0.004047880574972851,-0.01403473513205733,-0.016959190353935116,-0.012288052505455282,-0.0018392832080286192,-0.01250239184763069,-0.017165153202404526
2023-10-23,0.0006937595780740491,-0.007544126433136511,-0.010522946191496296,-0.013641026012519153,-0.008979235012418263,0.00811209960303616,0.03836939402088002,-0.0017332296708054695,-0.007926983196288595,0.01417232727086537,-0.014674036281392744
2023-10-24,0.002543480412244392,0.00901673370151701,-0.0010569432114472255,0.0012058436366904068,0.02884599508202812,0.003674350118728187,0.01600946582644558,0.007539467774100084,0.013475626683536523,0.01391222594297914,-0.009684768105017727
2023-10-25,-0.013491584030116854,-0.0184733107770495,0.002248421736740669,-0.005454719046609879,0.00862690385011744,0.03067794626374898,-0.043148863412466376,-0.014352117543495635,0.009375592038067815,-0.0030014871752603867,0.0018451135709194322
2023-10-26,-0.024605540120775427,-0.010247310420393951,-0.016955807183412275,0.0025643218255584355,-0.0060583626789418865,-0.03751426936069169,-0.03477815337185308,-0.01197461381870435,-0.023516884228952373,-0.006082577288169189,-0.00911690336051596
2023-10-27,0.007969238164792891,-0.015963458724353785,-0.022818833952624518,-0.03601898246074253,-0.009680842146703617,0.005855674188314675,0.004314917622404435,-0.004532661483334088,-0.00869080313781656,-0.0037091272775368056,-0.01905206830902406
2023-10-30,0.012305349017138312,0.01509057517709822,0.00982137726412824,0.012749796373277222,0.0164735915665557,0.022740202641551965,0.016320937225720034,0.011955640834708126,0.016617988321954602,0.011478766719566824,0.0031264684546321586
2023-10-31,0.0028186972617150197,-0.06652627474098727,0.008909726170854393,0.011934332559046412,0.006055051248131438,0.0023717345213660757,-0.009256252798858111,0.006280167441762963,0.008666539068784562,0.0023922618496101666,-0.00028332419074228454
2023-11-01,0.01873873821703298,0.02556966531289495,0.0023595524028967585,-0.0008630104438575037,-0.0008849753750276301,0.023542750359717646,0.03788609290043321,0.010664769607297453,0.014802139621525212,0.00893464724950177,-0.001983752371813363
2023-11-02,0.0206934027210941,0.031445241906335575,0.01042429235214204,0.01784936316491703,0.011516481655561739,0.006501456263147354,0.027903260294021015,0.0191643412765532,0.019574206842276398,0.003942459303369228,0.03284729912247131
2023-11-03,-0.005181329566253945,0.0068167118001918325,0.0073217331968611354,0.011172528554305616,-0.006130518449593336,0.01286164252062072,0.034454914574043816,0.009123454289591049,0.001438908922311466,-0.005195728159320456,-0.012189532556711957
2023-11-06,0.014605203941990608,-0.010259654171073884,0.0023786615994141336,0.007552412705460254,0.004053474239437138,0.010572715406683919,0.01657599783692376,0.002300417421303269,-0.0004515915307269358,0.0013359835002353382,-0.017721429189027194
2023-11-07,0.014450741969362468,-0.014100986756091394,-0.005273480099019068,-0.0004861540431136957,0.003686189390560868,0.011219126025256099,0.004458935739633851,0.0028459735798713748,0.005256826896451683,0.004670096625423836,-0.01567951725718797
2023-11-08,0.00588482048433514,-0.00042556914312308347,-0.0036448544468912214,0.00493053233524976,-0.0015740657129781344,0.007405918266940148,0.013469616270122886,0.000732556274626317,-0.0013920326739039757,-0.008149722568310924,-0.012282809172619813
2023-11-09,-0.002624253028650103,-0.002853349847285469,-0.01948782728399201,-0.0029714430869198782,-0.007531829463230277,-0.006910733893400689,0.00807320643736098,-0.0077988287679539026,-0.009306732481594748,-0.0023128142184578593,0.00029144429748506617
2023-11-10,0.02321985580939856,0.02361730195323597,-0.0011532652762503703,0.014831295818296564,0.0010589591600296266,0.024896664706195004,0.029499355419971174,0.015604788981413709,0.014939684983221513,0.013848246460922198,0.007672924149711546
2023-11-13,-0.008583611753147702,0.008302711250094408,0.0025808304809971094,-0.004438982826290183,0.003702363447196433,-0.008088353849859065,0.0058962761131275965,-0.0009531094371517668,-0.0023649277074657693,0.008965617961437244,0.010505906947128496
2023-11-14,0.014285585451227156,0.02561360537942181,0.00020317517777268534,0.01824665977553619,0.002986081918795458,0.009790526549091405,0.021308148451158804,0.0194007709739088,0.009277695756196636,-0.00017903576871869387,0.003850291377067716
2023-11-15,0.0030410218518386323,0.013031369551321781,0.007720320221453969,0.008757750806759779,0.0019263926581618573,0.0004059724251943564,-0.015466356627856892,0.002116945220050459,0.004738035701119081,0.012705312193303397,-0.0060408660426687355
2023-11-16,0.00904205544000325,-0.011469789094134208,0.008736624783184599,0.01141987871916772,-0.0010486342427783457,0.017583288196837188,0.012109447036940946,0.001223092096714895,0.001853990130310068,-0.08092827274776349,-0.01157626267581946
2023-11-17,-0.00010525736116229201,0.019580124888148642,-0.002065516190672634,0.009045976457662253,0.0019245624470458633,-0.01680085422633537,-0.003678302472137185,0.0012438929741640514,0.003982730699535031,-0.004422051498155444,0.02439965068113792
2023-11-20,0.009278103358803635,-0.010352887501404617,0.00881576582722543,0.003075255401310928,0.002445230313636193,0.020521837378597807,0.022536359288636287,0.0076976256679579524,0.0016429090025045223,-0.0003217980524961028,-0.004382530376211391
2023-11-21,-0.00423070837524353,-0.004152385203271214,0.00807134896531192,-0.0020875491316093564,0.010975651563178257,-0.011578001475738398,-0.00922439367966632,-0.0021793547156035986,0.009041052195376542,0.003605783911670102,-0.0003829084942300609
2023-11-22,0.003514262043420091,-0.013632403033697393,-0.001985018844490427,0.0023538155018207885,0.006720588671107475,0.012812459216804184,-0.024587734048191368,0.003860833391250429,0.005907381912619858,-0.007634988293899858,-0.004307803358347462
2023-11-24,-0.007004152496983385,0.005487609867566912,0.011139063455083642,0.001369210337617277,0.002567499013384822,-0.0011116957856256438,-0.0192954701036947,0.0006151910567813168,0.0022861014542703284,0.008986885847064086,0.005384140985033037
2023-11-27,-0.0009476442397631235,0.00012142927829539296,-0.008000098960537882,-0.0022792130876656547,-0.0018779731751998874,0.003126548859960776,0.00975404111873801,-0.001800968974969508,-0.000629286140541363,0.004549528298147587,-0.005833325207820872
2023-11-28,0.00321403746249338,0.0004445039249794114,0.0023136408739679037,0.0022844197670965904,0.0020526362200663506,0.01080277321686629,-0.008726904101497457,0.0009901426768093025,-0.004721761387817103,0.011928247885698129,-0.0005771467738945324
2023-11-29,-0.005409538845829842,0.007878842083067106,0.0031657586147730843,0.0050804911668373975,-0.005974868376612097,-0.010060232628958388,0.006670531556634662,-0.0007033633563164887,0.005100023531477316,-0.01613699703480076,-0.015014561465404919
2023-11-30,0.0030628330594637543,0.00509119470487307,0.01676408176505606,0.011404620731956694,0.011597800547619608,0.0001584062215460591,-0.028458384618999855,0.003937427215192413,0.009636808870558733,-0.0024987076561109323,0.003908525296144605
2023-12-01,0.006791244717074152,0.024090801414408114,0.024052661812634213,0.004869264347146851,0.0034222629984270725,-0.011612153260060931,-0.00010704672229877588,0.005916002011515431,-0.0008959236021292005,-0.00867108561755825,0.002433307540929519
2023-12-04,-0.009464750009400502,-0.00782853554146612,0.003157195460051776,0.007332363511665108,-0.0011936788942925602,-0.014338865984202975,-0.026836462578629483,-0.005249551903155902,-0.007837721394256869,-0.0002592452299563508,-0.005437223538850788
2023-12-05,0.021063284349980504,0.0017271443785920049,-0.0020771103737714514,-0.00012668644286073505,0.00153661418855644,0.00915642480653256,0.023293668258963285,-0.00019705641536482688,0.00066798891520925,0.009267595029691655,-0.01942801306137143
2023-12-06,-0.005687048461580191,0.0030567533587522178,-0.012172942126975284,-0.010508317706350967,-0.0010228144463994004,-0.009986066575113361,-0.022827764221867608,-0.00402977182231945,-0.0012567958119018563,-0.010852019362150633,-0.013241749285574311
2023-12-07,0.010139365016498925,0.005625497106959809,-0.007789546404217251,0.003070772692948198,0.0023890572151032963,0.0058299330803213145,0.024020479084330137,0.007630426640316212,0.006016731282324939,-0.006581178073937433,-0.006961899167551411
2023-12-08,0.007412398761253325,0.008119343199044282,-0.00630616831951869,0.011034045056294461,-0.0022129983121303987,0.008842028776325783,0.01952950946630949,0.00429910986816151,-0.0003126520448348824,-0.010494638922210142,0.011481384558201135
2023-12-11,-0.012927426807962772,0.005472031931708088,0.004144499463653029,0.003658867323036219,0.007336550714834855,-0.00782954597412111,-0.01850286807929269,0.003889462577855163,0.0030497972020442354,0.0025189555823310616,0.0007031386095708303
2023-12-12,0.00792025204854152,0.001954770950084228,6.442605745227148e-05,0.008925169027507396,0.00643624682588384,0.008295357770190748,0.02209026725920471,0.004567349738723525,0.011851025344995936,0.0007935344945346756,-0.015759907920611438
2023-12-13,0.016691484995154715,0.02501606668916101,0.004643031760529048,0.003364001085818469,0.008582966397427727,-2.675780496919078e-05,0.00904374375693151,0.013790132375123054,0.010864639401763299,0.017772199797244648,0.00887296667873394
2023-12-14,0.0007576218795646295,0.06418636454255888,0.006932465765165707,0.01819208358448865,-0.014850590746949055,-0.022544552521907457,0.0054481963607593276,0.0032092982970846062,-0.013911124680409004,-0.012203896929122604,0.02689061236174095
2023-12-15,-0.002725732274249326,0.0019988684183787075,-0.010900616613738867,0.007561062148078834,-0.0074526169777372475,0.013117123164861466,0.011168596190440638,-0.0016463283126940675,-0.002705536975772138,0.0037457895737638136,-0.006694441230047921
2023-12-18,-0.008503302930362278,-0.00010495290141576685,0.0018044583696399386,0.006052361816564433,0.007167241633803112,0.005179185310911327,0.024279087807155486,0.005625087373900994,0.0013175108301148875,0.014600005395056126,0.007433289803986609
2023-12-19,0.005360103865108989,0.02537522106708967,0.006562041532474749,0.013354915028644943,-0.003219214050633079,0.0016367981203286863,-0.009445522097561443,0.0060806792573080415,0.006269982043467737,0.003613650078962083,0.013182310524367802
2023-12-20,-0.010713827609176163,-0.011093615269211043,-0.020388563985295538,-0.011279139786929293,-0.020737732466833192,-0.0070726720659584075,-0.03009826107495983,-0.013857132046325216,-0.011077220887937056,-0.011701943470871612,-0.016700676143602156
2023-12-21,-0.0007699517174298842,0.001242722954762021,0.010243187404908038,0.005704002186276647,0.006596079158360357,0.00787861139746937,0.018270270467773075,0.009481811623014202,0.00945145608375153,0.007091042775970502,0.0045423815775698095
2023-12-22,-0.005547591081811465,0.0009993637435112834,0.004004435082152424,-0.0005971785967791021,0.0056906511347674105,0.002784155838769342,-0.0032662360724541317,0.0020096635707325117,-0.0042769472358270555,0.011951103029997912,0.0017693950394845892
2023-12-26,-0.002840880332548701,0.01815021558554708,0.004374025214298527,0.005914073592935498,0.00411517945444051,0.00021369899421119776,0.00919541795102563,0.004222601691602712,0.002824798421000807,-0.0015321087154250845,0.0022569274274923945
2023-12-27,0.0005178208550868924,0.00842277691124349,0.0013450597865050096,0.005998068994993444,0.002561437593104454,-0.0015747903344990322,0.0028002506964954765,0.0018079689035164215,-0.0008875300320592139,0.00939835912030107,-0.004699365358836416
2023-12-28,0.0022266437296529773,-0.004159429685328231,0.0014710420015486836,0.0053128926309129465,0.0006814585910341897,0.0032346388545221316,0.002124907898489292,0.00037791022375799344,0.005677119275711462,-0.001963376525832672,-0.014459844736612881
2023-12-29,-0.005424304231045007,-0.004075788111925549,0.0010217529773628442,-0.0011744349985239877,0.0030637423437855915,0.0020251515381874974,0.0,-0.002894986119617915,-0.00019191093612880294,0.0005075472038269524,-0.002096189056312814
2024-01-02,-0.035786705177710765,-0.010011177439822161,0.020607186958437884,0.011640111484204851,0.015102594038010064,-0.013748642162017322,-0.02734152119221578,-0.005596449629076128,-0.005684795478871574,0.010402901819370536,0.023804805684226826
2024-01-03,-0.007487657244251711,-0.028731521672218707,0.006251322162379225,-0.0043584108387072495,0.0023404022357229604,-0.0007280400790299346,-0.01243551235915108,-0.008166481633713918,-0.0034379343179039568,6.27122895748844e-05,0.008401690606998358
2024-01-04,-0.012700070478242953,0.006331409364306095,-0.0021122024094617498,0.006636214755763037,-0.003335576203090218,-0.007177246371166346,0.00901837858455834,-0.00322120899854228,0.006318395213321226,-0.009667182211400283,-0.008719347143189338
2024-01-05,-0.004012989919256693,0.00989156743461117,0.003112766796364408,0.005017268997257407,-0.0015060842509501127,-0.0005166202046696933,0.022896861496384258,0.0013696686415112236,0.0003079079948633545,-0.006655645479080929,0.003029774213483716
2024-01-08,0.024174868187411658,0.011490790926790728,0.002482404593262988,-0.0014511132591797926,0.007373932680929007,0.018871629235345244,0.06428087070878652,0.014275917445046193,0.01097499911236488,0.009826953602436017,-0.016661684393785015
2024-01-09,-0.002263498766335803,0.00013685615302239107,0.00061916593261091,-0.00790620103730788,-0.0018299377821152651,0.002935692337915352,0.016975090368190893,-0.0015171280196250025,0.0030090634355206536,0.0066983104757623035,-0.012386194501851189
2024-01-10,0.0056715011899532985,0.0036266793327057734,0.001484693067186793,0.0021096179657884573,0.003333420828281808,0.01857400419266364,0.022770154358509265,0.005655465289015282,0.004670698678703955,0.012428516229317399,-0.009832422158397303
2024-01-11,-0.003222474390565666,-0.004397734958149879,-0.00444798276097591,-0.0042101656308158875,-0.006478527109147425,0.004859409310465024,0.00868428113474029,-0.000440541101633829,-0.0020033032228580216,-0.001115988334159268,-0.00020268340054852008
2024-01-12,0.001778045035160103,-0.005649341996192603,0.007694866587296012,-0.007340158538812536,0.009697396758670207,0.00998362821182397,-0.00204297326080638,0.0006927159818934658,0.0005303633300928201,0.0013036110214730279,0.012972519027789398
2024-01-16,-0.012317070377046213,-0.010950034158200728,-0.011515578593200182,-0.006270315622850742,-0.006623515476613218,0.004633623485717608,0.030561277411648824,-0.003671372612696011,0.004050425966893867,0.003161208614373523,-0.022611182769158855
2024-01-17,-0.005173500898637551,-0.029941190589303557,-0.0005607249139981674,-0.0053574873053320315,0.0,-0.0020498012257196274,-0.00583517165098324,-0.0055586292302357565,0.005240396153642468,-0.0046962601755990985,-0.007267853437972427
2024-01-18,0.03257072324684107,0.011735876350900343,0.004861933362372062,0.001975005844365718,0.002833736207592752,0.011297542750702716,0.018803458194080802,0.008892810925040795,0.005663624995247307,0.01347238958878183,-0.0018561437717764528
2024-01-19,0.015533032082287512,0.016678583685273862,0.00291556136232507,0.017262150041254865,-0.00548531853583778,0.012186629911495439,0.04174623757686691,0.012466149622298195,0.010292634194847272,-0.005268147264782308,0.0015495058734185108
2024-01-22,0.012163147679679076,0.011883024936728548,0.004886233250878114,-0.00117425063622556,-0.00434577347206766,-0.005418023155864704,0.0027399324633048394,0.0021142566612704083,0.0011075240810149989,6.151890538852456e-05,-0.0013407020644503609
2024-01-23,0.0066531625364090186,0.0005541693738158049,-0.016372281353492224,-0.006584139303023595,0.004700379790907316,0.006027520777026174,0.0036711914671638812,0.002916608953562161,0.00022130563213651477,0.0025247945333515265,0.011257837861209374
2024-01-24,-0.0034838310281863905,0.00640537819528153,-0.005318988962012439,0.008935433220726097,-0.015705782328075624,0.009175302910327199,0.024869317049262207,0.0010931979808126435,0.0014377097710955855,-0.014127771258406807,0.017260775030558007
2024-01-25,-0.001696593349407971,0.03471159125346457,0.003774645666463572,0.014310913436752726,0.004243628882630857,0.005738243039334678,0.004155659361234854,0.0054387768102091005,0.003533879567857001,0.014579402834259847,0.025401490448265562
2024-01-26,-0.009012773652580353,-0.004455174405772366,-0.000376065690801175,-0.003816394969447967,0.0035496988340200097,-0.0023218973275245247,-0.009510435678984352,-0.0012702054495150605,-0.017130578970951493,0.008781580486972196,0.008518663146497962
2024-01-29,-0.003586009534462864,0.012757700539961059,-0.0008777824469428097,0.0026120391453965386,0.006063634310681243,0.014334347758410138,0.023496288975401125,0.007919242789891978,0.021347958598630035,0.0046874576832194315,0.0012621934706054105
2024-01-30,-0.019245886600404716,0.0049792149841711986,-0.0037021745411731644,0.02049442192392581,0.0028462089308656235,-0.0027581238379682516,0.004946784397431125,-0.0007734281174205382,0.01275341113492523,0.0033324916872634613,0.016677842190880643
2024-01-31,-0.01935750450024243,-0.014601645336809188,0.0008186910345375775,-0.010835582706676061,-0.00684476325080785,-0.02694628651102715,-0.019864940031213973,-0.016317324590489846,-0.014035982598446961,-0.0020533645092751796,-0.019456348705939486
2024-02-01,0.01334072550697396,0.024574580295558146,-0.003398133272026427,-0.0036133966278777407,0.025046214887956886,0.015594307771315874,0.024379523009332438,0.013088179485211349,0.01386946831277025,0.018517452998862538,-0.004085137935188388
2024-02-02,-0.00540507462595341,0.02405041323617918,-0.011051109855195973,0.005756229698242743,-0.007215521977772421,0.01842600074829215,0.04970892508279201,0.010527424521186157,0.0004695205087748011,0.007486232696717554,-0.004101894741000978
2024-02-05,0.00984652271287989,0.0200257942970834,-0.005172099925569662,-0.00131628379822335,-0.008258880786500833,-0.013545052113259959,0.04794441343954148,-0.0036412592956026613,-0.00577262760521613,-0.005366525309331682,-0.004118870876901659
2024-02-06,0.00863179535686509,0.0041069278257575,0.014505769595023255,0.003438349680623398,-0.0016658048236340983,-0.00039458553487026204,-0.01599550673768868,0.002903381627711532,0.004281965136051724,0.006818350910768878,0.006893149690153644
2024-02-07,0.0005811475222075035,0.0026958229688218704,-0.0005059373696237879,0.0018845664477740165,0.0008344290274833188,0.02111033475672941,0.027498081783197126,0.00834030432383015,0.009502947549738572,-0.002532264388532157,-0.0002933183490729796
2024-02-08,-0.005754736057749565,-0.004913565721681223,-0.01000134465753022,-0.003591174452280854,-0.002667126273990128,0.0001450146299473154,-0.00653378419780648,0.0004416873871995186,-0.011080614834324432,-5.8907214345760295e-05,0.017119879705813634
2024-02-09,0.004093872932444675,-0.015031002758628786,0.0023017740525477226,0.0012013111568853763,-0.004512760414113748,0.015551352827886111,0.035783646414951686,0.005779462124994028,0.0023570626960442986,-0.0005313743751829136,-0.02116014641757724
2024-02-12,-0.009001708319449797,0.014093776632618349,0.006953610125057352,0.004456921570530126,0.0023504119745478835,-0.01257877035212851,0.0015941145861644301,-0.00043889273328623357,-0.004919866750942026,0.006025675830761523,0.01375674391118542
2024-02-13,-0.011274484775916527,-0.027329591996144043,-0.008742690003784803,-0.00870358945535743,-0.005862697773907355,-0.021528486586949724,-0.0016607626496288885,-0.013773113248840119,0.0026902766151872815,-0.0068115532755334,-0.008609075067187666
2024-02-14,-0.004809871042417813,0.012370542967618414,-0.004665438610671813,0.010157241323303978,-0.0010107160362685663,0.009665146974059846,0.024567384327554453,0.009087666865085442,0.00634476192512623,-0.0031927201206465305,-0.0049337207800133065
2024-02-15,-0.0015746612030427265,0.02008161715102741,0.013997776104466952,0.02181445086895306,0.0018552461165211032,-0.007155202851828468,-0.01680643588594266,0.006899667161367695,0.012321780496890478,0.004092452384337308,0.02865923480839183
2024-02-16,-0.00843049419071773,-0.0035905360494697947,-0.001148534836431736,-0.004669978166417121,-0.00016847195180214047,-0.006148980623435829,-0.0006193636123036361,-0.004980036517679198,-0.008612713033880004,0.0063205676182302994,0.0
2024-02-20,-0.004113883146748654,-0.025379623096156045,0.008367832291024335,0.003909967538349823,0.022057661230481918,-0.003143197512371132,-0.04353199635729954,-0.0055053820234012285,-0.012241665163308157,0.03228452362578005,-0.009447603525445714
2024-02-21,0.0041861376749079415,0.010836737605468771,0.005194372046859241,0.006509633997049846,0.008896160314668222,-0.001514377060845673,-0.028508994436265533,0.0009059460883917847,0.005851549271306045,-0.012282411699119145,0.020437828775850875
2024-02-22,0.011243916244514818,0.01560842616667868,0.011154609045429531,0.011995613520427106,-0.001469552444497979,0.023546549178939946,0.1640089673775451,0.02069548839377333,0.025256491970210737,0.009844571665677204,-0.0008582228535911618
2024-02-23,-0.010034040303679603,0.0055574057623561934,0.008663143438541354,0.005025363552450424,0.0008176493683957897,-0.0031822540285857404,0.0035523026274173475,0.0006896579493562704,-0.0005286845555959596,0.0008551063797039848,-0.00878199608481689
2024-02-26,-0.007451505305905326,0.004631302626614042,-0.006487927431300444,-0.0034239232895744154,-0.008006564801445903,-0.006823598535568798,0.0034890126646893727,-0.0036626408528259713,0.0019393165427783465,0.018455132366066218,0.003948368042414385
2024-02-27,0.008114528828938594,0.0069151225644223935,0.0011817024149112232,0.0004908750476995127,-0.00609443074295879,-0.0001472115077338909,-0.004943685241506568,0.0018576862818389106,-0.003448926384707396,-0.00016773938905567665,-0.0021103984096890738
2024-02-28,-0.006625413144226822,0.0058906101023394886,0.0035409229275593646,0.005069302410550591,0.0009942009138192986,0.0005889327286103807,-0.013189224171167413,-0.0013214549573816736,0.008687288101222546,0.000503499578151434,0.0027876824055310667
2024-02-29,-0.0036931675550719856,0.013351147999589807,-0.0010522907478731636,0.009111846979720895,-0.006291257283842722,0.014519827841614763,0.018657599920955725,0.003594843629673772,-0.010467801832251156,-0.01694058735026227,0.0019171136126401311
2024-03-01,-0.006030358305977868,0.008204429351701403,0.004585444225880142,-0.004138553334338768,-0.008163974292165976,0.004496632686736612,0.0400319042593984,0.009388331285634655,0.0018397071667641818,0.0025591913985958392,0.012629132020340661
2024-03-04,-0.025381159172015333,0.005791566517493907,-0.014063591288520638,0.007501756189973063,0.004703399697688404,-0.001395857150982116,0.035950845203374104,-0.001072337642729182,-0.00928808384586366,0.009189944067116373,-0.013983291443082302
2024-03-05,-0.028440876181215047,-0.015118822863724457,0.0008131937839563896,0.010017195963867298,-0.0048486983793351035,-0.0295720612571877,0.00857656957123254,-0.009994252388977554,-0.004099330170180493,0.012479007332884207,0.01226521801544056
2024-03-06,-0.005878368939469247,0.0062963797092543405,-0.003938200267818326,0.005197519826098951,0.0005040524021557857,-0.0013908146847017022,0.03182714097871542,0.005067191566396234,0.00375823443530221,0.008827381167675563,0.010696697219217954
2024-03-07,-0.0007094441921672301,0.013675728376183027,-0.0029497214010103523,-0.008758533495031195,-0.001847077366294414,0.01753342692999893,0.04474641655240119,0.009926576159195344,-0.007737922094136818,-0.003467084275794119,0.005619598570211215
2024-03-08,0.010236654758511099,-0.00302754400741867,0.0040914095872366385,0.0018630371125722966,0.001345764636363489,-0.007136959832562018,-0.05547717509355843,-0.006002269881385414,0.006396765442005847,-0.003976158477436709,0.009406753108148092
2024-03-11,0.01183145277804476,-0.012441359929223017,0.010719584308533037,0.0003717436545980224,0.012096775304946572,-0.004184852384652604,-0.02003903026810394,-0.0008599856386451998,0.0018568987562890271,0.008982054439939935,0.0059050260887858474
2024-03-12,0.002778681820323037,0.00677680826869409,0.009365518461434075,0.008232031472791945,0.00431605999292084,0.02659947963881315,0.07157161759399089,0.010757597390594897,0.01197605651644551,0.012364100137090661,-0.006420700774445343
2024-03-13,-0.012122535310760907,0.012691262741385767,-0.010077322328359117,0.008112213775829158,0.010247959386975758,-0.00043362764030363543,-0.01115187417956598,-0.0015675902540027709,0.0042969119826163915,-0.0021170411683141266,0.011170571599912416
2024-03-14,0.010927160071326991,0.0011712607500553585,-0.011731628364973434,-0.017817955828866694,-0.002226472367250154,0.024379712294648304,-0.032391485173757895,-0.001976761069401922,0.004454114359824235,-0.0008513969448297187,0.0177120479014079
2024-03-15,-0.0021964995871318616,0.014769291416036667,-0.006469836233005344,0.012395587691282017,-0.010247813652246807,-0.020695127259130697,-0.0012165550556991755,-0.006866707066123912,-0.011766446250808027,-0.005572026968838073,-0.0017942918647961825
2024-03-18,0.006372496457070609,0.014208929395876035,-0.008977048533101328,0.012401419849928041,0.004175052694378012,0.002161382586865601,0.007035622466519786,0.0059432174383393654,0.0071012447740534945,0.0029664936785043228,0.009256858939193258
2024-03-19,0.01358499029263327,0.0056832915956670504,-0.0035084006057188866,0.005865163589292788,0.0016629693747300944,0.009800639471076567,0.010660842089710965,0.005557027964436356,0.00806909221460339,0.0001641575717903354,0.007034675093600562
2024-03-20,0.01470925988491878,0.007205521151087746,-0.0028807391100484914,0.013107076405569407,0.008633543561557877,0.009064797217579246,0.010894962125127083,0.009249525581987772,0.006716255799732451,0.006242857723089301,-0.000884294469768232
2024-03-21,-0.04085755643065969,0.022752142221316607,-6.438486428905765e-05,0.013905098981334296,-0.004608940923443772,0.009735830725554173,0.011762422540809503,0.0033046110765408976,0.0037681409785599307,0.0032654301282626363,0.004425167622023274
2024-03-22,0.005310372799897767,-0.017692677628437625,-0.003338716505432826,-0.012257584334359972,0.00033071037058607367,-0.0014672781000426571,0.031213664014708264,-0.0018959333639740894,-0.02448616666914305,-0.009438734844769647,0.0
2024-03-25,-0.008300727348002246,-0.006031538495190003,-6.408031791393931e-05,-0.009154675917716792,-0.0014878728275005138,-0.013714598192540839,0.007561703740826875,-0.0027625933922889034,-0.007236979152113299,-0.004928403298551598,0.010221256966522319
2024-03-26,-0.006672242053202382,0.0012361564469822728,0.0035431030160795185,0.004670847862149774,0.002317857730366857,-0.0028615024305074233,-0.02569419472446599,-0.00184715255771295,-0.002169270902894649,-0.000990626932227734,-0.0075011967098752574
2024-03-27,0.02121250895527771,0.023176890523701976,0.014059352979840511,0.01936366221430852,0.008093809122160955,-0.0005217126432685015,-0.024967146101838367,0.00840386543014171,-0.005630817361762408,0.0034704712531594684,0.010370138113563465
2024-03-28,-0.01055912684184468,0.004881372845808585,0.0014560014841382696,0.0039092498225192784,0.0024578689841894263,-0.0016846615409373822,0.0011744617198645724,-0.0001911588063615577,0.0002151477833882698,-0.009057897368919154,0.01104631010508017
2024-04-01,-0.008455932445291858,-0.007341073096659212,-0.002591922156503945,-0.006789779218570824,-0.008172675910251836,0.00915088996796598,7.739360008218732e-05,-0.0017396919879379968,-0.0028666112637558694,-0.0028254028577553436,0.006452057364339403
2024-04-02,-0.006998462622399448,0.002996518101082035,-0.0003167710566595039,-0.0004022337553661881,-0.008734401274330228,-0.007372230266414981,-0.010081448980251206,-0.006358195852623538,0.0005749927777338737,-0.013999881453874652,0.019574475135476277
2024-04-03,0.004797259532973053,0.03004146113723638,-0.021999753934366484,-0.002815879747111727,-0.005319922883237793,-0.002348950487978785,-0.005455470203980517,0.0010984750074134464,-0.005315431662836545,0.00456383649655967,0.00016766706870030568
2024-04-04,-0.0048923632838192566,-0.01596638725950328,-0.011409209264312548,-0.0076085552333085005,-0.008858421733368593,-0.006112536793613232,-0.03438472731433728,-0.01220585056834178,-0.010687448775905994,0.0011777368947982758,0.003520555875649256
2024-04-05,0.004501861161225085,0.025717216573338142,-0.0007212383778243403,0.009200234332794155,0.0035412800438796577,0.01828266906205811,0.02448068728481978,0.010446733783052276,0.01145994631966385,0.00588234715836311,0.013782209599077833
2024-04-08,-0.006663590599375935,-0.015370454352236274,-0.005249845467095282,0.005216405693883708,-0.004032954184407078,-0.0021854368768371435,-0.009942460825921096,0.0005593141739412832,0.002236968090080893,-0.0011694722206856412,-0.006756243277270868
2024-04-09,0.00724242276191589,-0.004203638939276888,0.004617602757931882,-0.006700898680997325,0.007592426095198501,0.003980243155981222,-0.020417127775214206,0.0011566715338628963,-0.003744171139631547,0.00016731898238742104,0.005225973765480951
2024-04-10,-0.011139183936147212,0.00045701642690954003,-0.013723604310777904,-0.008521368459859069,-0.01339597656731173,-0.007084561043211535,0.019741601863578317,-0.010012985450947975,-0.00809471960458863,0.01388189125563799,0.008417219279172716
2024-04-11,0.04327083076706573,-0.00024170479398122335,-0.009387763596275134,-0.0002047269598330903,0.0022065472710957046,0.011033438019961928,0.04109619472686443,0.0075469239004943844,0.0043719790756568955,-0.008743030901082749,-0.0033550765612503364
2024-04-12,0.008626723949235915,-0.017070958397573333,-0.008535303717392972,-0.06467784242809604,-0.013039873084365716,-0.01409105023144508,-0.026816481245499957,-0.013803209202728373,0.0010155865513372664,0.0008322141100527425,-0.011659426408633378
2024-04-15,-0.021863430205781076,-0.004704314922446939,0.00047443376953126837,0.0005469281974155304,-0.002402242269648025,-0.01957809599122884,-0.024777129161175693,-0.012527984189282027,-0.016958947705027816,-0.003491951924224135,-0.005732439746334972
2024-04-16,-0.01916739104437115,-0.011074091988208745,-0.02127519696100444,-0.011427549378898783,-0.0013758554307659043,0.002272452233459621,0.016441702896750954,-0.0018237875199006437,0.0002579002843539069,-0.0015017764297359237,-0.008272021986987066
2024-04-17,-0.008147404121599089,-0.004334613069566173,0.002215433900229824,-0.003982322640115221,0.007750515220014131,-0.0066091005687950455,-0.03866604475573021,-0.005918424127068667,0.004938306345433574,-0.0031751563629617285,-0.0005055708286322291
2024-04-18,-0.005714308255418632,-0.0010885468752529492,0.0067003200819215625,0.006497214616988378,0.006836539251217744,-0.01838099849756225,0.00756811265006907,-0.0020575808316766198,-0.004840620691280106,-0.006538027708267169,-0.0009271871459960446
2024-04-19,-0.012212484535333856,-0.005523874172903009,0.014889421830423633,0.02510341924574888,0.021388482540366738,-0.012738936676245483,-0.10004599766184574,-0.008728397426554513,-0.005859166567441343,0.00455606932369057,0.011474956781892365
2024-04-22,0.0050908584143942726,0.008317754940291522,0.008180592723418645,0.019429558589031837,0.006315434710371326,0.004610270504733505,0.043543348974247165,0.009209260845719713,0.009452008551817492,0.010247094027737269,0.00567221670278073
2024-04-23,0.006391770090690585,0.015771441358751526,0.0029507819441141336,0.014413093063344373,0.0014863985128488189,0.016485260314372363,0.03653257248876418,0.011866573377592893,0.006536285176115042,-0.01745937057459579,0.003898513435002915
2024-04-24,0.01270216499905108,0.0007432221828822527,-0.0068867443723130695,0.0048922602701768625,0.015006580903784705,0.003655788419283379,-0.03331576520925417,-0.00047465236734567373,0.00331978822294432,0.013200109601653853,0.00016524274022811092
2024-04-25,0.005147311120353049,-0.07020246575841915,-0.011512963195170922,0.0015018359545007076,0.0030869188072328857,-0.024495098695270445,0.03708717108165982,-0.0037989601429470055,0.0005091248582724806,0.005679056668636662,0.00231308400434993
2024-04-26,-0.003472812825077276,0.0159171766759314,-0.0046315665282190555,0.0006208510198153494,0.0,0.018243926635195917,0.061755829061549194,0.009474016544795072,-0.0023260501941778644,-0.000830361180883421,-0.027775402857066922
2024-04-29,0.02480805974733502,0.018696547532537355,0.00465311775265409,-0.0010853400349257747,0.004859075796297185,-0.010016899141958913,0.00025052836571703985,0.0035414269005387133,-0.009762337841338398,0.001329707933547919,0.014242054772859891
2024-04-30,-0.018270983178707123,-0.04353906152919007,-0.015188619712450113,-0.007967863183441115,-0.004352034531382887,-0.03211936122875292,-0.015440299569418614,-0.015841226193612834,-0.011882021769490714,-0.01477424659641191,-0.011451081541759334
2024-05-01,-0.006047020011961779,-0.010461304269993255,0.04557694180673999,0.0006258787087753959,0.0025903319392637236,0.014409424865671427,-0.03889965422470609,-0.00324715015108501,-0.004802518941985245,-0.008424590975004254,-0.01893963515604835
2024-05-02,0.022031925363350302,0.01319967297983582,-0.008334356363354445,-0.0010424787160595583,0.0009688073085887261,0.007342931796178842,0.03342942913315161,0.009353324390745765,0.0010848523356081774,0.014613381961116056,0.0018098513590201204
2024-05-03,0.05981608220337975,0.0039051019405944576,-0.00433544371839556,-0.006000132635564759,0.0029036745243335993,0.022169663974992426,0.03463182760363437,0.012395333312771761,0.0032882622954621965,0.0018423400971574466,-0.0020645537828660743
2024-05-06,-0.009106670249148796,0.015887286952783075,-0.0046227312516264885,0.007821123655326279,0.002895267609534846,0.016918309039614998,0.037741115929833535,0.010326918770771076,0.015568689901935606,0.0008357095428250805,0.006465405541808744
2024-05-07,0.003797194367837209,0.00847707217115734,0.0009423173578035904,-0.0013021065364133833,0.0043303312235492,-0.010156270943324164,-0.017212930438347707,0.0011033020127420023,0.013899334892350623,0.01252726000610438,-0.004967853904278674
2024-05-08,0.0018641233069149887,-0.0014492785287565368,0.0015466822958680737,0.02033891239030927,0.0036730137354170633,0.0029316630073663585,-0.0015680346775439613,9.678479340591295e-05,0.0026408230305008384,-0.005278857231813094,-0.00017222640022851454
2024-05-09,0.010014323887866494,0.021132103475512753,0.0060421900750298185,0.009455764618607976,0.0004773777087008213,0.00433558792377009,-0.01841587467670147,0.005761804102417667,0.004870208037567769,0.00579117795188977,0.01971589487203751
2024-05-10,-0.006890362835828889,0.00855646694107337,0.0004003499612741379,0.006430416554345841,0.006043187309753284,0.005869300737420868,0.012744236619038007,0.001288108449585268,0.007898408973951332,0.0006618058794056747,-0.004052618228121085
2024-05-13,0.017645423207057087,0.0053269648649239,0.008738688802462757,-0.00020148892675575514,0.005058512039275209,-0.0024593746822551,0.005796700192064019,0.00013436764528185208,-0.004808734155158478,-0.001157474636308553,-0.00042382343043811943
2024-05-14,0.006173572910705749,0.0042053719115602295,0.0010580712979428863,0.01398896535301053,-0.007549642420219049,0.006864451642863756,0.01058638221236885,0.004588041610710247,-0.00590572853890714,-0.00910436664025338,0.006070273207919863
2024-05-15,0.012217930119769571,0.005193072442764235,0.008521548859823369,0.0029775095205248903,0.00047548639988970187,0.017484066799051234,0.03583795512086452,0.012383367289382496,0.013537763414187332,-0.0005011150280040955,0.007733412558779573
2024-05-16,0.0006323665736953643,-0.025885913454425702,0.010545483395438371,0.0017812179870029254,0.0030096604059988152,-0.0049400024807713105,-0.0028638535645286733,-0.002057875606962689,-0.004057307763046913,0.06986463305561919,-0.005987344713444975
2024-05-17,0.00015809307644731874,0.01582453359262348,0.002333442655749529,0.011458506315645822,-0.0045798845563740365,-0.0018528069871233122,-0.01992393283968552,0.0014376621237919274,0.0009293342804557181,0.009998323777570262,0.015016463201080299
2024-05-20,0.006162142514835711,0.018188474711582137,-0.013885208548692463,-0.0449728377974945,-0.007298177853683696,0.012208190218178316,0.024881269055048172,0.0011520539555727183,-0.005569611796299112,-0.007269908018327942,-0.00810753848746748
2024-05-21,0.006857214213925822,-0.010144645835669208,-0.0001982538712884674,0.020145231065027858,0.005433971883337829,0.008698874571943183,0.006393801158452561,0.0024524666807941298,-0.009298341448178982,0.015113798988271698,-0.006909967076564216
2024-05-22,-0.007538413406104505,-0.008716963919051968,0.014943212014281837,-0.006064736518834546,0.0014305732498907098,0.0034496871851577016,-0.004570927780799261,-0.002879278736429791,-0.0013411225099972945,0.0015349914708777668,-0.020110242010067392
2024-05-23,-0.021058053701177193,-0.014721560003056577,-0.024755748715157733,-0.007009215255709411,-0.01444436629801571,-0.0081761088250899,0.0931965430508428,-0.007304043730328114,-0.0048983824545044685,-0.006283736041634569,-0.01705931679766126
2024-05-24,0.016588033111333278,-0.005132692086387003,-0.018236566276101707,0.01924650298849584,-0.0014495973158760167,0.007400414287886958,0.025722664882689816,0.006616512787070317,0.00094789374958415,0.008328248968842988,-0.0007928908403845858
2024-05-28,5.290190010964757e-05,-0.006964653371443252,-0.017622623239688107,-0.006028620053633249,-0.002903140895521683,0.0003718999301671744,0.06980433632998428,0.0006985145909634838,-0.01278738199373286,-0.00520039766767888,0.012696248410912547
2024-05-29,0.0015787100963160494,-0.024129358780997867,0.00041576516169827826,-0.006967405221771306,-0.001941194074586372,-0.0026723476594718854,0.008112354723986082,-0.007002512305683828,-0.007823306352787496,-0.0018449379760747675,-0.010708764518187253
2024-05-30,0.00525520467385987,0.003371821773038297,0.005815498006453534,0.006158098315711014,0.004376148713483685,-0.03378625947251557,-0.03766607298568725,-0.006633697941680561,0.009075261149702918,-0.00046211694575659656,0.003168142341630764
2024-05-31,0.005018699838446716,-0.0021517917186337776,0.00956760950271307,0.016555645736917368,0.015491371060170511,0.001109461180258231,-0.007846008229798085,0.009108334135929042,0.004275731157336704,0.013407227975935854,0.028686821269834573
2024-06-03,0.009258677363141787,-0.021150994488726926,0.007295245884635593,-0.003997435354425094,0.0,-0.0038783627292483525,0.04895415083477905,0.0008152403229582106,-0.007634119893491942,0.0009124280620795844,-0.023963915967152527
2024-06-04,0.0016492759748274466,-0.011437586050603632,0.00040620026000759424,-0.013180162609947255,0.016049538129089047,0.006166604925158303,0.012495579754454589,0.0011177710514636008,0.0075450298311994235,0.011850633766069985,-0.015552744071568259
2024-06-05,0.007820924050424338,0.005739128800670068,-0.012381673645717517,-0.00954022277083666,-0.0003128901183612198,0.019083379721954286,0.05155591320531694,0.011885299916094771,0.007635012445435629,0.007357434105650373,0.0039940836424863235
2024-06-06,-0.007096645174420324,-0.0035208944728830627,0.003082779329579566,-0.0017741941235835945,0.003598312270665538,0.0012027208159084424,-0.01177723890660931,-1.8640244569434472e-05,0.009253361911485625,0.000894223932022653,0.00751410312264067
2024-06-07,0.01239223135900569,0.0019799610264532586,0.004507712546273579,0.015438564754151951,-0.003741185206966091,-0.0015782628915017582,-0.0009089787660513382,-0.0012159762300797405,0.005883649546924996,-0.018912970635264648,-0.010704393773917853
2024-06-10,-0.019147913136134287,0.00203677363674748,0.0003400557572856844,-0.0017003499610476203,-0.005007063863938455,0.009484546456725917,0.007461279675845978,0.003089888959316278,-0.013026168184814724,0.016393434886893266,0.0029266700184793493
2024-06-11,0.07264916735590798,-0.006977959188962823,-0.0025150303053852463,-0.026301355292085327,-0.0006291605585369009,0.011241631839780997,-0.007143905105536197,0.002408338954078104,-0.0013452218714917752,-0.003434804299030425,-0.008047389220334211
2024-06-12,0.028578461470792682,0.0043384237261967495,-0.009198665333555511,-0.014560553548965793,-0.010542720985716958,0.01936772558677813,0.03548083127378576,0.008212992649689665,-0.01583729291975866,-0.006294036650979384,-0.011054551159438653
2024-06-13,0.005491036262711857,-0.007209694709145564,0.00027499130656516435,0.011120817422610951,0.0017493556146519484,0.0011789275364721963,0.03522368112087437,0.0020136256376885875,0.0032183381088826124,0.0058814724884481695,-0.008023128867495566
2024-06-14,-0.008168262133821491,-0.014983335062347503,0.0006190044698228814,0.0006196736220478449,0.0007197717348874644,0.0022420629112744894,0.017514089383387832,0.0006081544931964,-0.001954169275272255,0.004797546832945532,-0.008451396842279801
2024-06-17,0.019671449341674085,0.0028928496689295535,0.0028170305012042984,0.006192568620633665,0.0011191910376933123,0.013105217075884967,-0.006824461625933864,0.00795906003639546,0.001884391839491295,0.005968300340783994,-0.00687385089542325
2024-06-18,-0.010984577209776414,0.008498915558520448,-0.002055467753355855,0.010360226282226437,0.00015983464367863576,-0.0045273850521353465,0.035120038087325556,0.00254083472097566,0.009034969346251698,0.002669887439343821,0.009413000401866656
2024-06-20,-0.021512881470362233,0.012271702261352102,0.014623924314400183,0.00847705157154377,-0.007185156409853399,-0.0014338817784718128,-0.03540354136870716,-0.002716558113670331,0.011694822462510412,0.006065178507885349,0.02157611649120139
2024-06-21,-0.01044432246633653,-0.003919470408685455,0.006563888798124529,-0.011929240735031765,0.009488468131525707,0.009154009252696715,-0.032191401002373055,-0.001340951385642164,-0.005779985177056912,-0.0014703267357192296,-0.008770348162144392
2024-06-24,0.0031326390622259392,0.006588459939705249,0.002487531670918308,0.013143069276851937,0.019117472066832564,-0.004691272091989385,-0.0668406300841552,-0.003250396044125581,0.00392405626154213,0.014578080633402601,0.029703971683154196
2024-06-25,0.004468216367088607,-0.007878805875146666,-0.0129427705125027,-0.004072809744323558,-0.002032169858549704,0.007326821987500676,0.06756411124912098,0.003850753763464221,-0.010025103125550494,-0.02148055707496055,0.0028058033081734823
2024-06-26,0.019993163987805485,-0.0020464502869808054,-0.0025136765509417014,-0.0032310997935934838,0.003289474100284906,0.002683375567960944,0.0024587155429511842,0.001248271084342223,0.000255872697499715,0.012904455956828986,0.0003497619090189197
2024-06-27,0.003985917823851937,0.002234342802439171,-0.006947244762259941,0.008813121971729121,-0.0021858346492613645,0.0015260025068670746,-0.019066591536761157,0.0015762324036823205,-0.025621377196443196,-0.006004122477952678,0.004282622462344454
2024-06-28,-0.016254113004354198,0.017223554696233156,0.0024690767274648806,0.015514315837367398,-0.004068155438713084,-0.013028673609415065,-0.0036291807258411746,-0.003935179996862104,-0.0154543919427369,-0.0025043200436745128,0.001914817460922924
2024-07-01,0.02910458280661765,-0.012068492942736153,0.001915834968811092,0.015771894920538765,-0.0058131705445980675,0.021881675846766813,0.006151803499086395,0.0020582538182398746,0.0029336739210756857,-0.003396643371156194,-0.0013898622784410675
2024-07-02,0.01623993862074924,-0.00401130609959055,-0.002800048215087836,0.016451811041600095,-0.0020542648246402173,0.005583130929425639,-0.013113447093134223,0.006729662300142714,0.018956078650425034,0.008743360732160754,-0.0067848582385733325
2024-07-03,0.005811003783563251,0.008695503022560613,-0.0023280552947139155,-0.0006703585384620903,0.0028503201511407283,0.0032442164244455007,0.04573251736761641,0.004462748330993138,0.002833136375990364,0.002497214882080767,0.005079701458458263
2024-07-05,0.02162029832149215,-0.006835731084655183,0.005422302427820602,-0.013250607469858733,0.006789844362025121,0.014736192606232379,-0.019098905354084428,0.005766370396420806,0.005093370003539377,0.026377592417700768,-0.012112246841560537
2024-07-08,0.006538952127515429,0.0021621017725903524,-0.006826879654815987,0.0018555969773801362,-0.012547068524933369,-0.002823199493501405,0.01883478521438353,0.001153984236467176,-0.01464711471951663,-0.005139806099322408,-0.010496660600955443
2024-07-09,0.0037748473401364446,-0.009116708722883726,0.010791768217040865,0.011990063122236716,-0.0042885111507703355,-0.014370171856078251,0.024805287718995706,0.0009722846551516451,-0.0036036614391129485,0.00315717054164133,-0.011053637897547652
2024-07-10,0.018803593792569684,0.007421885836346398,0.016185216139309677,0.000818772652748212,0.0022333189391590125,0.01460153908023476,0.026868457749827046,0.009895395166073184,-0.00919218940527633,0.007296179476741882,0.008833517709188055
2024-07-11,-0.023220887482428676,0.008067480145867778,0.001806903909760127,-0.001684410336253106,0.004297255740213002,-0.02477208510294293,-0.05566674328839538,-0.008622676907853233,-0.001711208628562777,-0.008663429452613558,0.011883545058274825
2024-07-12,0.013050975980972268,0.01346902198924127,0.0012024299311628184,-0.012099256486885035,0.009508745628625359,-0.0025292665011256155,0.014442662584551291,0.006307739308701876,0.012150157696096953,-0.008023164222660362,0.00017668241077695157
2024-07-15,0.01674333554866947,0.03033458921820742,-0.004270040144562226,0.02493415900493612,-0.0045526242366077385,0.0009040475949484428,-0.00619009015561256,0.002750064461609192,0.010197997615531751,0.005343882132191835,0.01712711060781813
2024-07-16,0.0017917607371695787,0.0428319096268861,0.011859977405238364,0.016995827344533643,0.013562556580691831,-0.009780541762451689,-0.01619420600143362,0.0059302261279106094,0.002980041649720322,0.005458951292269365,0.0072042561520841986
2024-07-17,-0.025295929737169875,-0.007709888151921973,0.03688502193263177,0.015213951307376794,0.01462579401564934,-0.01334771023757264,-0.06623935100110345,-0.014021346266925194,0.012813238417046735,0.014859207317201806,0.013788289502405293
2024-07-18,-0.020534783667068957,-0.0049466636529418295,-0.007408428109347609,-0.03177011759199477,-0.0003067250678460143,-0.007102194201376033,0.026273374993369236,-0.007684867266584905,-0.013017992419293356,-0.0029564500540048,0.009860667507001208
2024-07-19,0.0005798559710816775,-0.023593744197122568,-0.004697025587738657,-0.0009525706876734041,0.001534033951269942,-0.007402947354550826,-0.02609616891119948,-0.006640528727991368,-0.013709769137157046,-0.000988478686634764,-0.022979765560965038
2024-07-22,-0.0015602987539841129,0.004766042195550657,-0.0029088963075506458,0.0023835457729390885,-0.007964523349605401,0.013337775381832673,0.047570591982691646,0.010310082054099778,0.00847593922412071,-0.005229718855648824,-0.0068925730887756664
2024-07-23,0.004688417438001746,-0.010636199152146864,-0.012253572623698972,0.00023772730878102166,0.0029333713661365834,0.004312061160755887,-0.0076898471612411035,-0.0015687320587394193,-0.010907259420150472,0.0038363980529121378,-0.01613581624794047
2024-07-24,-0.028754382382846444,-0.023622150294220323,0.02579583690476661,-0.008272667683218327,0.013084991003365465,-0.035854790616936305,-0.06803166526791415,-0.022662421599522586,-0.0401073560769587,-0.0007078022936798378,0.014107969605226645
2024-07-25,-0.004804553934834699,0.02458032457034598,0.021499838328044252,0.00038356737015554643,0.003950826874236313,-0.024481415096228254,-0.017242891212805755,-0.005210539336304998,-0.0016918515397987832,-0.00821528731488086,0.02104164047128676
2024-07-26,0.0021610618797685,0.01794954398657156,0.006264101461428195,0.017108302291553468,0.014832919291209778,0.01641976832416181,0.006946786901768087,0.01119967061635374,0.022542769227463122,-0.0034275534046319667,-0.000851480808588434
2024-07-29,0.0012847460102189956,-0.016976796800986738,-0.012948254233597356,-0.006549121444883621,-0.0032811451214538323,0.0034332553526217335,-0.013001826205130906,0.0005879168006492907,0.008247858836310629,-0.002292894621855557,-0.010483326667333426
2024-07-30,0.0025657719728162665,-0.008155896530795625,0.017469629306118062,0.02058330512423301,0.012718790743425856,-0.008928406045442094,-0.07043644006539551,-0.00506655567459402,0.005733963968701294,-0.0061765531669528695,0.017829453284507135
2024-07-31,0.014990788632349483,0.013110165889036907,-0.021570613417697504,-0.011106510367485,-0.013889004056243826,-0.010805844697452716,0.1281210479716477,0.016254617127424487,0.00976841279218954,-0.00794899451352682,0.0035541967782093398
2024-08-01,-0.016750638512448512,-0.0424033482124303,0.018435132099570595,-0.022744335509508384,0.018280031672893937,-0.002964052527539396,-0.06674073974423766,-0.014160758032394472,0.0009784352406483343,0.01675401693077072,-0.013829052366036487
2024-08-02,0.006869336492537181,-0.03212473844326602,0.0210251600120428,-0.04241190141019502,0.020158746265237504,-0.020666103216592457,-0.017763923660632952,-0.018618599406991176,0.0024441631231602035,-0.01905716570612237,-0.0005986151807918505
2024-08-05,-0.048166884972566715,-0.012684043854189198,-0.017606777059535395,-0.02129160959567189,-0.01774103415174111,-0.03265673578943307,-0.06357781105976157,-0.029123637608569286,-0.0380372686399858,-0.012708078508376297,-0.018052718471539886
2024-08-06,-0.009748372004665606,0.030429095817908536,-0.014139562833320851,0.027911550525308915,-0.0007344487531683042,0.011286850290698203,0.03782976294756479,0.009219487047082087,0.007097135357532425,0.002219194914859557,-0.00531496036442114
2024-08-07,0.012498302002415196,-0.001960683608025926,-0.0004402874160492898,0.00029960141503937443,0.00602526870275355,-0.0029528811146544154,-0.05122303759364988,-0.006683865687295842,-0.006737430591832405,-0.01225283672124411,0.013314688820085907
2024-08-08,0.01663335086719253,0.03179874523963577,0.008306945783188802,0.01826338922340276,0.003943681375550456,0.010691900914814978,0.06126779427240936,0.023117299501307587,0.012903427624313846,0.011209440830098671,0.019104348402983584
2024-08-09,0.013735848261558825,0.0062471968660731125,0.0024965300772001875,0.00852701230898667,-0.0007271292645267824,0.00826945729867945,-0.0020958084704209012,0.004409574868284416,0.001735544305089487,0.004285843105518827,0.008143163437898782
2024-08-12,0.007130066415896863,-0.006592726972107887,-0.0046071995863956605,0.0018950090215343884,-0.007426018754045249,0.0019457791281500825,0.04076368623788951,0.0005255223572662171,0.0005006562930269798,0.011037761153142922,0.0012621325680657325
2024-08-13,0.017192963238450876,0.008243331498916762,-0.009319473013710389,0.008487275063653321,0.004254220817217824,0.017698742831506298,0.06530918783150597,0.016445377018018625,0.0009232403021994795,-0.008297116881985533,-0.009579760132873094
2024-08-14,0.0020338693367134564,-0.0035714087874955114,0.0005683316316011933,0.011061039993301325,0.0017527472780223263,0.006883678626597556,0.01670389390362481,0.0031550112069695935,0.0038827097165450297,0.007779257632580805,0.009248197939321079
2024-08-15,0.013530359342664555,0.02384556034926466,0.003848988324738789,0.006230940951492681,0.0010207254721812387,0.011823858702914247,0.040481081659700324,0.017140048186923273,0.02167411590692625,0.06583173978644274,0.006186523918748632
2024-08-16,0.005918521493608608,-0.006249336536840455,0.0018859001000812725,0.011439362554783283,0.007720150257926495,-0.006080326718074236,0.013999619829759391,0.002242106873271421,0.002173919342006281,0.006550385534519254,-0.004716687015268506
2024-08-19,-0.0007078936569488992,0.003406272590324333,0.0015057382905063754,0.006916833478062712,-0.0028907651224741038,0.007312383790385901,0.04350622742619348,0.009561318466884128,-0.0034034456316590633,0.003676045036009601,0.0030465791829834554
2024-08-20,0.0027446993376853968,-0.003916839605885514,0.0033199661933231983,-0.004316479016554298,0.005798525867554805,0.0077573379152242605,-0.021153793926186326,-0.0016260607383481451,0.00589198260103152,0.011123044394617976,-0.033325078334979774
2024-08-21,-0.0004855401145110738,-0.0009614434042677367,0.007929715221572486,0.0003728902350790264,0.002738578104177769,-0.0015534806546937396,0.009823278043713524,0.003436683597532575,0.0005967405484452737,0.009390776494112796,-0.00637103964902308
2024-08-22,-0.008259685489591995,-0.0017785397441751893,0.005698939414629622,0.009459479584145614,-0.003449796763537738,-0.020252786689546,-0.037042968675661925,-0.00784851342649362,-0.0009692259519673563,0.00451913770818857,0.00772950673389361
2024-08-23,0.010288173899457131,0.017671450050031456,0.010963943498273787,0.007755157193111817,0.00663509692333597,0.002983942184119126,0.045498621215537716,0.010625385922989672,-0.001866245842000347,0.0015876513680432858,0.013858509932809238
2024-08-26,0.0014986877841087765,0.007893053732055177,0.0029246055329683607,0.00393932472714309,0.015045079005408635,-0.007917718208844016,-0.022493688596801564,-0.0023839189947704176,0.002879290508781329,0.004359402040864824,0.02140655635715838
2024-08-27,0.00374151871784556,-0.00011401650299802668,-0.0025708335577563357,0.004608193633944602,0.009316804170317106,0.0008465507267070294,0.014550381013783475,0.0013730708321384455,0.009358380781201214,0.0013151611000994379,-0.009510897754873016
2024-08-28,-0.006753329405149833,-0.008316136110248729,0.005952924867008047,0.005041276712299592,0.0034966034011953973,-0.007829036271825851,-0.020966688049880555,-0.005805185814678704,-0.005651804353730694,-0.0006567168615795316,-0.009857293850772164
2024-08-29,0.014570202774651042,0.009879431161944341,0.0018910504619091828,0.004157585898581617,0.00418116866995577,0.0061372660828089565,-0.06384843628616976,8.941711011511977e-05,0.01905742624297191,0.004468935246381145,0.0138172140825783
2024-08-30,-0.0034379735751900453,0.012683388260820827,0.009924891133132885,0.01165577956254471,0.005829285420812846,0.009730832455291827,0.015137455040310499,0.00954607361380333,0.007472838568404416,0.010599333139023281,-0.0016081972769428354
2024-09-03,-0.027205212861720285,-0.0445380620367829,0.007838208840126537,-0.020017962362499087,0.007451263933723196,-0.01845907539064151,-0.09525015523048463,-0.020579029118164005,0.007851726993953312,-0.0007769160207168335,-0.020942913178088496
2024-09-04,-0.008618762157690196,-0.010257657733689807,0.001196249093656343,-0.004403039415091348,-0.006163626936495303,-0.0013188491673196134,-0.016574086804137522,-0.002046944250731486,0.007000845105663789,0.0009069728648301023,-0.012210893312306736
2024-09-05,0.0069277078032163875,-0.009472716327252662,-0.014160951304868497,-0.007750958485179038,-0.019156423818168622,-0.0012472667091779632,0.00941528609717035,-0.0024320677304666694,-0.0066668819952626635,-0.0036250053931587978,-0.007803067616075299
2024-09-06,-0.007014848752109892,-0.01259150132504605,-0.0036970521408017376,-0.02375583040968099,-0.0004215016441400099,-0.016381396086042277,-0.04085427824125076,-0.01683009220076248,0.002691953293606053,-0.004157921460207992,-0.004683110209060315
2024-09-09,0.0004074774514173374,0.014209402206579957,0.013565858215140336,0.020474475101488254,0.009980237255095448,0.010007395283486709,0.03539807685176166,0.011196137881657853,0.02233567742822329,0.009133562000191553,0.02104048450881124
2024-09-10,-0.0036214743687436046,0.0003593927405101116,0.004621571495925458,-0.0518889357911142,-0.004175462244787709,0.020901243933184155,0.015309491517248697,0.0043556871607624,-0.0009451127655937253,0.019007070081731747,-0.03643162943479794
2024-09-11,0.011585091506389311,0.002513628475545593,-0.015294470261869475,0.00812429834585604,-0.006568606118826481,0.021342329999076037,0.08149867152736467,0.010258964597014364,-0.004836446468853395,0.00038067010131870305,-0.009926054703023102
2024-09-12,0.0004941426797115955,0.013671570081129403,-0.0010920650726859993,-0.003040109527727708,0.0021101765493551916,0.009360904427861083,0.019161726121526446,0.008423236294745173,0.00496546518474017,0.010400892342025347,0.013762368711120354
2024-09-13,-0.001212077046253035,0.016873896256492493,0.005344994762481514,-0.011035811032486409,0.009400128509233996,0.008407368693739814,-0.00033588691623298583,0.005222783831508426,0.006938605509104079,0.011799968225204571,-0.0007191942989357436
2024-09-16,-0.027775213662930787,0.007674223553169268,0.00888103973450427,0.01732577496468579,0.009662316449230657,0.0017418424252022557,-0.01947938961858864,0.0014770382037720964,0.010892506082358588,-0.0004961598573213211,0.014035036692728209
2024-09-17,0.002172654542953234,0.01646742733057538,0.00047904442203594577,0.006687200026619822,-0.004160794473037632,0.008833015710511649,-0.010190078878690834,0.0004084005064655116,0.0037180276921691124,-0.024329866122338673,0.01304232939868033
2024-09-18,0.017989782608479832,0.00404313026030545,-0.005506516959655872,-0.00821985133191061,-0.00069632593683433,-0.009973708154255023,-0.019205755334046892,-0.0029658256503306557,-0.01056384556175527,0.005470817246464366,0.003503135345418684
2024-09-19,0.037065584565443066,0.05122185281569824,-0.008004919039679814,0.014214757881381601,-0.015749116690717102,0.018291138326827827,0.03969298318041159,0.01706449392421927,-0.011231305229524868,-0.012526850255204947,0.012393066265005581
2024-09-20,-0.0029274653180026977,-0.012027246229000865,-0.004004173769627806,0.0028980613492484153,0.014443242806173595,-0.0077959758173248295,-0.015864919534423594,-0.0017286028901163375,-0.0016477996979737952,0.013070288302681865,-0.006293049469933365
2024-09-23,-0.0075810224170778095,0.0063716237149447075,-0.0057262704286837884,0.0016582331407251072,0.001256387729111852,-0.004043347413963727,0.0022414745314949247,0.0024989046670664816,0.01355475911167936,0.016063650750580694,0.018131328485561093
2024-09-24,0.003973999401418737,0.03976611804478902,-0.0026957478535014623,0.0007094196399901609,-0.005576379629862571,-0.010011368476829485,0.03965241679093823,0.0028613778394273037,-0.05491434347135116,0.0042324020871706836,-0.002641329916327373
2024-09-25,-0.004398091960473027,-0.019900019678995684,-0.013392289655969614,-0.006616656251587472,0.0016821263534252395,0.00685041230948813,0.021841569047127862,-0.0022054647508881198,-0.011547872389866431,0.00904946293582265,-0.019478912103573776
2024-09-26,0.005080203045133569,0.03360198192251551,0.0049188716026506984,-0.00195066770674035,-0.000699624797720011,-0.001851286434267796,0.004291164149031301,0.003964471534010361,0.007639978156419147,-0.018181870114537646,-0.017164659795751325
2024-09-27,0.0011865694473873756,0.0003069886604614158,6.197074107072709e-05,0.0034322968178432944,0.005462196955843712,-0.007628140609789336,-0.0212834429241624,-0.0014502902539623719,0.012808752761527487,-0.001751819749433059,0.02677302853173069
2024-09-30,0.022872144170803965,0.00010229814911544288,0.004089418238050646,0.0017101649254323004,0.0009750368012715338,0.005326952758779369,0.0003295710867712298,0.004007306781378839,-0.000799384045040763,0.012158457457396077,0.012087742619787845
2024-10-01,-0.029141727049801558,0.003247214140108756,-0.0004319027695579569,-0.018116284356887613,-0.0020875685044449144,-0.022333188513406932,-0.03656140310253486,-0.008958495996637117,0.009638068616697248,0.006439631953573555,0.023118879265493275
2024-10-02,0.0025198112839541764,0.004230521743622484,-0.005062282910206606,0.0012073913052161878,-0.009761359417009285,-0.008462424446578964,0.015811973459422424,0.0004220737216988901,-0.0021614084831468316,-0.010335842156332209,0.013257690753843754
2024-10-03,-0.00489463160514958,-0.0075118939114066086,-0.004156911681140629,-0.009937652180102563,-0.006900567741926711,-0.0014142571900802592,0.03365593168348191,-0.0018282874847113106,-0.0005055512970477682,0.0,0.008722904781296448
2024-10-04,0.005007265930890625,0.015341930210293953,-0.0013085018567484674,0.035493671376414904,-0.00496320978949405,-0.001152336286982747,0.016849770051440727,0.00908742566416687,0.003864861411783327,0.00634085377252136,0.018355343548116076
2024-10-07,-0.022530850055161866,0.002921193779189979,-0.004741497018340479,-0.0013730603054191715,-0.0165310811252537,-0.015670904607620217,0.022414343946945525,-0.009040375451706217,-0.014895956150748013,-0.022732937274895115,0.004325827652665648
2024-10-08,0.01840412050143647,-0.025838025355850558,0.0010029918957892292,-0.0008533489488450341,0.0024633867994914294,0.012623998175881335,0.040479232336097404,0.009457441677007017,0.004273314119475291,0.0077117842969576245,-0.02656138253148388
2024-10-09,0.016698178595316415,0.02121337971270809,0.006011720727589154,0.012668995297098418,0.005637364266729339,0.0066310171280137276,-0.0018059932663959666,0.006926483704299491,0.0071647542625243865,0.008656361664036716,0.0004097308392223553
2024-10-10,-0.0021781903426124627,0.001135951384944045,-0.000871486865341109,-0.0027175909087139294,-0.004599727135807918,-0.0038806108650878413,0.016283577432997243,-0.0017500368840644986,0.001950141755408863,-0.009825846524237125,0.00860029402216722
2024-10-11,-0.006505274729390553,0.013563821963983314,0.005918597934067682,0.04439952406674208,0.004620982393919171,0.0011543506048659058,-7.414019480056488e-05,0.005988342474201325,0.0013334465525960404,0.0061550988334069245,0.0038166182875682964
2024-10-14,0.016480000789095506,-0.020073576816440286,0.0008673134506747004,-0.003643754629873208,0.011067888080722676,0.006773711539226346,0.02425811226428709,0.008178347010304066,0.010221569728982915,0.002372050900984579,0.0038023032461396156
2024-10-15,0.011024551080801137,-0.015128837968294562,0.015470167588523154,0.0041086675239383474,0.0,-0.0009545079869361928,-0.0468603477359969,-0.0077698155240459865,-0.004952106030348236,0.0169385232024013,-0.0300612249364407
2024-10-16,-0.008851949740342313,0.014510695640922222,0.0010968565341931136,0.005620714141512995,0.0032699952284065414,-0.006256707520906235,0.03130686349208345,0.004346629347838027,0.02946748770758001,-0.005266361642989437,0.002575909517736452
2024-10-17,0.0015964807647612655,0.0022102891367157262,0.001156632872433061,0.003487782057361777,-0.009494126544789983,0.00144178125940142,0.008915544538367515,8.568347817150546e-05,0.0099819685771243,-0.004063216790583524,-0.0025692912559364123
2024-10-18,0.012276552610949176,-0.0015970899375244985,0.003952079212320658,0.004232998346248573,0.007725401463756665,0.0034556644950056725,0.007814086069569237,0.003846548369420555,0.0007919854226980938,0.005192247184423016,-0.00282505244257103
2024-10-21,0.00629776722662112,-0.005019717197554785,-0.013868779501587492,-0.010515976332356902,-0.014054563261417408,0.001482621759488989,0.04137684114190954,-0.0016422800212634314,-0.01297219658422022,-0.006149177166054232,0.0005832722685452651
2024-10-22,-0.0026218516457513497,-0.005173071612041058,0.0038076162562239446,0.005022397830714231,0.0,0.02084633395421065,-0.0008350095735782936,-0.0005310730001248931,-0.007181663147067807,0.014973284187709046,0.005163200841263871
2024-10-23,-0.021622886098826455,-0.007027623795184956,0.014744463361389792,-0.003167875470841297,-0.020734361754350616,-0.006806951877347145,-0.028066017478545646,-0.00913757934822279,-0.003616534827632134,0.0152403403275998,-0.0035625906090231974
2024-10-24,-0.0008233534729275016,0.003447899436495483,-0.013203802996766045,0.007027450332397489,-0.010439462602577998,0.00030620780579226903,0.006090604017658929,0.0021628028303846136,-0.0019030933739442313,-0.002762186432785807,-0.0056539305559139
2024-10-25,0.0036432359739049236,-0.0028160957118235075,-0.017046335902980214,-0.011867750183489623,-0.005646478467401184,0.008052140507378569,0.00804784385484969,-0.00034540486784284674,-0.005260871563574354,-0.006382441184356935,-0.0008361821624158772
2024-10-28,0.008599237074554678,0.012021586544828544,0.004475439033276407,0.01434936036371992,-0.003735999738261664,-0.0036435207668470415,-0.007206396721738395,0.0030916456720186947,0.008731702129317398,0.002908797713539135,-0.004937623785547185
2024-10-29,0.001156940092700287,-0.007936159002772891,-0.009344228784235575,-0.011529928477651552,-0.01664895354229423,0.012564858998204365,0.005194919884734306,0.0016183794542701246,-0.00812821575725109,-0.01268898637304161,-0.013624992616391385
2024-10-30,-0.015277908901104698,-0.021341583815589593,0.0032483457164937946,0.006774260306429136,0.005491066488970908,0.0013426688839135448,-0.013522072664613694,-0.0030253159284875375,0.02937399487054204,-0.0037943210305405595,-0.005030598789417362
2024-10-31,-0.01820949244279313,-0.008015887952622092,-0.004669877250936705,-0.0110958056073166,-0.009253693246900174,-0.06052750987391875,-0.04722271577640458,-0.019603193652644957,-0.0010682910231478715,0.006880434302360072,0.0007712875466774349
2024-11-01,-0.013279682723741582,0.00911734916850837,0.0016889231207608546,0.004596432945287443,-0.004593313315653713,0.00989287578471898,0.019885495370373096,0.004220588805548209,0.003070474226812836,0.002928769588611324,-0.01567048329088727
2024-11-04,-0.0040375356191276746,-0.008192132442895295,-0.011802728469481938,-0.014174270185852045,0.0015381697340726141,-0.004654293770541829,0.004800710631136518,-0.002154001685066964,0.0038178626711637964,0.003163309047382601,0.03183998372202912
2024-11-05,0.006486217739428035,0.018193044442665673,0.0006949439258954193,0.0077805886651531875,0.003993333276672617,0.007344551710095182,0.02837188701344817,0.012091924203754711,0.004934205647241008,0.014918154968223574,0.0029507160106190256
2024-11-06,-0.0032669283786925796,0.08740899858628559,-0.0029678327057776066,0.11544525369125158,-0.025547018992017057,0.021192756763894538,0.04074032120943283,0.02486548513056608,0.04810931605565072,-0.002868034744647474,0.017148712717058423
2024-11-07,0.02137210678805812,-0.020797479187680157,-0.007284159159349657,-0.043228279359469934,-0.0006278706717354199,0.01249468330150183,0.022457526432102748,0.007732272756398428,-0.005204938545795956,0.0049136557498465905,0.0012396906464204882
2024-11-08,-0.0011881973656511224,-0.03635373278725207,-0.00803934907176218,0.0025381302848046516,0.004084101358177605,-0.006793103939828682,-0.008396310365899273,0.004331606609927707,0.00676898181449781,0.0116876219588391,-0.0003301526207040162
2024-11-11,-0.012028655940682698,0.008058670167692128,-0.0027659005259323965,0.00974771246345485,-0.008760939254593758,-0.010720899698523634,-0.016053442738621526,0.0009528857307679051,0.009906787356038338,-0.007308914251519472,-0.005284586917340683
2024-11-12,0.0,-0.008901989456073123,-0.01547985823758824,0.0011283185095547488,-0.002525149601459331,0.012009275689125909,0.020859013048837527,-0.00310644007127725,-0.0015466082816736337,0.009262563923784217,-0.0009960486781810385
2024-11-13,0.003969224708879171,-0.01511414078066109,0.003930865489741642,0.006678898714605808,-0.003164633863530164,0.005129693856757767,-0.013621835583439657,0.0004858730531422939,-0.0011941235059761413,0.006000829084110038,0.009306193364054582
2024-11-14,0.013770445194280612,0.0007490175887880923,-0.00894027194216207,0.0029441692356364513,-0.007142951708854817,0.003974574772019901,0.0033499125900795512,-0.006430206460433574,-0.003974566840822202,-0.012046727171782456,0.000664021669195991
2024-11-15,-0.014109245028521178,-0.008493321176070379,0.014025403081926457,0.014222560464666412,-0.012949582175380558,-0.02785263857679776,-0.032570250018275404,-0.012808535846547398,0.004509441884856802,-0.0026044973477010736,-0.010368287475539417
2024-11-18,0.013422343331317421,0.0010154447746306694,0.004999790803732029,-0.0011414718383583322,0.0019437340087009591,0.0018314336918336949,-0.012889164636947559,0.004097197010638043,0.00813848430136166,-0.002017783911211213,0.008381532114884349
2024-11-19,0.0011402382613747708,-0.005540246151012451,-0.011436334283703165,-0.007917332625098972,0.011800735367091475,0.00488256052854652,0.04894760831968448,0.003655686791583568,-0.0009930943118287017,0.029971327974019912,-0.013963958771684437
2024-11-20,0.0031539969306280113,-0.002170972634217838,0.0007190590132277741,-0.009502705093632047,0.006390953310047909,-0.005505230320588472,-0.0076185498163298115,0.0003387221816493202,-0.014301809881536509,0.006697477317550993,0.014246043238776762
2024-11-21,-0.0020960983788868015,0.021205826267352457,0.015609557659934659,0.016529552114632695,0.012224048565160794,-0.004316711024547559,0.005346774033037516,0.005368247246335223,0.008165627339289827,0.01387931757925398,0.013380839593353011
2024-11-22,0.0059075169290669916,0.020277708776590853,-0.002122186574719298,0.015484690991866223,0.0025093708334380516,0.010003131564683798,-0.03218125424669416,0.003099394453447868,6.453142022899705e-05,0.02319276339907428,-0.0011480217662613867
2024-11-25,0.013050866513805381,0.020528803163303078,0.003931125458969564,0.0070005242254798095,0.007196539588338879,0.004292561539649631,-0.04177536050106789,0.003392210018917652,0.010551003020433214,-0.010393728560096238,-0.014943805559528456
2024-11-26,0.009404410213577297,0.005374158446126431,-0.0001293309003622678,-0.0012784386783515345,0.002640607934654593,0.021968032060109,0.006616743999274588,0.005221484926557496,-0.004374361464626664,0.020223502320308784,-0.016670777092276268
2024-11-27,-0.0005530768936283792,-0.01012670532974902,0.005695000143033591,-0.0007202635558969384,-0.0018590568296390497,-0.011682432469482418,-0.011539547660000538,-0.0030301917856291327,0.009236198701641163,0.006242513342408884,-0.0026277962294602997
2024-11-29,0.010215818045905767,0.0059696592888875966,-0.002509581676360062,-0.00028013919400371456,0.002111158162659388,0.0011111810319111015,0.021501376780541204,0.006212362438985819,0.0012073958290121922,0.006747929055773261,0.002549693612998505
2024-12-02,0.009522665797730534,-0.008864512326340668,-0.0013546261776431479,-0.013895519554486757,-0.006710283978323628,0.017758360722276212,0.002748773327016174,0.0017922236288201443,0.004982925158174334,0.001513488513942729,-0.000932568938950884
2024-12-03,0.012771752088566624,-0.00807429459877751,-0.01576223942436472,-0.005807055808971562,-0.0020424726261398796,0.000510576075405389,0.011757802238167248,0.0004637390430815014,-0.01149533280482573,0.009391299750263649,-0.0015273906963371164
2024-12-04,0.001483607037725987,0.000625993214854903,-0.012404935257771865,-0.005800308353991812,-0.020623413994403927,0.014424756389864957,0.03479244724653863,0.006209613761900323,-0.009935723249505646,0.010052328666259935,-0.02880941922277458
2024-12-05,0.00012347709736793,-0.011338843578693858,-0.006313556133977993,0.00854560070047694,0.011412894323204359,0.011887893093393664,-0.0004823600579337839,-0.0016457394823613525,-0.0026460869859644687,0.008999544594832765,0.004375221658069917
2024-12-06,-0.0008229105266140957,0.0001267289106050562,-0.001404577275730512,0.007658640438267916,-0.006198319271602082,0.0021463356507571696,-0.018061255685293376,0.0018957972729021222,0.006244302948492875,0.00419716723943897,-0.010541837779006635
2024-12-09,0.016101137954386058,0.010708025026340495,0.0019424231281255366,-0.014351742297669001,0.0011194673909058483,0.005523270324049534,-0.02548474267001455,-0.005149672542314909,-0.008713495474015343,-0.019540115763884813,-0.00589936688034165
2024-12-10,0.004133717309796614,-0.02722543554303447,-0.002473382520388534,-0.0038964167860544574,0.004952088508712205,-0.006031015583394916,-0.026943076026775592,-0.00310899072195836,0.013233831592803558,0.007673359900989274,-0.0020372702665898412
2024-12-11,-0.00516604887036487,0.0012359079529846717,-0.017355648225278242,0.0027588011822299308,-0.0042918454935620964,0.012766978541415286,0.0313909878855001,0.007730428745278628,0.004513841069403668,0.0043362817568375345,-0.0066566828045322435
2024-12-12,0.005963710987473725,-0.02080400362756618,-0.002727810744562076,-0.008212557000822573,0.01915712341933462,0.001269462064590332,-0.014140973589445771,-0.0051524350916021255,0.0014020915515819965,-0.009161776269908328,-0.0008934386407700723
2024-12-13,0.000685632211919085,-0.0007090050682974081,0.0025983834093143976,-0.0065830065482634925,-0.011278215878074538,-0.005093871439144526,-0.02249887952900609,-0.00019861814543220557,0.0016229743634872396,0.00391993804537516,-0.008764015833611194
2024-12-16,0.011727720864164848,-0.00417849657999414,-0.01889231880388087,-0.00150034910449659,-0.009030537220685919,0.009658585189663116,-0.016759991476465563,0.004270055990104105,0.0036538892976656356,0.006578308262952914,-0.021382201177820748
2024-12-17,0.009719464700593372,-0.008234131431398617,0.01779639228530816,-0.0050922956741177305,0.013589269171646379,0.006355418486080566,-0.01219690084916969,-0.004120195940533811,0.0076291712779725795,0.005797315268295966,-0.004240726463942246
2024-12-18,-0.021421671159212674,-0.03169215031608552,-0.01133802978274534,-0.033520712381603035,-0.008675159953754119,-0.03756105883765459,-0.011350607295990245,-0.02980346115350485,-0.026767044781352167,-0.019597487330814012,-0.014720916726813305
2024-12-19,0.007014608986329218,-0.009673397048928223,-0.008083001475578389,0.011242832645312006,-0.006364223875090946,-0.0008231219684045055,0.013730424439337474,-0.00030704650479618234,0.016463280749077658,-0.0016034629111788545,-0.008551052959642202
2024-12-20,0.018815883872863592,0.01573392507375493,0.006198584379895067,0.019917651231931233,0.0016010873424880945,-0.0009838401221645698,0.030762309782726316,0.012011012432826318,0.008987565012830379,-0.012419763293592068,0.0034120555039851563
2024-12-23,0.0030649801250572928,-0.0017757706210140833,0.0055375680529627935,0.003324894835817771,-0.0027178283841149398,-0.00309199194103138,0.036896788871652264,0.005988208201289202,-0.0015424462679093365,-0.02049008225157245,0.004061538582685431
2024-12-24,0.011478016014876635,0.005966216800636026,0.003992556247353951,0.016443496515623712,0.007374199355324462,0.009373777275947237,0.003937958121885465,0.011114993282984376,0.01081283071080108,0.025788633651244952,0.0009406739686919074
2024-12-26,0.0031756925937183045,-0.001224255902892546,-0.0018513574313598902,0.003425334063170249,-0.004296563313003543,-0.0027769364700223065,-0.002068276895827892,6.659179477574995e-05,0.0008107834975146222,0.0011868109129198334,0.0008459164153515886
2024-12-27,-0.013242079409434782,-0.006156034953503142,-0.00364044572223321,-0.00810223881722305,-0.0019177601406233924,-0.017301629491105697,-0.02086760667728471,-0.01052648096742248,-0.007011288495682111,-0.012177893280965635,-9.394472783019747e-05
2024-12-30,-0.01326351280674165,-0.005070416134440703,-0.011789091837074772,-0.007670877452973901,-0.006725471767612179,-0.013239506990677441,0.0035034647616871695,-0.011411689511399481,-0.01051284067705216,-0.011891767577889567,-0.006761870425551653
2024-12-31,-0.007057860475719657,-0.0006887621779412267,0.008929911476270647,0.0016296329459628556,0.0037078072597211964,-0.007838345330439589,-0.02327437030592172,-0.0036380303829519622,0.002315179587425442,-0.0024291757921204304,0.017114316768915394
